msoa21cd,msoa21nm,msoa_name,lad_code,borough,pcon_code,constituency,households,hh_owned_outright,hh_owned_mortgage,hh_shared_ownership,hh_social_rented,hh_private_rented,hh_rent_free,residents,res_same_address_1yr,res_moved_student,res_moved_within_uk,res_moved_from_abroad,hh_occ_plus2,hh_occ_plus1,hh_occ_0,hh_occ_minus1,hh_occ_minus2,adults_18plus_2021,pct_owner_occupied,pct_private_rented,pct_social_rented,pct_moved_in_last_year,pct_overcrowded,pct_underoccupied_2plus,ptal_mean_access_index,ptal_median_access_index,ptal_band,dwellings_2025,dwellings_built_pre1919,dwellings_built_2000_2009,dwellings_built_2010_2025,dwellings_built_2019_2025,dwellings_flats,dwellings_houses,pct_flats,median_price_ye_mar2019,median_price_ye_mar2023,median_price_ye_mar2024,median_price_ye_mar2025,median_price_ye_mar2026,median_price_flat_ye_mar2026,median_price_newbuild_ye_mar2026,price_change_pct_2019_2026,pld_units_completed_2019_2026,pld_units_completed_fy2019_20_to_2024_25,pld_schemes_completed_2019_2026,pld_affordable_units_completed_2019_2026,pld_units_started_not_complete,pld_units_approved_not_started,pld_units_lapsed_since_2019,pld_units_refused_since_2019,pld_units_pending,pld_units_approved_since_2019,pld_units_pipeline,completed_per_1000_dwellings,pipeline_per_1000_dwellings,brownfield_sites,brownfield_hectares,brownfield_min_dwellings,brownfield_max_dwellings,brownfield_max_dwellings_no_permission
E02000001,City of London 001,City of London,E09000001,City of London,E14001172,Cities of London and Westminster,4914.0,1114.0,680.0,12.0,730.0,2373.0,5.0,8539.0,6237.0,190.0,1564.0,548.0,390.0,1158.0,3133.0,207.0,26.0,7926.0,36.51,48.29,14.86,26.96,4.74,7.94,86.6385345973,85.3055719134,6b,8060.0,1750.0,670.0,1460.0,630.0,7940.0,100.0,98.51,930000,825000,890000,787600,757500,757500.0,,-18.55,792.0,780.0,21.0,27.0,1892.0,69.0,8.0,0.0,38.0,1759.0,1961.0,98.3,243.3,2.0,0.22,104.0,104.0,0.0
E02000010,Barking and Dagenham 009,Dagenham North,E09000002,Barking and Dagenham,E14001073,Barking,3329.0,484.0,961.0,49.0,1119.0,712.0,4.0,9365.0,8675.0,14.0,626.0,50.0,399.0,1004.0,1380.0,445.0,98.0,6802.0,43.41,21.39,33.61,7.37,16.31,11.99,7.8289720266,7.61512971981,2,3430.0,0.0,280.0,0.0,0.0,470.0,2960.0,13.7,302000,370000,367000,366000,373000,244000.0,,23.51,6.0,6.0,3.0,0.0,0.0,6.0,1.0,6.0,2.0,8.0,6.0,1.7,1.7,0.0,0.0,0.0,0.0,0.0
E02006799,Barking and Dagenham 023,Becontree North,E09000002,Barking and Dagenham,E14001189,Dagenham and Rainham,3890.0,537.0,1101.0,75.0,1188.0,981.0,8.0,11853.0,10996.0,14.0,713.0,130.0,492.0,1081.0,1581.0,586.0,150.0,8417.0,42.11,25.22,30.54,7.23,18.92,12.65,8.14983175408,7.93619974394,2,4000.0,80.0,90.0,300.0,40.0,660.0,3330.0,16.5,319000,365250,378000,380000,400000,,,25.39,32.0,25.0,15.0,0.0,13.0,5.0,19.0,32.0,8.0,34.0,18.0,8.0,4.5,2.0,4.8100000000000005,3730.0,3761.0,3761.0
E02000017,Barking and Dagenham 016,Barking East,E09000002,Barking and Dagenham,E14001073,Barking,2767.0,579.0,707.0,12.0,296.0,1171.0,2.0,9009.0,8076.0,11.0,769.0,153.0,553.0,610.0,985.0,471.0,147.0,6879.0,46.48,42.32,10.7,10.36,22.33,19.99,24.000790311,25.5287237279,5,2830.0,1350.0,100.0,10.0,10.0,760.0,2070.0,26.86,332500,400000,445000,430000,457500,,,37.59,12.0,10.0,8.0,0.0,12.0,4.0,3.0,9.0,12.0,19.0,16.0,4.2,5.7,1.0,0.01,8.0,8.0,0.0
E02000016,Barking and Dagenham 015,Barking Central,E09000002,Barking and Dagenham,E14001073,Barking,3810.0,216.0,510.0,178.0,1313.0,1582.0,11.0,10348.0,8665.0,22.0,1441.0,220.0,202.0,637.0,2017.0,814.0,141.0,7295.0,19.06,41.52,34.46,16.26,25.07,5.3,25.528768604,30.3677016835,6a,4410.0,340.0,1030.0,1230.0,670.0,3840.0,570.0,87.07,227500,196000,245000,250000,225000,208750.0,,-1.1,501.0,481.0,12.0,200.0,1055.0,1.0,11.0,39.0,230.0,804.0,1056.0,113.6,239.5,19.0,30.88,6799.0,7017.0,4976.0
E02000014,Barking and Dagenham 013,Dagenham Central,E09000002,Barking and Dagenham,E14001189,Dagenham and Rainham,3388.0,502.0,905.0,18.0,1207.0,751.0,5.0,9754.0,9040.0,15.0,597.0,102.0,425.0,983.0,1426.0,439.0,115.0,7157.0,41.53,22.17,35.63,7.32,16.35,12.54,10.7395360368,11.5326121152,3,3610.0,0.0,70.0,20.0,10.0,360.0,3240.0,9.97,310000,378000,360000,375000,367000,195000.0,,18.39,15.0,13.0,7.0,0.0,2.0,2.0,6.0,20.0,1.0,18.0,4.0,4.2,1.1,2.0,0.85,178.0,178.0,178.0
E02000009,Barking and Dagenham 008,Becontree West,E09000002,Barking and Dagenham,E14001073,Barking,4254.0,472.0,1074.0,79.0,1470.0,1154.0,5.0,12703.0,11590.0,18.0,945.0,150.0,493.0,1119.0,1857.0,610.0,175.0,8979.0,36.34,27.13,34.56,8.76,18.45,11.59,8.13679481187,8.22130503145,2,4270.0,0.0,80.0,940.0,30.0,1420.0,2830.0,33.26,300000,377500,362500,361250,380000,218000.0,,26.67,33.0,24.0,5.0,30.0,1052.0,7.0,0.0,13.0,14.0,41.0,1059.0,7.7,248.0,0.0,0.0,0.0,0.0,0.0
E02000003,Barking and Dagenham 002,Chadwell Heath East,E09000002,Barking and Dagenham,E14001301,Ilford South,3930.0,942.0,1244.0,24.0,522.0,1197.0,1.0,11341.0,10285.0,16.0,914.0,126.0,887.0,1115.0,1353.0,436.0,139.0,8571.0,55.62,30.46,13.28,9.31,14.63,22.57,6.26167480464,5.88485577032,2,4110.0,590.0,160.0,40.0,40.0,1420.0,2690.0,34.55,323000,423500,415000,430000,430000,227500.0,,33.13,95.0,75.0,10.0,7.0,7.0,16.0,80.0,39.0,25.0,134.0,23.0,23.1,5.6,4.0,2.44,619.0,619.0,365.0
E02000002,Barking and Dagenham 001,Marks Gate,E09000002,Barking and Dagenham,E14001301,Ilford South,2870.0,507.0,729.0,10.0,1199.0,417.0,8.0,8166.0,7622.0,13.0,479.0,52.0,402.0,841.0,1159.0,401.0,68.0,5688.0,43.07,14.53,41.78,6.66,16.34,14.01,3.84667563374,4.3087350684,1b,3010.0,30.0,70.0,260.0,100.0,1230.0,1780.0,40.86,330000,400000,375000,392200,402500,220000.0,,21.97,9.0,8.0,8.0,0.0,303.0,7.0,2.0,47.0,15.0,234.0,310.0,3.0,103.0,1.0,3.3,125.0,350.0,350.0
E02000011,Barking and Dagenham 010,Dagenham Eastbrook,E09000002,Barking and Dagenham,E14001189,Dagenham and Rainham,2353.0,584.0,725.0,14.0,351.0,679.0,0.0,6936.0,6366.0,7.0,469.0,94.0,558.0,663.0,791.0,281.0,60.0,5217.0,55.63,28.86,14.92,8.22,14.49,23.71,6.40384587852,7.75429840846,2,2510.0,50.0,80.0,100.0,40.0,700.0,1800.0,27.89,321000,402500,400000,392500,413000,165000.0,,28.66,111.0,33.0,17.0,10.0,3.0,6.0,6.0,16.0,17.0,20.0,9.0,44.2,3.6,2.0,0.97,77.0,77.0,77.0
E02000007,Barking and Dagenham 006,Central Park & Frizlands Lane,E09000002,Barking and Dagenham,E14001189,Dagenham and Rainham,3676.0,474.0,979.0,60.0,1552.0,602.0,9.0,10019.0,9194.0,12.0,739.0,74.0,530.0,904.0,1655.0,483.0,103.0,7175.0,39.53,16.38,42.22,8.23,15.94,14.42,6.31133340004,5.90682528495,2,3840.0,10.0,80.0,380.0,220.0,1670.0,2180.0,43.49,330000,400000,360000,362000,385000,196125.0,,16.67,204.0,203.0,9.0,109.0,8.0,10.0,2.0,10.0,1.0,88.0,18.0,53.1,4.7,2.0,0.52,150.0,150.0,150.0
E02000004,Barking and Dagenham 003,Eastbrookend,E09000002,Barking and Dagenham,E14001189,Dagenham and Rainham,2309.0,649.0,894.0,16.0,373.0,376.0,1.0,6576.0,6000.0,7.0,530.0,39.0,681.0,725.0,710.0,152.0,40.0,5139.0,66.83,16.28,16.15,8.76,8.32,29.49,3.42301566583,2.87682841207,1b,2450.0,20.0,60.0,50.0,50.0,360.0,2060.0,14.69,359500,430000,425000,430100,445000,243500.0,,23.78,54.0,52.0,11.0,40.0,3.0,9.0,2.0,18.0,2.0,64.0,12.0,22.0,4.9,0.0,0.0,0.0,0.0,0.0
E02000019,Barking and Dagenham 018,Goresbrook & Scrattons Farm,E09000002,Barking and Dagenham,E14001073,Barking,3208.0,405.0,931.0,75.0,1142.0,652.0,3.0,9486.0,8620.0,10.0,775.0,81.0,405.0,980.0,1272.0,465.0,84.0,6765.0,41.65,20.32,35.6,9.13,17.11,12.62,4.4467160476,4.07491418576,1b,4290.0,0.0,200.0,1150.0,1110.0,1360.0,2920.0,31.7,300000,365000,350000,367500,405000,,,35.0,997.0,619.0,6.0,424.0,1.0,338.0,30.0,10.0,1.0,634.0,339.0,232.4,79.0,3.0,9.35,1307.0,1307.0,600.0
E02000013,Barking and Dagenham 012,Becontree South,E09000002,Barking and Dagenham,E14001073,Barking,3255.0,473.0,855.0,21.0,1206.0,689.0,11.0,9270.0,8528.0,17.0,663.0,62.0,443.0,927.0,1368.0,424.0,92.0,6691.0,40.8,21.17,37.05,8.0,15.85,13.61,7.6489097086,8.35870370179,2,3190.0,10.0,70.0,20.0,0.0,380.0,2820.0,11.91,305000,378000,371500,358500,388500,,,27.38,18.0,4.0,5.0,8.0,1.0,0.0,2.0,31.0,1.0,10.0,1.0,5.6,0.3,4.0,0.7,118.0,118.0,62.0
E02000005,Barking and Dagenham 004,Becontree Heath,E09000002,Barking and Dagenham,E14001189,Dagenham and Rainham,3628.0,582.0,1300.0,47.0,912.0,779.0,8.0,10920.0,9984.0,12.0,835.0,89.0,565.0,1098.0,1391.0,471.0,101.0,7684.0,51.87,21.47,25.14,8.57,15.77,15.57,6.66946251541,6.04335576305,2,3640.0,30.0,0.0,370.0,0.0,520.0,3120.0,14.29,312000,387500,385000,385000,410000,,,31.41,10.0,8.0,8.0,0.0,2.0,16.0,1.0,20.0,0.0,21.0,18.0,2.7,4.9,0.0,0.0,0.0,0.0,0.0
E02000020,Barking and Dagenham 019,Creekmouth & Barking Riverside,E09000002,Barking and Dagenham,E14001073,Barking,4676.0,530.0,1346.0,178.0,1460.0,1135.0,27.0,13826.0,12727.0,16.0,930.0,153.0,563.0,1209.0,2027.0,685.0,187.0,9865.0,40.12,24.27,31.22,7.95,18.65,12.04,6.2590885508,5.53078773488,2,5090.0,620.0,340.0,1650.0,450.0,2150.0,2930.0,42.24,308000,356000,350000,345000,361250,245000.0,475995.0,17.29,346.0,41.0,11.0,156.0,432.0,1298.0,0.0,22.0,21.0,1747.0,1730.0,68.0,339.9,7.0,4.38,668.0,668.0,650.0
E02000008,Barking and Dagenham 007,Becontree East,E09000002,Barking and Dagenham,E14001073,Barking,4625.0,683.0,1341.0,45.0,1642.0,903.0,11.0,13120.0,12172.0,13.0,866.0,69.0,537.0,1270.0,2057.0,631.0,129.0,9463.0,43.76,19.52,35.5,7.23,16.43,11.61,7.27329443928,7.55421096586,2,4720.0,10.0,200.0,10.0,10.0,780.0,3940.0,16.53,310000,368750,361000,362000,376500,233750.0,,21.45,41.0,40.0,8.0,0.0,43.0,5.0,1.0,14.0,2.0,49.0,48.0,8.7,10.2,3.0,1.09,90.0,90.0,84.0
E02000012,Barking and Dagenham 011,Longbridge & Barking Park,E09000002,Barking and Dagenham,E14001073,Barking,3288.0,861.0,1355.0,10.0,402.0,660.0,0.0,11393.0,10620.0,13.0,610.0,150.0,949.0,741.0,1032.0,392.0,173.0,8476.0,67.4,20.07,12.23,6.78,17.18,28.86,8.66828899181,8.58271538472,2,3380.0,20.0,240.0,70.0,0.0,810.0,2570.0,23.96,450000,527500,490000,526750,530000,245000.0,,17.78,13.0,13.0,7.0,0.0,1.0,9.0,2.0,16.0,2.0,17.0,10.0,3.8,3.0,1.0,1.1,108.0,108.0,108.0
E02000018,Barking and Dagenham 017,Mayesbrook Park & Rippleside,E09000002,Barking and Dagenham,E14001073,Barking,3232.0,420.0,859.0,19.0,1221.0,706.0,7.0,9420.0,8671.0,15.0,655.0,79.0,364.0,860.0,1418.0,492.0,100.0,6714.0,39.57,21.84,37.78,7.95,18.32,11.26,6.80798699326,6.74649226255,2,3470.0,0.0,390.0,130.0,90.0,810.0,2660.0,23.34,310000,356500,342000,365000,377000,230000.0,,21.61,7.0,5.0,6.0,0.0,106.0,2.0,5.0,23.0,27.0,119.0,108.0,2.0,31.1,1.0,0.12,5.0,5.0,5.0
E02000015,Barking and Dagenham 014,Old Dagenham Park & Village,E09000002,Barking and Dagenham,E14001189,Dagenham and Rainham,3032.0,375.0,561.0,67.0,1432.0,593.0,4.0,8108.0,7517.0,10.0,521.0,60.0,367.0,632.0,1471.0,467.0,96.0,5793.0,30.87,19.56,47.23,7.29,18.57,12.1,5.8083945239,5.06974445806,2,3320.0,30.0,280.0,220.0,40.0,1820.0,1490.0,54.82,270000,327500,322500,347500,320500,210000.0,,18.7,118.0,24.0,14.0,252.0,4.0,5.0,5.0,19.0,76.0,110.0,9.0,35.5,2.7,6.0,7.67,1235.0,1768.0,1768.0
E02000022,Barking and Dagenham 021,Gascoigne Estate & Roding Riverside,E09000002,Barking and Dagenham,E14001073,Barking,2797.0,111.0,372.0,202.0,1375.0,729.0,8.0,7542.0,6816.0,14.0,621.0,91.0,98.0,531.0,1436.0,607.0,124.0,5146.0,17.27,26.06,49.16,9.63,26.14,3.5,11.3215635958,8.54307530786,3,5700.0,80.0,610.0,3580.0,2800.0,5330.0,310.0,93.51,319000,374000,370000,340500,275250,273000.0,,-13.71,3458.0,3190.0,10.0,352.0,1402.0,30.0,675.0,11.0,281.0,2219.0,1432.0,606.7,251.2,14.0,39.46,6068.0,6326.0,2922.0
E02000023,Barking and Dagenham 022,Thames View,E09000002,Barking and Dagenham,E14001073,Barking,2663.0,194.0,603.0,48.0,1283.0,530.0,5.0,7921.0,7193.0,11.0,658.0,59.0,282.0,537.0,1274.0,462.0,108.0,5340.0,29.93,19.9,48.18,9.19,21.4,10.59,5.82272475725,5.73934442085,2,3090.0,0.0,140.0,990.0,560.0,1780.0,1300.0,57.61,310000,325495,335995,300000,330000,270000.0,,6.45,428.0,428.0,5.0,88.0,489.0,0.0,0.0,2.0,51.0,379.0,489.0,138.5,158.3,10.0,429.8,12768.0,30468.0,10372.0
E02000021,Barking and Dagenham 020,Rylands Estate & Dagenham Dock,E09000002,Barking and Dagenham,E14001189,Dagenham and Rainham,2930.0,550.0,837.0,29.0,610.0,896.0,8.0,8639.0,7893.0,16.0,628.0,102.0,525.0,779.0,1130.0,414.0,81.0,6114.0,47.34,30.58,20.82,8.64,16.89,17.92,3.81836247639,3.59082524629,1b,3440.0,20.0,100.0,410.0,410.0,940.0,2500.0,27.33,290000,413500,371000,360500,370000,200000.0,,27.59,606.0,605.0,10.0,250.0,2131.0,3.0,3499.0,20.0,520.0,6234.0,2134.0,176.2,620.3,4.0,77.24000000000001,6119.0,6621.0,0.0
E02000049,Barnet 026,Grahame Park,E09000003,Barnet,E14001279,Hendon,3802.0,278.0,743.0,144.0,1924.0,698.0,15.0,10344.0,9509.0,28.0,694.0,113.0,320.0,864.0,1881.0,590.0,146.0,7686.0,26.85,18.36,50.6,8.07,19.36,8.42,7.51123589682,6.47584219699,2,3870.0,0.0,360.0,1060.0,220.0,2520.0,1350.0,65.12,430000,400000,421500,418000,413000,370000.0,,-3.95,407.0,406.0,3.0,24.0,3354.0,1.0,7.0,2.0,0.0,1469.0,3355.0,105.2,866.9,6.0,64.873634,5589.0,5589.0,0.0
E02006953,Barnet 042,Colindale East,E09000003,Barnet,E14001279,Hendon,3857.0,321.0,777.0,153.0,594.0,2003.0,9.0,9039.0,6649.0,84.0,1769.0,537.0,203.0,922.0,2221.0,454.0,54.0,7377.0,28.47,51.93,15.4,26.44,13.17,5.26,9.73657393829,10.7358131877,2,5910.0,10.0,720.0,4340.0,2530.0,5610.0,270.0,94.92,484800,425000,460000,429000,419000,418000.0,538500.0,-13.57,5304.0,5304.0,7.0,710.0,907.0,0.0,28.0,146.0,0.0,2136.0,907.0,897.5,153.5,10.0,37.948679,2255.0,2255.0,0.0
E02006954,Barnet 043,Colindale West & South,E09000003,Barnet,E14001279,Hendon,3720.0,576.0,732.0,154.0,763.0,1491.0,4.0,9959.0,8735.0,36.0,987.0,201.0,524.0,835.0,1726.0,537.0,98.0,7793.0,35.16,40.08,20.51,12.29,17.07,14.09,9.817998973,9.9712105771,2,3900.0,220.0,130.0,2150.0,60.0,2830.0,1070.0,72.56,390000,486000,420000,420000,376500,367500.0,,-3.46,408.0,63.0,11.0,145.0,59.0,11.0,15.0,6.0,497.0,390.0,70.0,104.6,17.9,11.0,5.559795,527.0,527.0,0.0
E02000038,Barnet 015,Friern Barnet,E09000003,Barnet,E14001293,Hornsey and Friern Barnet,4005.0,1112.0,1263.0,13.0,402.0,1211.0,4.0,10619.0,9539.0,37.0,915.0,128.0,1126.0,1180.0,1359.0,289.0,50.0,8321.0,59.3,30.24,10.04,10.17,8.46,28.11,7.80515620838,8.30426483278,2,4220.0,1430.0,260.0,20.0,10.0,2060.0,2160.0,48.82,535000,660000,610000,552500,500000,379995.0,,-6.54,44.0,40.0,24.0,0.0,42.0,29.0,40.0,26.0,0.0,144.0,71.0,10.4,16.8,2.0,0.118065,54.0,54.0,0.0
E02000045,Barnet 022,Colney Hatch,E09000003,Barnet,E14001293,Hornsey and Friern Barnet,4202.0,905.0,1080.0,34.0,892.0,1281.0,10.0,10419.0,9422.0,32.0,858.0,107.0,804.0,1196.0,1734.0,414.0,54.0,8011.0,47.24,30.49,21.23,9.57,11.14,19.13,5.99053716671,5.9506807164,2,4250.0,810.0,120.0,90.0,40.0,2280.0,1960.0,53.65,452500,500000,525000,500000,487500,310000.0,,7.73,23.0,19.0,9.0,14.0,20.0,10.0,8.0,23.0,0.0,52.0,30.0,5.4,7.1,0.0,0.0,0.0,0.0,0.0
E02000052,Barnet 029,East Finchley,E09000003,Barnet,E14001238,Finchley and Golders Green,4192.0,1069.0,1057.0,14.0,676.0,1370.0,6.0,9719.0,8424.0,36.0,1120.0,139.0,1043.0,1255.0,1610.0,246.0,37.0,7752.0,50.72,32.68,16.13,13.32,6.75,24.88,10.0075785421,11.7561122968,3,4380.0,1990.0,120.0,150.0,100.0,2810.0,1560.0,64.16,576750,595000,615000,620000,545000,375000.0,,-5.5,32.0,24.0,13.0,8.0,94.0,39.0,5.0,31.0,5.0,129.0,133.0,7.3,30.4,6.0,0.693329,75.0,75.0,0.0
E02000064,Barnet 041,Childs Hill,E09000003,Barnet,E14001238,Finchley and Golders Green,2762.0,527.0,587.0,27.0,685.0,930.0,6.0,6554.0,5601.0,34.0,801.0,118.0,562.0,744.0,1167.0,254.0,35.0,5210.0,40.33,33.67,24.8,14.54,10.46,20.35,10.9377972825,11.6234556106,3,2970.0,640.0,60.0,490.0,270.0,2170.0,800.0,73.06,500000,577500,500000,570000,536500,432500.0,,7.3,184.0,179.0,17.0,21.0,15.0,22.0,15.0,52.0,5.0,47.0,37.0,62.0,12.5,4.0,3.498797,28.0,28.0,0.0
E02000029,Barnet 006,New Barnet Town & East Barnet,E09000003,Barnet,E14001169,Chipping Barnet,3706.0,930.0,1169.0,12.0,342.0,1251.0,2.0,9509.0,8557.0,28.0,800.0,124.0,957.0,1105.0,1355.0,252.0,37.0,7190.0,56.64,33.76,9.23,10.01,7.8,25.82,6.73726790797,6.29294190555,2,3900.0,840.0,180.0,300.0,120.0,1840.0,2060.0,47.18,379000,452500,487500,501000,493250,317750.0,,30.15,122.0,105.0,21.0,21.0,438.0,37.0,30.0,590.0,9.0,238.0,475.0,31.3,121.8,9.0,7.1514180000000005,129.0,129.0,0.0
E02000047,Barnet 024,Burnt Oak & Watling Park,E09000003,Barnet,E14001279,Hendon,4210.0,696.0,822.0,52.0,1307.0,1323.0,10.0,12228.0,10979.0,29.0,1068.0,152.0,513.0,982.0,1839.0,695.0,180.0,9229.0,36.06,31.43,31.05,10.21,20.78,12.19,12.663905078,12.8400873081,3,4500.0,30.0,420.0,380.0,240.0,2020.0,2470.0,44.89,377500,430000,422500,425000,420000,260000.0,,11.26,219.0,216.0,14.0,71.0,118.0,37.0,24.0,17.0,715.0,336.0,155.0,48.7,34.4,4.0,1.748102,220.0,220.0,0.0
E02000032,Barnet 009,Osidge,E09000003,Barnet,E14001169,Chipping Barnet,2744.0,1154.0,1095.0,11.0,95.0,389.0,0.0,7890.0,7377.0,26.0,423.0,64.0,1350.0,821.0,476.0,85.0,12.0,6190.0,81.96,14.18,3.46,6.5,3.53,49.2,6.65876167134,5.43077666495,2,2790.0,0.0,90.0,30.0,30.0,160.0,2620.0,5.73,640000,760000,734000,735000,780000,,,21.88,33.0,33.0,5.0,1.0,6.0,7.0,1.0,9.0,0.0,42.0,13.0,11.8,4.7,2.0,4.004,0.0,0.0,0.0
E02000033,Barnet 010,Brunswick Park Road,E09000003,Barnet,E14001169,Chipping Barnet,3494.0,1087.0,1103.0,66.0,467.0,771.0,0.0,8821.0,8123.0,16.0,628.0,54.0,984.0,1137.0,1109.0,227.0,37.0,6939.0,62.68,22.07,13.37,7.91,7.56,28.16,6.32081749197,5.07024200824,2,3510.0,550.0,320.0,140.0,30.0,1080.0,2410.0,30.77,455000,576500,545000,590000,588500,333267.0,,29.34,27.0,27.0,7.0,14.0,49.0,41.0,10.0,8.0,600.0,71.0,90.0,7.7,25.6,2.0,16.569999999999997,0.0,0.0,0.0
E02000050,Barnet 027,Fallow Corner,E09000003,Barnet,E14001238,Finchley and Golders Green,4034.0,938.0,977.0,46.0,1012.0,1047.0,14.0,10269.0,9150.0,37.0,931.0,151.0,1061.0,1063.0,1502.0,325.0,83.0,8091.0,47.47,25.95,25.09,10.9,10.11,26.3,4.90794129505,5.61595513468,1b,4090.0,1770.0,390.0,230.0,60.0,2130.0,1960.0,52.08,450000,615000,627500,579500,625000,329000.0,,38.89,53.0,32.0,16.0,10.0,25.0,129.0,143.0,15.0,3010.0,309.0,154.0,13.0,37.7,4.0,1.709337,143.0,143.0,0.0
E02000056,Barnet 033,Hampstead Garden Suburb,E09000003,Barnet,E14001238,Finchley and Golders Green,3441.0,1289.0,1055.0,13.0,208.0,876.0,0.0,9040.0,8032.0,30.0,834.0,144.0,1735.0,932.0,670.0,97.0,8.0,6955.0,68.12,25.46,6.04,11.15,3.05,50.42,5.21248432392,3.7010305917,2,3610.0,480.0,170.0,100.0,20.0,1390.0,2200.0,38.5,1205000,1580500,1720000,1700000,1685000,480000.0,,39.83,22.0,21.0,10.0,0.0,107.0,128.0,6.0,23.0,51.0,247.0,235.0,6.1,65.1,10.0,5.19017,203.0,203.0,0.0
E02000037,Barnet 014,Edgware Park,E09000003,Barnet,E14001169,Chipping Barnet,3717.0,1133.0,1203.0,110.0,511.0,757.0,3.0,10711.0,9842.0,35.0,735.0,99.0,1500.0,958.0,954.0,260.0,45.0,7902.0,62.85,20.37,13.75,8.11,8.21,40.36,2.64201629593,1.82322392997,1b,3970.0,10.0,150.0,1180.0,160.0,1400.0,2560.0,35.26,675000,595000,608500,685000,665000,321000.0,,-1.48,149.0,149.0,7.0,51.0,11.0,12.0,16.0,15.0,0.0,173.0,23.0,37.5,5.8,4.0,5.074999999999999,0.0,0.0,0.0
E02000036,Barnet 013,Edgware East,E09000003,Barnet,E14001169,Chipping Barnet,3946.0,1128.0,1248.0,40.0,499.0,1030.0,1.0,11120.0,10287.0,32.0,690.0,111.0,1179.0,1109.0,1252.0,320.0,84.0,8381.0,60.21,26.1,12.65,7.49,10.24,29.88,5.15907622682,5.06431084905,2,4070.0,20.0,220.0,50.0,20.0,1320.0,2740.0,32.43,549000,575000,539000,581250,600000,390000.0,,9.29,7.0,5.0,6.0,0.0,9.0,26.0,3.0,23.0,0.0,34.0,35.0,1.7,8.6,1.0,0.275,0.0,0.0,0.0
E02000041,Barnet 018,Edgware Central,E09000003,Barnet,E14001279,Hendon,3327.0,937.0,816.0,20.0,363.0,1190.0,1.0,9362.0,8514.0,29.0,706.0,113.0,1014.0,845.0,1016.0,372.0,78.0,7221.0,52.69,35.77,10.91,9.06,13.53,30.48,16.6242763764,15.9555646821,4,3550.0,220.0,130.0,270.0,50.0,1340.0,2200.0,37.75,540000,648500,552500,592500,640000,381375.0,,18.52,199.0,192.0,19.0,2.0,96.0,49.0,35.0,39.0,3.0,212.0,145.0,56.1,40.8,6.0,9.64109,18.0,18.0,0.0
E02000062,Barnet 039,Brent Cross & Staples Corner,E09000003,Barnet,E14001238,Finchley and Golders Green,2614.0,416.0,380.0,30.0,716.0,1065.0,7.0,6892.0,6173.0,21.0,613.0,85.0,407.0,621.0,1167.0,333.0,87.0,5304.0,30.45,40.74,27.39,10.43,16.07,15.57,14.1691338064,12.8404323919,3,2750.0,950.0,100.0,340.0,110.0,1450.0,1290.0,52.73,432812,517500,540000,562600,507500,363000.0,,17.26,198.0,194.0,16.0,141.0,1142.0,1058.0,258.0,42.0,1.0,2493.0,2200.0,72.0,800.0,7.0,40.997589000000005,262.0,262.0,0.0
E02000061,Barnet 038,Golders Green South,E09000003,Barnet,E14001238,Finchley and Golders Green,3573.0,908.0,680.0,14.0,130.0,1837.0,4.0,8266.0,6757.0,58.0,1213.0,238.0,1172.0,820.0,1390.0,161.0,30.0,6721.0,44.44,51.41,3.64,18.26,5.35,32.8,17.2827414845,17.3179225,4,3750.0,1940.0,60.0,500.0,140.0,2320.0,1410.0,61.87,827500,1020750,891000,1116000,1395000,542500.0,,68.58,140.0,123.0,48.0,0.0,32.0,178.0,49.0,141.0,21.0,299.0,210.0,37.3,56.0,2.0,1.58,0.0,0.0,0.0
E02000060,Barnet 037,Golders Green North,E09000003,Barnet,E14001238,Finchley and Golders Green,3696.0,911.0,754.0,17.0,311.0,1702.0,1.0,11356.0,10140.0,30.0,1021.0,165.0,1255.0,777.0,1317.0,285.0,60.0,7695.0,45.05,46.05,8.41,10.71,9.33,33.96,12.390778372,12.581768964,3,3840.0,1600.0,30.0,400.0,70.0,1900.0,1920.0,49.48,807500,990000,1055000,820000,1000000,496500.0,,23.84,116.0,86.0,48.0,0.0,50.0,41.0,103.0,28.0,18.0,280.0,91.0,30.2,23.7,7.0,1.555972,191.0,191.0,0.0
E02000063,Barnet 040,North Cricklewood,E09000003,Barnet,E14001238,Finchley and Golders Green,2834.0,700.0,557.0,23.0,223.0,1329.0,2.0,7518.0,6692.0,23.0,674.0,129.0,728.0,672.0,1110.0,260.0,64.0,5895.0,44.35,46.89,7.87,10.99,11.43,25.69,9.20689304491,8.89067559485,2,2980.0,310.0,340.0,140.0,0.0,1270.0,1700.0,42.62,497000,650000,499950,692500,695000,280000.0,,39.84,73.0,61.0,36.0,0.0,7.0,49.0,29.0,56.0,3.0,142.0,56.0,24.5,18.8,2.0,188.941691,14.0,14.0,0.0
E02000026,Barnet 003,Oak Hill,E09000003,Barnet,E14001169,Chipping Barnet,2511.0,961.0,835.0,21.0,145.0,549.0,0.0,6378.0,5798.0,13.0,528.0,39.0,979.0,793.0,632.0,93.0,14.0,5072.0,71.53,21.86,5.77,9.09,4.26,38.99,4.98471823785,4.14635855277,1b,2610.0,300.0,40.0,70.0,40.0,660.0,1950.0,25.29,555000,650000,625000,650000,695000,384000.0,,25.23,30.0,30.0,6.0,23.0,109.0,13.0,15.0,17.0,0.0,29.0,122.0,11.5,46.7,3.0,0.628879,12.0,12.0,0.0
E02000025,Barnet 002,Hadley Wood,E09000003,Barnet,E14001169,Chipping Barnet,3745.0,1061.0,1079.0,33.0,545.0,1025.0,2.0,8486.0,7597.0,33.0,790.0,66.0,1002.0,1127.0,1367.0,217.0,32.0,6773.0,57.14,27.37,14.55,10.48,6.65,26.76,5.21994793968,2.84643162987,2,3830.0,750.0,150.0,170.0,60.0,2060.0,1770.0,53.79,427500,465000,510000,425000,525000,379500.0,,22.81,61.0,47.0,14.0,11.0,438.0,23.0,26.0,36.0,2.0,496.0,461.0,15.9,120.4,2.0,0.254908,12.0,12.0,0.0
E02000044,Barnet 021,Mill Hill Broadway,E09000003,Barnet,E14001279,Hendon,3070.0,576.0,770.0,48.0,845.0,828.0,3.0,8753.0,8035.0,33.0,601.0,84.0,627.0,827.0,1127.0,377.0,111.0,6643.0,43.84,26.97,27.52,8.2,15.9,20.42,11.5250419696,11.808230682,3,3150.0,240.0,70.0,160.0,10.0,900.0,2230.0,28.57,414000,463500,532500,466105,455000,282000.0,,9.9,30.0,18.0,10.0,0.0,10.0,13.0,9.0,8.0,2.0,47.0,23.0,9.5,7.3,0.0,0.0,0.0,0.0,0.0
E02000051,Barnet 028,Finchley Central,E09000003,Barnet,E14001238,Finchley and Golders Green,3792.0,1234.0,851.0,8.0,204.0,1494.0,1.0,9081.0,7985.0,23.0,919.0,154.0,1242.0,1135.0,1129.0,249.0,38.0,7287.0,54.98,39.4,5.38,12.07,7.57,32.75,9.66857496965,8.10895291966,2,4120.0,1140.0,170.0,440.0,190.0,2740.0,1360.0,66.5,533750,600000,662500,560000,790000,480000.0,,48.01,106.0,100.0,24.0,46.0,15.0,60.0,31.0,46.0,14.0,168.0,75.0,25.7,18.2,6.0,1.413481,116.0,116.0,0.0
E02000046,Barnet 023,Church End,E09000003,Barnet,E14001238,Finchley and Golders Green,2879.0,685.0,643.0,16.0,109.0,1426.0,0.0,6875.0,5833.0,20.0,895.0,127.0,802.0,790.0,1052.0,204.0,31.0,5599.0,46.13,49.53,3.79,15.16,8.16,27.86,14.146907156,14.8221093962,3,3120.0,1640.0,50.0,180.0,170.0,1980.0,1130.0,63.46,565000,522500,632500,560000,730000,405000.0,,29.2,159.0,148.0,29.0,0.0,28.0,31.0,61.0,48.0,8.0,190.0,59.0,51.0,18.9,8.0,2.488001,99.0,99.0,0.0
E02000048,Barnet 025,Copthall & Downage,E09000003,Barnet,E14001279,Hendon,3950.0,1242.0,1286.0,10.0,209.0,1203.0,0.0,10154.0,9210.0,41.0,800.0,103.0,1407.0,1221.0,1088.0,197.0,38.0,7828.0,64.0,30.46,5.29,9.3,5.95,35.62,4.19159469865,3.08539193502,1b,4130.0,450.0,630.0,260.0,30.0,1740.0,2380.0,42.13,537000,735000,630000,678750,671250,422500.0,,25.0,56.0,49.0,16.0,0.0,14.0,10.0,17.0,18.0,0.0,54.0,24.0,13.6,5.8,2.0,0.508,3.0,5.0,0.0
E02000040,Barnet 017,Mill Hill East,E09000003,Barnet,E14001279,Hendon,3510.0,936.0,1221.0,70.0,622.0,659.0,2.0,9019.0,7779.0,36.0,1032.0,172.0,992.0,1145.0,1144.0,201.0,27.0,6927.0,61.45,18.77,17.72,13.75,6.5,28.26,2.77846013942,2.44287151582,1b,5070.0,330.0,290.0,2610.0,1760.0,2890.0,2180.0,57.0,584750,579498,557000,576250,575000,435000.0,435000.0,-1.67,1463.0,1332.0,20.0,312.0,616.0,14.0,23.0,16.0,1.0,562.0,630.0,288.6,124.3,13.0,63.970814,1410.0,1410.0,0.0
E02000055,Barnet 032,Hendon Central,E09000003,Barnet,E14001279,Hendon,4503.0,915.0,794.0,14.0,544.0,2234.0,2.0,11587.0,9491.0,94.0,1592.0,410.0,1118.0,1049.0,1764.0,485.0,89.0,9249.0,37.95,49.61,12.08,18.09,12.75,24.83,12.799579244,12.2397228727,3,4790.0,1270.0,100.0,400.0,220.0,3250.0,1520.0,67.85,545000,663750,600000,449950,639500,380000.0,,17.34,170.0,141.0,47.0,5.0,200.0,70.0,102.0,118.0,423.0,488.0,270.0,35.5,56.4,6.0,0.418632,31.0,31.0,0.0
E02000034,Barnet 011,Whetstone East,E09000003,Barnet,E14001169,Chipping Barnet,3588.0,1044.0,1094.0,59.0,338.0,1052.0,1.0,8983.0,8141.0,39.0,694.0,109.0,1086.0,961.0,1229.0,267.0,45.0,7070.0,59.59,29.32,9.42,9.37,8.7,30.27,5.03541661776,4.88440260207,2,3750.0,460.0,140.0,210.0,50.0,1930.0,1810.0,51.47,395000,504000,500000,481000,585000,343761.0,,48.1,32.0,30.0,16.0,18.0,12.0,26.0,23.0,36.0,5.0,76.0,38.0,8.5,10.1,3.0,0.6859280000000001,9.0,9.0,0.0
E02000058,Barnet 035,Temple Fortune,E09000003,Barnet,E14001238,Finchley and Golders Green,4097.0,1349.0,953.0,10.0,239.0,1543.0,3.0,10111.0,8944.0,27.0,1019.0,121.0,1607.0,1083.0,1193.0,181.0,33.0,7739.0,56.19,37.66,5.83,11.54,5.22,39.22,7.46257021052,6.85565744671,2,4220.0,2570.0,40.0,60.0,50.0,1720.0,2500.0,40.76,969000,1007500,975000,1017500,942500,275000.0,,-2.73,47.0,40.0,27.0,0.0,25.0,77.0,44.0,18.0,5.0,157.0,102.0,11.1,24.2,3.0,0.46710799999999997,9.0,9.0,0.0
E02000039,Barnet 016,Mill Hill Park,E09000003,Barnet,E14001279,Hendon,2671.0,850.0,950.0,4.0,114.0,753.0,0.0,7057.0,6297.0,28.0,642.0,90.0,1194.0,710.0,575.0,157.0,37.0,5477.0,67.39,28.19,4.27,10.77,7.26,44.7,7.30037121962,4.82627671885,2,2760.0,580.0,80.0,200.0,40.0,1070.0,1690.0,38.77,825000,1265000,950000,950000,975000,446250.0,,18.18,43.0,35.0,35.0,0.0,24.0,62.0,19.0,25.0,7.0,114.0,86.0,15.6,31.2,1.0,0.27,0.0,0.0,0.0
E02000028,Barnet 005,New Barnet West,E09000003,Barnet,E14001169,Chipping Barnet,2694.0,871.0,852.0,9.0,146.0,811.0,5.0,6465.0,5760.0,23.0,612.0,70.0,947.0,804.0,763.0,153.0,25.0,5152.0,63.96,30.1,5.42,10.9,6.61,35.15,10.0235867722,9.79141761264,3,2940.0,260.0,160.0,210.0,130.0,1480.0,1450.0,50.34,473000,602500,585500,626500,455000,340000.0,,-3.81,56.0,55.0,9.0,1.0,96.0,98.0,9.0,20.0,0.0,255.0,194.0,19.0,66.0,4.0,0.85,0.0,0.0,0.0
E02000031,Barnet 008,Oakleigh Park,E09000003,Barnet,E14001169,Chipping Barnet,3327.0,1078.0,1127.0,104.0,200.0,817.0,1.0,8240.0,7362.0,26.0,757.0,95.0,1330.0,1013.0,839.0,130.0,15.0,6644.0,66.28,24.56,6.01,10.66,4.36,39.98,9.53470687478,8.52830659149,2,3980.0,480.0,40.0,1020.0,520.0,1860.0,2110.0,46.73,635000,545000,566250,648000,770000,410000.0,,21.26,525.0,525.0,23.0,59.0,374.0,32.0,66.0,29.0,14.0,564.0,406.0,131.9,102.0,11.0,10.728779,653.0,653.0,0.0
E02000024,Barnet 001,High Barnet & Hadley,E09000003,Barnet,E14001169,Chipping Barnet,4475.0,1640.0,1383.0,37.0,337.0,1077.0,1.0,10734.0,9710.0,52.0,855.0,117.0,1703.0,1322.0,1247.0,180.0,26.0,8679.0,67.55,24.07,7.53,9.54,4.6,38.06,6.27125684821,2.91418051132,2,4710.0,1970.0,160.0,400.0,150.0,1690.0,3010.0,35.88,610000,650000,633500,606500,685250,357500.0,,12.34,293.0,279.0,34.0,8.0,281.0,449.0,106.0,102.0,354.0,770.0,730.0,62.2,155.0,16.0,15.375432,684.0,684.0,0.0
E02000030,Barnet 007,Totteridge & Barnet Gate,E09000003,Barnet,E14001169,Chipping Barnet,3519.0,1417.0,1218.0,9.0,395.0,480.0,0.0,9387.0,8620.0,25.0,671.0,71.0,1758.0,962.0,650.0,127.0,22.0,7444.0,74.88,13.64,11.22,8.17,4.23,49.96,1.65232561603,1.87619941956,1a,3700.0,290.0,90.0,280.0,70.0,440.0,3090.0,11.89,605000,1042000,875000,1000000,860000,450000.0,,42.15,137.0,16.0,30.0,8.0,6.0,23.0,5.0,30.0,11.0,41.0,29.0,37.0,7.8,13.0,11.61,0.0,0.0,0.0
E02000057,Barnet 034,Hendon Park,E09000003,Barnet,E14001279,Hendon,2705.0,624.0,611.0,5.0,212.0,1252.0,1.0,7884.0,6838.0,29.0,858.0,159.0,807.0,707.0,927.0,212.0,52.0,5741.0,45.66,46.28,7.84,13.27,9.76,29.83,13.1098810651,11.4111707668,3,2950.0,390.0,100.0,230.0,150.0,1510.0,1430.0,51.19,687500,752000,795500,817500,747500,411000.0,,8.73,285.0,272.0,34.0,1.0,28.0,140.0,51.0,67.0,17.0,307.0,168.0,96.6,56.9,3.0,0.6388609999999999,17.0,17.0,0.0
E02000054,Barnet 031,North Hendon & Sunny Hill,E09000003,Barnet,E14001279,Hendon,2971.0,664.0,711.0,24.0,185.0,1387.0,0.0,7542.0,6445.0,38.0,895.0,164.0,771.0,713.0,1145.0,298.0,44.0,6079.0,46.28,46.68,6.23,14.55,11.51,25.95,7.03358877552,5.88620288435,2,3030.0,490.0,220.0,50.0,20.0,1710.0,1310.0,56.44,445000,645000,635000,478750,426000,355000.0,,-4.27,42.0,36.0,27.0,0.0,6.0,56.0,39.0,123.0,10.0,135.0,62.0,13.9,20.5,1.0,2.66,0.0,0.0,0.0
E02000035,Barnet 012,Woodside Park,E09000003,Barnet,E14001169,Chipping Barnet,3530.0,971.0,810.0,20.0,357.0,1370.0,2.0,8449.0,7240.0,40.0,961.0,208.0,927.0,1032.0,1305.0,225.0,42.0,6963.0,50.45,38.81,10.11,14.31,7.56,26.26,8.04124344419,8.41121185205,2,3950.0,670.0,70.0,490.0,310.0,2430.0,1510.0,61.52,500000,670000,500000,475000,527500,420000.0,,5.5,263.0,263.0,17.0,106.0,49.0,53.0,35.0,39.0,14.0,222.0,102.0,66.6,25.8,11.0,2.840612,64.0,64.0,0.0
E02000043,Barnet 020,West Finchley,E09000003,Barnet,E14001238,Finchley and Golders Green,2666.0,985.0,882.0,9.0,59.0,730.0,1.0,7495.0,6703.0,24.0,597.0,171.0,1329.0,731.0,499.0,83.0,25.0,5717.0,70.03,27.38,2.21,10.57,4.05,49.85,7.22905301938,7.67026429374,2,2770.0,500.0,20.0,30.0,0.0,640.0,2140.0,23.1,780000,898725,862500,927500,880000,403000.0,,12.82,9.0,7.0,5.0,0.0,10.0,13.0,7.0,36.0,0.0,33.0,23.0,3.2,8.3,0.0,0.0,0.0,0.0,0.0
E02000059,Barnet 036,West Hendon,E09000003,Barnet,E14001279,Hendon,4434.0,875.0,1050.0,39.0,720.0,1746.0,4.0,11477.0,10019.0,40.0,1270.0,148.0,667.0,1148.0,1971.0,495.0,155.0,9407.0,43.41,39.38,16.24,12.7,14.66,15.04,6.00249014855,7.10491516981,2,5290.0,1100.0,250.0,1790.0,1060.0,3480.0,1800.0,65.78,464500,453000,450000,442250,450938,430000.0,554400.0,-2.92,1327.0,1010.0,32.0,306.0,1943.0,972.0,492.0,94.0,17.0,3355.0,2915.0,250.9,551.0,18.0,29.992941000000002,4923.0,4923.0,0.0
E02000042,Barnet 019,North Finchley,E09000003,Barnet,E14001238,Finchley and Golders Green,4717.0,1186.0,1042.0,14.0,321.0,2149.0,5.0,11391.0,9854.0,42.0,1296.0,199.0,1005.0,1230.0,1981.0,409.0,92.0,9197.0,47.23,45.56,6.81,13.49,10.62,21.31,13.9134925195,14.3329193761,3,4860.0,2140.0,340.0,220.0,130.0,3150.0,1680.0,64.81,440000,468000,422750,475000,478250,390000.0,,8.69,216.0,205.0,29.0,0.0,183.0,176.0,49.0,314.0,2.0,553.0,359.0,44.4,73.9,15.0,5.42118,55.0,55.0,0.0
E02000027,Barnet 004,Ducks Island & Underhill,E09000003,Barnet,E14001169,Chipping Barnet,3685.0,908.0,1062.0,74.0,1067.0,570.0,4.0,9550.0,8808.0,29.0,648.0,65.0,969.0,1114.0,1310.0,251.0,46.0,7460.0,53.46,15.47,28.96,7.77,8.06,26.3,5.80755421535,3.95522641148,2,3940.0,230.0,90.0,470.0,200.0,1290.0,2650.0,32.74,545000,492500,595000,543750,607000,360000.0,,11.38,135.0,124.0,8.0,99.0,4.0,14.0,230.0,7.0,1.0,250.0,18.0,34.3,4.6,3.0,7.257175,256.0,256.0,0.0
E02000081,Bexley 017,Barnehurst South,E09000004,Bexley,E14001089,Bexleyheath and Crayford,3279.0,1218.0,1166.0,21.0,465.0,409.0,0.0,8208.0,7580.0,17.0,576.0,35.0,1166.0,1104.0,864.0,119.0,26.0,6418.0,72.71,12.47,14.18,7.65,4.42,35.56,7.31655250278,6.27913257905,2,3380.0,210.0,30.0,160.0,20.0,810.0,2560.0,23.96,370000,460000,419250,450000,428000,267500.0,,15.68,33.0,26.0,14.0,19.0,3.0,10.0,5.0,17.0,3.0,27.0,13.0,9.8,3.8,2.0,0.18,5.0,5.0,0.0
E02000078,Bexley 014,Barnehurst North,E09000004,Bexley,E14001089,Bexleyheath and Crayford,3022.0,1198.0,1328.0,21.0,162.0,312.0,1.0,7852.0,7291.0,12.0,515.0,34.0,1187.0,1103.0,626.0,85.0,18.0,6217.0,83.59,10.32,5.36,7.14,3.41,39.28,5.17559412131,5.15505577975,2,3130.0,380.0,30.0,0.0,0.0,410.0,2730.0,13.1,342300,425000,417750,420000,430000,,,25.62,10.0,10.0,7.0,0.0,7.0,9.0,13.0,24.0,17.0,35.0,16.0,3.2,5.1,2.0,0.11,9.0,9.0,0.0
E02000069,Bexley 005,Erith West,E09000004,Bexley,E14001229,Erith and Thamesmead,2811.0,819.0,1015.0,83.0,405.0,487.0,2.0,7115.0,6385.0,7.0,669.0,54.0,753.0,979.0,881.0,167.0,32.0,5534.0,65.24,17.32,14.41,10.26,7.08,26.79,5.08563444157,4.39943185194,2,3100.0,600.0,10.0,470.0,200.0,1190.0,1890.0,38.39,360000,380000,350000,295000,375000,245000.0,,4.17,505.0,245.0,24.0,158.0,146.0,4.0,39.0,5.0,11.0,641.0,150.0,162.9,48.4,2.0,0.19,18.0,18.0,13.0
E02000070,Bexley 006,Lesnes Abbey,E09000004,Bexley,E14001089,Bexleyheath and Crayford,3140.0,1312.0,1113.0,40.0,253.0,422.0,0.0,8020.0,7452.0,15.0,507.0,46.0,1118.0,1127.0,743.0,133.0,19.0,6371.0,77.23,13.44,8.06,7.08,4.84,35.61,6.43883993409,5.29343775494,2,3280.0,280.0,50.0,0.0,0.0,630.0,2640.0,19.21,385000,450000,415000,448000,450000,269500.0,,16.88,10.0,9.0,8.0,2.0,10.0,52.0,2.0,26.0,9.0,74.0,62.0,3.0,18.9,1.0,0.33,4.0,4.0,4.0
E02000067,Bexley 003,Belvedere & Lessness Heath,E09000004,Bexley,E14001229,Erith and Thamesmead,3983.0,791.0,1187.0,24.0,804.0,1172.0,5.0,10081.0,9032.0,23.0,905.0,121.0,618.0,1205.0,1687.0,394.0,79.0,7653.0,49.66,29.43,20.19,10.41,11.88,15.52,4.85852728123,5.05967910871,1b,4340.0,1300.0,140.0,530.0,50.0,2160.0,2180.0,49.77,271000,336500,327500,340000,325000,250000.0,,19.93,26.0,18.0,20.0,0.0,7.0,116.0,60.0,29.0,23.0,187.0,123.0,6.0,28.3,10.0,9.14,1180.0,1180.0,1169.0
E02000086,Bexley 022,Lamorbey,E09000004,Bexley,E14001414,Old Bexley and Sidcup,2788.0,1227.0,1188.0,14.0,45.0,314.0,0.0,7103.0,6619.0,10.0,466.0,8.0,1186.0,958.0,579.0,60.0,5.0,5696.0,86.62,11.26,1.61,6.81,2.33,42.54,3.74675581394,3.44305578509,1b,2870.0,50.0,10.0,40.0,20.0,290.0,2580.0,10.1,377000,500000,455000,470000,496000,311350.0,,31.56,22.0,20.0,10.0,0.0,3.0,9.0,9.0,3.0,0.0,32.0,12.0,7.7,4.2,2.0,0.68,2.0,2.0,2.0
E02000089,Bexley 025,Longlands & Halfway,E09000004,Bexley,E14001414,Old Bexley and Sidcup,2905.0,1216.0,1291.0,9.0,156.0,231.0,2.0,7788.0,7266.0,23.0,476.0,23.0,1408.0,989.0,454.0,43.0,10.0,6139.0,86.3,7.95,5.37,6.7,1.82,48.47,4.07387897001,3.73225073756,1b,3050.0,100.0,30.0,80.0,70.0,190.0,2850.0,6.23,465000,550000,515000,567500,550000,302500.0,,18.28,77.0,75.0,16.0,30.0,3.0,8.0,2.0,6.0,8.0,78.0,11.0,25.2,3.6,1.0,0.04,6.0,6.0,6.0
E02000084,Bexley 020,Danson Park,E09000004,Bexley,E14001089,Bexleyheath and Crayford,4199.0,1719.0,1806.0,22.0,181.0,470.0,1.0,11007.0,10180.0,20.0,760.0,47.0,1822.0,1473.0,781.0,102.0,21.0,8690.0,83.95,11.19,4.31,7.51,2.93,43.39,5.18634416865,4.10515490683,2,4330.0,610.0,110.0,30.0,10.0,550.0,3750.0,12.7,419500,520000,478500,510000,495000,282500.0,,18.0,36.0,31.0,21.0,11.0,7.0,3.0,3.0,21.0,1.0,44.0,10.0,8.3,2.3,0.0,0.0,0.0,0.0,0.0
E02000091,Bexley 027,Sidcup East,E09000004,Bexley,E14001414,Old Bexley and Sidcup,4447.0,1648.0,1331.0,73.0,655.0,740.0,0.0,10055.0,9077.0,79.0,860.0,39.0,1441.0,1433.0,1427.0,133.0,18.0,8191.0,66.99,16.64,14.73,9.73,3.4,32.4,6.34496400859,6.3611834428,2,4720.0,650.0,130.0,360.0,130.0,2160.0,2510.0,45.76,360000,420000,413000,445250,390000,265000.0,,8.33,120.0,66.0,26.0,4.0,7.0,1.0,2.0,31.0,4.0,115.0,8.0,25.4,1.7,3.0,1.55,26.0,26.0,0.0
E02000079,Bexley 015,Bexleyheath Broadway,E09000004,Bexley,E14001089,Bexleyheath and Crayford,3586.0,1304.0,1256.0,80.0,205.0,739.0,2.0,8668.0,7707.0,16.0,894.0,51.0,1185.0,1221.0,1022.0,140.0,16.0,6928.0,71.39,20.61,5.72,11.09,4.35,33.05,14.0539776115,14.592076954,3,4220.0,1010.0,70.0,790.0,600.0,1750.0,2450.0,41.47,330000,383750,383150,390000,415000,280000.0,,25.76,689.0,670.0,35.0,117.0,25.0,60.0,41.0,22.0,48.0,214.0,85.0,163.3,20.1,13.0,6.018,486.0,486.0,440.0
E02000082,Bexley 018,Falconwood,E09000004,Bexley,E14001414,Old Bexley and Sidcup,3442.0,1382.0,1580.0,16.0,80.0,384.0,0.0,9218.0,8517.0,27.0,633.0,41.0,1474.0,1206.0,628.0,120.0,15.0,7229.0,86.05,11.16,2.32,7.6,3.92,42.82,4.27955620081,4.03340497567,1b,3520.0,10.0,0.0,110.0,10.0,230.0,3280.0,6.53,378000,450000,438500,447500,430000,306500.0,,13.76,24.0,21.0,17.0,2.0,7.0,9.0,3.0,14.0,6.0,34.0,16.0,6.8,4.5,1.0,0.07,4.0,4.0,0.0
E02000085,Bexley 021,Blackfen,E09000004,Bexley,E14001414,Old Bexley and Sidcup,3070.0,1168.0,1361.0,18.0,123.0,399.0,1.0,7860.0,7196.0,31.0,607.0,26.0,979.0,1225.0,736.0,111.0,22.0,6182.0,82.38,13.0,4.01,8.45,4.33,31.89,3.61631302692,4.00874460623,1b,3220.0,10.0,40.0,40.0,30.0,430.0,2780.0,13.35,340000,415000,397500,425000,427500,235000.0,,25.74,31.0,26.0,20.0,3.0,2.0,10.0,0.0,20.0,3.0,28.0,12.0,9.6,3.7,2.0,0.16,0.0,0.0,0.0
E02000088,Bexley 024,Albany Park,E09000004,Bexley,E14001414,Old Bexley and Sidcup,2981.0,1272.0,1315.0,12.0,115.0,267.0,0.0,7669.0,7111.0,24.0,503.0,31.0,1339.0,1059.0,502.0,71.0,10.0,6098.0,86.78,8.96,3.86,7.28,2.72,44.92,4.67273075297,4.4965776793,1b,3080.0,0.0,40.0,20.0,10.0,130.0,2940.0,4.22,410000,491750,490000,505000,530000,,,29.27,15.0,11.0,12.0,3.0,2.0,2.0,1.0,12.0,2.0,17.0,4.0,4.9,1.3,0.0,0.0,0.0,0.0,0.0
E02000068,Bexley 004,Erith East,E09000004,Bexley,E14001229,Erith and Thamesmead,3194.0,512.0,809.0,160.0,942.0,768.0,3.0,8044.0,7253.0,17.0,685.0,89.0,422.0,925.0,1449.0,337.0,63.0,5817.0,41.36,24.05,29.49,9.83,12.52,13.21,6.25271189047,5.35756560622,2,3530.0,1050.0,640.0,260.0,140.0,1890.0,1650.0,53.54,237500,265000,297500,336000,325000,220000.0,,36.84,169.0,138.0,27.0,95.0,114.0,85.0,19.0,14.0,13.0,255.0,199.0,47.9,56.4,14.0,21.18,1972.0,2004.0,1586.0
E02000073,Bexley 009,Bostall,E09000004,Bexley,E14001089,Bexleyheath and Crayford,3955.0,1740.0,1701.0,19.0,163.0,332.0,0.0,10619.0,10037.0,18.0,517.0,47.0,1734.0,1407.0,678.0,108.0,28.0,8454.0,87.0,8.39,4.12,5.48,3.44,43.84,5.88109303822,5.32886828878,2,4060.0,20.0,0.0,20.0,0.0,230.0,3830.0,5.67,416250,505000,490000,490000,505750,,,21.5,4.0,4.0,9.0,0.0,2.0,1.0,2.0,8.0,6.0,8.0,3.0,1.0,0.7,3.0,0.62,45.0,45.0,21.0
E02000074,Bexley 010,Lesney Farm & Colyers East,E09000004,Bexley,E14001089,Bexleyheath and Crayford,3502.0,685.0,993.0,136.0,1290.0,394.0,4.0,8748.0,8250.0,15.0,453.0,30.0,632.0,982.0,1558.0,296.0,35.0,6626.0,47.92,11.25,36.84,5.69,9.45,18.05,4.36596414488,3.60046913198,1b,3690.0,30.0,10.0,470.0,0.0,1380.0,2310.0,37.4,284500,370250,334000,335500,340000,212000.0,,19.51,7.0,6.0,5.0,2.0,8.0,4.0,3.0,0.0,0.0,13.0,12.0,1.9,3.3,2.0,0.64,25.0,25.0,0.0
E02000075,Bexley 011,Bursted Wood,E09000004,Bexley,E14001089,Bexleyheath and Crayford,3149.0,1526.0,1138.0,7.0,180.0,298.0,0.0,7909.0,7435.0,27.0,427.0,20.0,1389.0,1144.0,545.0,62.0,9.0,6439.0,84.6,9.46,5.72,5.99,2.25,44.11,6.44373766981,6.48644386615,2,3210.0,40.0,0.0,0.0,0.0,360.0,2830.0,11.21,405000,495000,480000,488750,512500,325000.0,,26.54,6.0,4.0,8.0,0.0,3.0,2.0,0.0,3.0,3.0,9.0,5.0,1.9,1.6,1.0,1.85,180.0,180.0,180.0
E02000080,Bexley 016,Welling,E09000004,Bexley,E14001414,Old Bexley and Sidcup,3815.0,1454.0,1461.0,53.0,241.0,606.0,0.0,9960.0,9286.0,21.0,599.0,54.0,1277.0,1391.0,952.0,171.0,24.0,7855.0,76.41,15.88,6.32,6.77,5.11,33.47,6.8421644995,7.23417605572,2,4020.0,210.0,40.0,200.0,40.0,860.0,3150.0,21.39,381000,450000,432500,474000,450000,202500.0,,18.11,89.0,71.0,33.0,0.0,14.0,27.0,5.0,121.0,10.0,106.0,41.0,22.1,10.2,4.0,0.16,24.0,24.0,10.0
E02000087,Bexley 023,Bexley Village,E09000004,Bexley,E14001414,Old Bexley and Sidcup,3319.0,1396.0,1252.0,35.0,166.0,468.0,2.0,8119.0,7422.0,14.0,624.0,59.0,1544.0,1102.0,603.0,70.0,4.0,6531.0,79.78,14.1,5.0,8.58,2.23,46.52,4.78846447765,3.99740931196,1b,3460.0,540.0,70.0,230.0,40.0,760.0,2680.0,21.97,445000,475000,536000,522945,525500,281500.0,,18.09,69.0,52.0,36.0,6.0,3.0,24.0,27.0,14.0,15.0,104.0,27.0,19.9,7.8,4.0,0.64,20.0,21.0,0.0
E02000066,Bexley 002,South Thamesmead,E09000004,Bexley,E14001229,Erith and Thamesmead,3547.0,536.0,569.0,11.0,1739.0,680.0,12.0,9331.0,8649.0,29.0,581.0,72.0,632.0,841.0,1598.0,382.0,94.0,6976.0,31.15,19.17,49.03,7.31,13.42,17.82,10.4939464757,6.56375293274,3,4230.0,80.0,20.0,670.0,540.0,2180.0,2050.0,51.54,331000,356250,360000,380000,357000,,,7.85,540.0,540.0,11.0,292.0,335.0,1.0,14.0,3.0,1.0,354.0,336.0,127.7,79.4,4.0,20.95,1332.0,1332.0,0.0
E02000083,Bexley 019,Crayford,E09000004,Bexley,E14001089,Bexleyheath and Crayford,4447.0,1126.0,1709.0,79.0,801.0,730.0,2.0,11137.0,10255.0,22.0,794.0,66.0,1180.0,1580.0,1417.0,239.0,28.0,8554.0,63.75,16.42,18.01,7.92,6.0,26.53,3.8131224757,2.88199086742,1b,4680.0,1040.0,280.0,540.0,120.0,1240.0,3410.0,26.5,311500,385500,365000,375000,380000,245000.0,,21.99,128.0,120.0,30.0,37.0,1.0,16.0,15.0,30.0,6.0,83.0,17.0,27.4,3.6,8.0,11.0,1145.0,1396.0,810.0
E02000092,Bexley 028,Foots Cray Meadows,E09000004,Bexley,E14001414,Old Bexley and Sidcup,2714.0,697.0,765.0,71.0,873.0,308.0,0.0,6690.0,6191.0,12.0,458.0,29.0,675.0,907.0,945.0,166.0,23.0,5136.0,53.87,11.35,32.17,7.46,6.96,24.87,1.78528521141,1.30705894727,1a,2950.0,150.0,200.0,150.0,130.0,1210.0,1700.0,41.02,326000,330000,390808,422500,382500,253500.0,,17.33,180.0,136.0,31.0,5.0,8.0,101.0,52.0,22.0,1.0,288.0,109.0,61.0,36.9,5.0,2.02,83.0,83.0,79.0
E02006785,Bexley 029,Wickham Street & East Wickham,E09000004,Bexley,E14001414,Old Bexley and Sidcup,2574.0,886.0,941.0,25.0,385.0,336.0,1.0,6566.0,6146.0,8.0,366.0,46.0,893.0,851.0,669.0,134.0,27.0,5234.0,70.98,13.05,14.96,6.4,6.25,34.69,5.78074496713,5.3525168162,2,2690.0,50.0,10.0,50.0,10.0,590.0,2090.0,21.93,366500,430000,425000,450000,475500,247500.0,,29.74,23.0,22.0,11.0,6.0,0.0,13.0,0.0,12.0,1.0,22.0,13.0,8.6,4.8,0.0,0.0,0.0,0.0,0.0
E02000077,Bexley 013,St Michael's,E09000004,Bexley,E14001414,Old Bexley and Sidcup,2938.0,1043.0,1193.0,16.0,305.0,379.0,2.0,8047.0,7453.0,17.0,538.0,39.0,1075.0,980.0,723.0,129.0,29.0,6352.0,76.11,12.9,10.38,7.38,5.38,36.59,5.69507306295,4.95851885265,2,3040.0,210.0,10.0,90.0,30.0,400.0,2640.0,13.16,400000,445000,455500,454000,475000,266000.0,,18.75,34.0,34.0,11.0,13.0,0.0,11.0,2.0,24.0,0.0,33.0,11.0,11.2,3.6,1.0,0.22,6.0,6.0,0.0
E02000072,Bexley 008,Slade Green & Crayford Marshes,E09000004,Bexley,E14001089,Bexleyheath and Crayford,4688.0,646.0,1544.0,109.0,1613.0,770.0,6.0,12754.0,11565.0,31.0,1070.0,88.0,800.0,1320.0,1980.0,491.0,97.0,9085.0,46.72,16.42,34.41,9.32,12.54,17.06,3.11896710909,1.99792696389,1b,5490.0,630.0,120.0,1370.0,610.0,2130.0,3350.0,38.8,300000,354000,332000,330000,350000,250500.0,,16.67,246.0,193.0,14.0,485.0,2.0,58.0,57.0,11.0,5.0,198.0,60.0,44.8,10.9,9.0,4.33,346.0,346.0,279.0
E02000090,Bexley 026,Sidcup West,E09000004,Bexley,E14001414,Old Bexley and Sidcup,4193.0,1342.0,1361.0,77.0,419.0,994.0,0.0,9528.0,8274.0,70.0,1130.0,54.0,1094.0,1466.0,1453.0,160.0,24.0,7937.0,64.46,23.71,9.99,13.16,4.39,26.09,9.16806328509,9.9413059868,2,4570.0,1030.0,220.0,410.0,130.0,2330.0,2210.0,50.98,317750,329375,350000,387500,354500,306000.0,,11.57,128.0,114.0,36.0,2.0,49.0,26.0,26.0,41.0,36.0,214.0,75.0,28.0,16.4,4.0,0.31,30.0,30.0,0.0
E02000101,Brent 009,Forty Lane,E09000005,Brent,E14001123,Brent West,3387.0,650.0,567.0,42.0,1039.0,1083.0,6.0,9825.0,8822.0,22.0,816.0,165.0,622.0,766.0,1344.0,508.0,149.0,7644.0,35.93,31.98,30.68,10.21,19.4,18.36,13.1966132192,10.0288659851,3,3510.0,0.0,690.0,130.0,40.0,2140.0,1370.0,60.97,335000,365000,418000,439950,417500,310000.0,,24.63,57.0,48.0,29.0,4.0,90.0,22.0,13.0,112.0,82.0,166.0,112.0,16.2,31.9,9.0,5.04,713.0,713.0,702.0
E02000071,Bexley 007,Northumberland Heath,E09000004,Bexley,E14001089,Bexleyheath and Crayford,2835.0,973.0,1027.0,14.0,409.0,411.0,1.0,7591.0,7028.0,13.0,521.0,29.0,937.0,982.0,748.0,137.0,28.0,5756.0,70.55,14.5,14.43,7.42,5.82,33.05,3.60725338648,3.84685645042,1b,3020.0,830.0,70.0,40.0,20.0,470.0,2550.0,15.56,345000,420000,400000,405000,385000,,,11.59,31.0,21.0,24.0,1.0,3.0,15.0,1.0,24.0,1.0,44.0,18.0,10.3,6.0,2.0,0.05,7.0,7.0,0.0
E02000118,Brent 026,Alperton East,E09000005,Brent,E14001123,Brent West,3155.0,710.0,745.0,34.0,550.0,1115.0,1.0,11149.0,9883.0,22.0,1051.0,193.0,502.0,658.0,1097.0,533.0,368.0,8970.0,46.12,35.34,17.43,11.36,28.56,15.91,7.90637848319,6.86251099244,2,3760.0,200.0,130.0,790.0,710.0,1980.0,1770.0,52.66,408750,510000,544750,522305,500000,409000.0,522000.0,22.32,269.0,258.0,20.0,91.0,3640.0,182.0,2435.0,53.0,506.0,3337.0,3822.0,71.5,1016.5,4.0,6.96,2492.0,2492.0,30.0
E02000121,Brent 029,Alperton West,E09000005,Brent,E14001123,Brent West,3627.0,784.0,683.0,192.0,507.0,1459.0,2.0,12107.0,10802.0,14.0,1098.0,193.0,526.0,735.0,1374.0,630.0,362.0,9488.0,40.45,40.23,13.98,10.78,27.35,14.5,12.0345894166,12.776577786,3,4060.0,460.0,150.0,1260.0,550.0,2530.0,1510.0,62.32,332500,430000,345000,510000,431000,320000.0,,29.62,480.0,346.0,29.0,315.0,1645.0,37.0,876.0,49.0,979.0,2849.0,1682.0,118.2,414.3,9.0,13.11,3009.0,3009.0,901.0
E02000098,Brent 006,Barnhill The Avenue,E09000005,Brent,E14001123,Brent West,2875.0,703.0,622.0,28.0,643.0,877.0,2.0,8662.0,7918.0,15.0,636.0,93.0,807.0,710.0,949.0,323.0,85.0,6908.0,46.09,30.5,22.37,8.59,14.19,28.07,6.9179453319,5.01260341577,2,2950.0,10.0,230.0,220.0,60.0,1040.0,1910.0,35.25,642500,578500,630000,660000,732500,345000.0,,14.01,75.0,73.0,28.0,12.0,0.0,21.0,14.0,47.0,10.0,95.0,21.0,25.4,7.1,5.0,0.46,16.0,17.0,0.0
E02000115,Brent 023,Brondesbury,E09000005,Brent,E14001122,Brent East,3876.0,542.0,609.0,39.0,1018.0,1661.0,7.0,8515.0,7069.0,24.0,1263.0,159.0,461.0,929.0,2012.0,388.0,86.0,7142.0,29.7,42.85,26.26,16.98,12.23,11.89,15.8248223644,15.1509388032,4,4240.0,2050.0,170.0,270.0,230.0,3880.0,360.0,91.51,570000,532500,625000,547500,560000,520000.0,,-1.75,281.0,146.0,36.0,264.0,29.0,32.0,63.0,32.0,2.0,374.0,61.0,66.3,14.4,8.0,1.728083,15.0,15.0,0.0
E02000122,Brent 030,Brondesbury Park,E09000005,Brent,E14001122,Brent East,3160.0,818.0,847.0,33.0,570.0,887.0,5.0,8108.0,7061.0,21.0,904.0,122.0,1016.0,802.0,1069.0,214.0,59.0,6472.0,52.69,28.07,18.04,12.91,8.64,32.15,9.823729745,9.81105161626,2,3260.0,1300.0,80.0,160.0,30.0,1790.0,1470.0,54.91,860000,930000,1220000,1050000,950000,530000.0,,10.47,146.0,61.0,38.0,40.0,5.0,38.0,11.0,27.0,1.0,106.0,43.0,44.8,13.2,4.0,1.382732,0.0,0.0,0.0
E02000114,Brent 022,Willesden Green,E09000005,Brent,E14001122,Brent East,3705.0,570.0,521.0,55.0,753.0,1800.0,6.0,8903.0,7230.0,33.0,1465.0,175.0,553.0,817.0,1826.0,403.0,105.0,7421.0,29.45,48.58,20.32,18.79,13.71,14.93,15.7864920309,16.6337630723,4,3990.0,2980.0,130.0,320.0,100.0,3180.0,820.0,79.7,463750,542500,545500,503000,585000,458750.0,,26.15,179.0,167.0,48.0,27.0,5.0,18.0,5.0,34.0,41.0,169.0,23.0,44.9,5.8,5.0,1.84,138.0,138.0,132.0
E02000065,Bexley 001,Crossway Park,E09000004,Bexley,E14001229,Erith and Thamesmead,2776.0,375.0,807.0,15.0,802.0,759.0,18.0,7970.0,7272.0,22.0,575.0,101.0,494.0,686.0,1126.0,375.0,94.0,5674.0,42.58,27.34,28.89,8.76,16.89,17.8,2.9070418283,0.0,1b,2880.0,0.0,70.0,0.0,0.0,880.0,2000.0,30.56,275000,316000,360000,350000,354000,195000.0,,28.73,1.0,1.0,6.0,0.0,0.0,0.0,0.0,4.0,0.0,0.0,0.0,0.3,0.0,1.0,0.04,5.0,5.0,0.0
E02000125,Brent 033,Kensal Green,E09000005,Brent,E14001435,Queen's Park and Maida Vale,3940.0,938.0,977.0,26.0,815.0,1178.0,6.0,9807.0,8565.0,24.0,1080.0,138.0,1019.0,1191.0,1389.0,278.0,66.0,7870.0,48.6,29.9,20.69,12.66,8.73,25.86,11.5896525475,12.6530865357,3,4170.0,3400.0,70.0,60.0,20.0,2410.0,1760.0,57.79,820000,955000,862500,795000,780000,633000.0,,-4.88,69.0,49.0,41.0,0.0,1.0,14.0,5.0,13.0,8.0,68.0,15.0,16.5,3.6,1.0,0.061764,0.0,0.0,0.0
E02000123,Brent 031,Harlesden,E09000005,Brent,E14001435,Queen's Park and Maida Vale,5538.0,560.0,670.0,84.0,1921.0,2290.0,13.0,13402.0,11637.0,43.0,1551.0,171.0,646.0,1062.0,2885.0,769.0,177.0,10404.0,22.21,41.35,34.69,13.17,17.08,11.66,17.4912630877,18.8498770343,4,6350.0,4940.0,270.0,380.0,230.0,5250.0,1100.0,82.68,417000,558750,475000,499740,500000,394322.0,,19.9,227.0,192.0,96.0,6.0,48.0,45.0,19.0,114.0,34.0,258.0,93.0,35.7,14.6,15.0,5.661753,317.0,321.0,282.0
E02000096,Brent 004,Kenton Woodcock Park,E09000005,Brent,E14001123,Brent West,2498.0,1035.0,737.0,12.0,108.0,605.0,1.0,7552.0,6973.0,17.0,483.0,79.0,1088.0,584.0,606.0,176.0,44.0,6131.0,70.94,24.22,4.32,7.67,8.81,43.55,8.17685398433,8.90092522535,2,2630.0,10.0,60.0,40.0,10.0,620.0,2000.0,23.57,660000,760000,755000,727500,755000,310000.0,,14.39,45.0,45.0,16.0,13.0,2.0,5.0,5.0,28.0,0.0,49.0,7.0,17.1,2.7,4.0,2.72,155.0,155.0,150.0
E02000095,Brent 003,Kingsbury West,E09000005,Brent,E14001270,Harrow East,3183.0,1052.0,680.0,22.0,361.0,1065.0,3.0,10357.0,9393.0,19.0,796.0,149.0,890.0,838.0,895.0,392.0,169.0,8377.0,54.41,33.46,11.34,9.31,17.62,27.96,9.3466166363,10.1085100436,2,3240.0,0.0,80.0,30.0,0.0,1010.0,2220.0,31.17,514500,575000,619000,605000,530000,300000.0,,3.01,25.0,22.0,24.0,0.0,9.0,15.0,39.0,30.0,0.0,82.0,24.0,7.7,7.4,2.0,0.388891,8.0,8.0,0.0
E02000120,Brent 028,Kilburn West,E09000005,Brent,E14001435,Queen's Park and Maida Vale,4243.0,580.0,736.0,30.0,1011.0,1881.0,5.0,8914.0,7101.0,57.0,1542.0,214.0,588.0,1043.0,2176.0,359.0,79.0,7472.0,31.02,44.33,23.83,20.34,10.32,13.86,19.5838306234,18.6642806096,4,4610.0,3640.0,250.0,160.0,100.0,3910.0,680.0,84.82,573000,632500,579000,640000,570000,511500.0,,-0.52,121.0,113.0,48.0,24.0,5.0,142.0,2.0,31.0,1.0,177.0,147.0,26.2,31.9,2.0,1.12,105.0,105.0,100.0
E02000097,Brent 005,Kingsbury South,E09000005,Brent,E14001122,Brent East,3038.0,931.0,791.0,16.0,310.0,989.0,1.0,9437.0,8534.0,21.0,763.0,119.0,854.0,793.0,942.0,320.0,129.0,7524.0,56.68,32.55,10.2,9.57,14.78,28.11,3.72793678965,3.93141571079,1b,3030.0,0.0,40.0,10.0,10.0,790.0,2230.0,26.07,478750,590000,525250,550000,525000,,,9.66,36.0,9.0,14.0,0.0,1.0,1.0,26.0,26.0,2.0,38.0,2.0,11.9,0.7,2.0,0.335484,18.0,18.0,0.0
E02000105,Brent 013,Sudbury East,E09000005,Brent,E14001123,Brent West,3109.0,699.0,660.0,39.0,419.0,1289.0,3.0,9721.0,8609.0,21.0,925.0,166.0,551.0,710.0,1191.0,488.0,170.0,7613.0,43.71,41.46,13.48,11.44,21.16,17.72,7.61597529207,7.43922907481,2,3270.0,220.0,250.0,180.0,40.0,1620.0,1660.0,49.54,340250,392500,549500,465000,397500,327000.0,,16.83,62.0,44.0,30.0,0.0,37.0,10.0,15.0,54.0,1.0,96.0,47.0,19.0,14.4,4.0,0.41000000000000003,41.0,41.0,0.0
E02000103,Brent 011,Dollis Hill,E09000005,Brent,E14001122,Brent East,3462.0,775.0,573.0,74.0,891.0,1140.0,9.0,9852.0,8840.0,34.0,881.0,97.0,699.0,723.0,1441.0,487.0,112.0,7582.0,38.94,32.93,25.74,10.27,17.3,20.19,7.69676633201,7.51368437471,2,3590.0,60.0,20.0,470.0,100.0,1940.0,1650.0,54.04,515000,508749,445000,570000,492500,347500.0,,-4.37,130.0,103.0,40.0,33.0,1.0,35.0,7.0,57.0,2.0,129.0,36.0,36.2,10.0,3.0,43.098192000000004,1989.0,1989.0,1989.0
E02000102,Brent 010,Welsh Harp,E09000005,Brent,E14001122,Brent East,2681.0,621.0,356.0,86.0,607.0,1007.0,4.0,8204.0,7520.0,12.0,595.0,77.0,481.0,594.0,1080.0,384.0,145.0,5972.0,36.44,37.56,22.64,8.34,19.73,17.94,4.75914990288,5.63718637674,1b,2770.0,70.0,40.0,100.0,10.0,1160.0,1600.0,41.88,420000,385000,450000,410000,325000,225000.0,,-22.62,24.0,23.0,31.0,0.0,53.0,2.0,0.0,18.0,1.0,73.0,55.0,8.7,19.9,1.0,1.36,194.0,194.0,0.0
E02000106,Brent 014,Neasden,E09000005,Brent,E14001122,Brent East,3586.0,737.0,475.0,31.0,666.0,1673.0,4.0,10194.0,8988.0,14.0,1036.0,156.0,790.0,691.0,1416.0,513.0,176.0,7989.0,33.8,46.65,18.57,11.83,19.21,22.03,12.5391316369,12.9297361588,3,4140.0,710.0,100.0,350.0,290.0,2490.0,1640.0,60.14,348975,590000,550000,530000,465000,335000.0,,33.25,387.0,365.0,79.0,158.0,328.0,585.0,32.0,143.0,6.0,1180.0,913.0,93.5,220.5,9.0,20.0,2576.0,2576.0,2559.0
E02000110,Brent 018,Dudden Hill,E09000005,Brent,E14001122,Brent East,3094.0,743.0,605.0,30.0,657.0,1055.0,4.0,8067.0,6919.0,41.0,967.0,140.0,832.0,752.0,1170.0,265.0,75.0,6568.0,43.57,34.1,21.23,14.23,10.99,26.89,9.93137015626,9.2739553933,2,3170.0,1640.0,60.0,70.0,30.0,1670.0,1500.0,52.68,661500,897500,935000,775000,860000,477000.0,,30.01,143.0,137.0,46.0,2.0,47.0,18.0,6.0,33.0,21.0,169.0,65.0,45.1,20.5,6.0,0.368277,52.0,52.0,0.0
E02000104,Brent 012,Wembley North,E09000005,Brent,E14001123,Brent West,2415.0,674.0,542.0,62.0,370.0,765.0,2.0,7448.0,6711.0,26.0,609.0,102.0,600.0,593.0,843.0,271.0,109.0,6096.0,50.35,31.68,15.32,9.9,15.73,24.84,14.3996286843,11.564572759,3,2510.0,140.0,120.0,240.0,20.0,1070.0,1440.0,42.63,560000,550000,372500,570000,475750,427500.0,550000.0,-15.04,38.0,33.0,23.0,0.0,487.0,602.0,6.0,77.0,32.0,1089.0,1089.0,15.1,433.9,6.0,2.79,918.0,918.0,450.0
E02000117,Brent 025,Church End,E09000005,Brent,E14001122,Brent East,4759.0,452.0,537.0,156.0,2222.0,1385.0,7.0,12589.0,11401.0,23.0,1002.0,163.0,485.0,945.0,2405.0,714.0,210.0,9265.0,20.78,29.1,46.69,9.44,19.42,10.19,8.49122481813,7.07390061239,2,5170.0,2850.0,670.0,420.0,20.0,3860.0,1300.0,74.66,386500,380000,388750,419950,363000,350000.0,,-6.08,289.0,174.0,61.0,51.0,3.0,6.0,11.0,25.0,4.0,142.0,9.0,55.9,1.7,4.0,3.79,267.0,270.0,256.0
E02000094,Brent 002,Kingsbury East,E09000005,Brent,E14001122,Brent East,3468.0,833.0,958.0,122.0,522.0,1029.0,4.0,10320.0,9240.0,30.0,930.0,120.0,757.0,895.0,1273.0,431.0,110.0,8187.0,51.64,29.67,15.05,10.47,15.6,21.83,8.36973542977,8.17045495274,2,3720.0,0.0,190.0,900.0,240.0,1770.0,1930.0,47.58,450000,467500,466250,451250,402500,315000.0,,-10.56,700.0,691.0,27.0,173.0,1.0,284.0,506.0,47.0,1.0,832.0,285.0,188.2,76.6,5.0,17.72,1067.0,1067.0,555.0
E02000099,Brent 007,Preston Park & East Lane,E09000005,Brent,E14001123,Brent West,2917.0,722.0,578.0,30.0,400.0,1185.0,2.0,9393.0,8190.0,29.0,1016.0,158.0,707.0,644.0,946.0,442.0,178.0,7335.0,44.57,40.62,13.71,12.81,21.25,24.24,10.1252049595,10.4369071279,3,2860.0,70.0,650.0,10.0,10.0,1130.0,1720.0,39.51,542500,559750,535000,558000,568750,315000.0,,4.84,32.0,31.0,14.0,12.0,0.0,18.0,2.0,30.0,1.0,44.0,18.0,11.2,6.3,0.0,0.0,0.0,0.0,0.0
E02000124,Brent 032,Queens Park,E09000005,Brent,E14001435,Queen's Park and Maida Vale,4160.0,827.0,958.0,34.0,847.0,1493.0,1.0,9845.0,8326.0,37.0,1300.0,182.0,862.0,1272.0,1677.0,279.0,70.0,7867.0,42.91,35.89,20.36,15.43,8.39,20.72,16.1641751689,16.5183266132,4,4610.0,3570.0,280.0,280.0,60.0,3260.0,1350.0,70.72,670000,930000,765000,777475,879000,580000.0,,31.19,112.0,96.0,62.0,2.0,5.0,9.0,16.0,15.0,4.0,84.0,14.0,24.3,3.0,4.0,0.38,45.0,48.0,0.0
E02000126,Brent 034,Kilburn Park,E09000005,Brent,E14001435,Queen's Park and Maida Vale,3405.0,188.0,341.0,83.0,2114.0,672.0,7.0,8105.0,7242.0,24.0,762.0,77.0,154.0,739.0,1943.0,439.0,130.0,6356.0,15.54,19.74,62.09,10.65,16.71,4.52,21.5403760319,21.0066528276,5,4100.0,800.0,310.0,1490.0,410.0,3930.0,160.0,95.85,592100,550000,546500,552000,480000,467500.0,,-18.93,129.0,128.0,15.0,149.0,534.0,85.0,6.0,10.0,0.0,639.0,619.0,31.5,151.0,18.0,6.080655,1295.0,1295.0,1122.0
E02000107,Brent 015,Cricklewood Anson Road,E09000005,Brent,E14001122,Brent East,4362.0,743.0,690.0,57.0,811.0,2052.0,9.0,10817.0,9103.0,40.0,1446.0,228.0,808.0,946.0,2011.0,479.0,118.0,8863.0,32.85,47.04,18.59,15.85,13.69,18.52,12.4144916955,13.6843899251,3,4450.0,3290.0,80.0,160.0,60.0,3390.0,1060.0,76.18,495000,525000,460000,495000,537500,475000.0,,8.59,164.0,126.0,78.0,12.0,18.0,292.0,25.0,58.0,831.0,426.0,310.0,36.9,69.7,10.0,4.45508,528.0,528.0,442.0
E02000108,Brent 016,Sudbury West,E09000005,Brent,E14001123,Brent West,2275.0,555.0,598.0,65.0,299.0,756.0,2.0,7177.0,6413.0,28.0,629.0,107.0,461.0,509.0,841.0,340.0,121.0,5659.0,50.68,33.23,13.14,10.65,20.26,20.26,7.98574994222,7.52712216041,2,2350.0,340.0,90.0,300.0,10.0,990.0,1360.0,42.13,355000,450500,480000,490000,480000,325000.0,,35.21,39.0,29.0,22.0,1.0,1.0,15.0,3.0,48.0,0.0,41.0,16.0,16.6,6.8,1.0,0.32,6.0,6.0,0.0
E02000100,Brent 008,Northwick Park,E09000005,Brent,E14001123,Brent West,2566.0,975.0,718.0,21.0,267.0,585.0,0.0,8262.0,7186.0,52.0,740.0,284.0,1079.0,576.0,616.0,213.0,82.0,6994.0,65.98,22.8,10.41,13.02,11.5,42.05,9.9385854041,7.0467789095,2,2570.0,10.0,190.0,90.0,50.0,540.0,2030.0,21.01,750000,710500,768750,658538,672000,,,-10.4,58.0,17.0,15.0,4.0,655.0,1314.0,2.0,62.0,3.0,2014.0,1969.0,22.6,766.1,2.0,30.76,1585.0,1585.0,1585.0
E02000116,Brent 024,Roundwood Park,E09000005,Brent,E14001122,Brent East,3237.0,340.0,334.0,103.0,1101.0,1346.0,13.0,8445.0,7271.0,12.0,1055.0,107.0,325.0,700.0,1567.0,534.0,111.0,6451.0,20.82,41.58,34.01,13.9,19.93,10.04,11.6730581676,9.11122104683,3,3430.0,2040.0,400.0,310.0,110.0,2730.0,700.0,79.59,430000,402500,427500,430000,387500,374000.0,,-9.88,196.0,175.0,59.0,65.0,39.0,17.0,9.0,101.0,5.0,207.0,56.0,57.1,16.3,12.0,2.6192,212.0,212.0,160.0
E02006955,Brent 035,Wembley Park,E09000005,Brent,E14001123,Brent West,2710.0,185.0,322.0,131.0,508.0,1561.0,3.0,7367.0,4731.0,171.0,1953.0,512.0,161.0,553.0,1606.0,318.0,70.0,6291.0,18.71,57.6,18.75,35.78,14.32,5.94,23.6297779978,26.4493259412,5,6780.0,60.0,320.0,5660.0,3210.0,6490.0,220.0,95.72,375000,360000,387500,415000,370000,362500.0,,-1.33,4364.0,4003.0,24.0,1167.0,9.0,326.0,9.0,89.0,576.0,785.0,335.0,643.7,49.4,8.0,3.833514,1551.0,1551.0,315.0
E02000111,Brent 019,Wembley West,E09000005,Brent,E14001123,Brent West,3186.0,699.0,604.0,33.0,450.0,1398.0,2.0,11144.0,9873.0,16.0,1086.0,169.0,515.0,667.0,1122.0,591.0,294.0,8760.0,40.9,43.88,14.12,11.41,27.78,16.16,13.9445689795,16.0154836948,3,3350.0,770.0,190.0,260.0,100.0,1800.0,1540.0,53.73,397000,481500,392500,450000,405000,356500.0,,2.02,302.0,101.0,47.0,43.0,11.0,15.0,29.0,67.0,116.0,136.0,26.0,90.1,7.8,2.0,4.12,30.0,30.0,30.0
E02000093,Brent 001,Queensbury South,E09000005,Brent,E14001270,Harrow East,3741.0,1177.0,902.0,106.0,387.0,1167.0,2.0,11758.0,10323.0,16.0,1224.0,195.0,975.0,1093.0,1111.0,416.0,145.0,9524.0,55.57,31.19,10.34,12.2,15.0,26.06,8.5522521794,8.03522995422,2,4040.0,260.0,330.0,580.0,350.0,1320.0,2710.0,32.67,485000,547500,580000,557000,508500,329000.0,,4.85,361.0,359.0,24.0,196.0,16.0,254.0,215.0,16.0,436.0,558.0,270.0,89.4,66.8,6.0,8.14,329.0,329.0,86.0
E02000112,Brent 020,Wembley East,E09000005,Brent,E14001123,Brent West,3496.0,857.0,532.0,85.0,424.0,1596.0,2.0,11629.0,9540.0,23.0,1810.0,256.0,666.0,716.0,1250.0,516.0,348.0,9453.0,39.73,45.65,12.13,17.96,24.71,19.05,14.8837994257,14.3149689212,3,4500.0,1040.0,130.0,1580.0,1160.0,2690.0,1790.0,59.78,425000,372500,500000,535000,430000,335000.0,,1.18,1324.0,1310.0,46.0,246.0,1357.0,844.0,126.0,33.0,1.0,2609.0,2201.0,294.2,489.1,14.0,8.865949,1581.0,1585.0,835.0
E02000119,Brent 027,Stonebridge,E09000005,Brent,E14001122,Brent East,3952.0,197.0,437.0,211.0,2123.0,969.0,15.0,10508.0,9272.0,23.0,1087.0,126.0,328.0,829.0,2027.0,624.0,144.0,7836.0,16.04,24.52,53.72,11.76,19.43,8.3,8.60415401317,8.59119177211,2,4990.0,690.0,1240.0,2330.0,1220.0,3930.0,1020.0,78.76,390000,500000,443000,407500,377145,370000.0,,-3.3,2103.0,1919.0,20.0,962.0,0.0,122.0,70.0,27.0,0.0,480.0,122.0,421.4,24.4,10.0,14.0,582.0,582.0,521.0
E02000113,Brent 021,St Raphaels,E09000005,Brent,E14001122,Brent East,3289.0,348.0,297.0,34.0,1916.0,683.0,11.0,9531.0,8834.0,7.0,644.0,46.0,365.0,654.0,1509.0,569.0,193.0,7076.0,19.61,20.77,58.25,7.31,23.17,11.1,9.20727914953,8.9635323357,2,3570.0,280.0,170.0,50.0,20.0,1960.0,1590.0,54.9,379500,395000,455000,327500,315000,231250.0,,-17.0,30.0,29.0,21.0,5.0,65.0,5.0,2.0,33.0,216.0,81.0,70.0,8.4,19.6,5.0,1.354649,109.0,109.0,25.0
E02006956,Brent 036,Tokyngton,E09000005,Brent,E14001123,Brent West,2505.0,711.0,459.0,31.0,270.0,1028.0,6.0,8739.0,6744.0,156.0,1602.0,237.0,538.0,603.0,901.0,321.0,140.0,7208.0,46.71,41.04,10.78,22.83,18.4,21.48,10.1159787451,7.18949122919,3,5340.0,110.0,10.0,3190.0,2120.0,3720.0,1620.0,69.66,485000,492750,500000,527500,589000,590000.0,594950.0,21.44,2478.0,1989.0,26.0,654.0,1471.0,936.0,667.0,20.0,775.0,4215.0,2407.0,464.0,450.7,6.0,11.66,4633.0,4633.0,1993.0
E02000146,Bromley 020,Bickley West,E09000006,Bromley,E14001137,Bromley and Biggin Hill,4039.0,1085.0,1638.0,60.0,332.0,924.0,0.0,9578.0,8506.0,28.0,941.0,103.0,1142.0,1474.0,1258.0,152.0,14.0,7518.0,67.42,22.88,8.22,11.19,4.11,28.27,7.17526348412,7.33781852194,2,4250.0,1660.0,90.0,640.0,50.0,1410.0,2830.0,33.18,415000,521250,500000,491000,512500,327000.0,,23.49,67.0,59.0,23.0,0.0,2.0,10.0,6.0,34.0,2.0,66.0,12.0,15.8,2.8,4.0,1.097,0.0,0.0,0.0
E02000148,Bromley 022,Bickley East,E09000006,Bromley,E14001137,Bromley and Biggin Hill,2699.0,1169.0,1031.0,8.0,196.0,295.0,0.0,6674.0,6154.0,31.0,440.0,49.0,1413.0,801.0,434.0,48.0,3.0,5246.0,81.51,10.93,7.26,7.79,1.89,52.35,4.74231105096,3.73624350818,1b,2830.0,100.0,130.0,130.0,40.0,470.0,2340.0,16.61,580000,635000,750000,651500,747125,305000.0,,28.81,32.0,27.0,19.0,0.0,7.0,3.0,4.0,46.0,6.0,42.0,10.0,11.3,3.5,0.0,0.0,0.0,0.0,0.0
E02000142,Bromley 016,Widmore,E09000006,Bromley,E14001137,Bromley and Biggin Hill,3454.0,1172.0,1400.0,13.0,189.0,680.0,0.0,8681.0,7869.0,27.0,719.0,66.0,1426.0,1055.0,848.0,106.0,16.0,6787.0,74.46,19.69,5.47,9.35,3.53,41.29,6.57686053635,4.75768078796,2,3640.0,920.0,190.0,180.0,50.0,1200.0,2410.0,32.97,452500,570000,550000,470000,501250,327660.0,,10.77,54.0,52.0,18.0,0.0,5.0,3.0,30.0,41.0,0.0,35.0,8.0,14.8,2.2,4.0,1.22,0.0,0.0,0.0
E02000133,Bromley 007,Chislehurst West & Elmstead,E09000006,Bromley,E14001223,Eltham and Chislehurst,4328.0,1759.0,1734.0,51.0,150.0,634.0,0.0,10649.0,9598.0,34.0,942.0,75.0,2545.0,1106.0,619.0,52.0,6.0,8413.0,80.71,14.65,3.47,9.87,1.34,58.8,4.00127748445,4.03032413145,1b,4600.0,590.0,330.0,480.0,80.0,1060.0,3460.0,23.04,700000,705500,695000,750000,765000,421000.0,,9.29,68.0,65.0,45.0,0.0,13.0,4.0,7.0,14.0,10.0,70.0,17.0,14.8,3.7,4.0,1.295,0.0,0.0,0.0
E02000165,Bromley 039,Biggin Hill West,E09000006,Bromley,E14001137,Bromley and Biggin Hill,2741.0,1057.0,1306.0,17.0,125.0,234.0,2.0,7097.0,6615.0,9.0,451.0,22.0,1295.0,918.0,469.0,53.0,6.0,5593.0,86.21,8.54,4.56,6.79,2.15,47.25,1.47391898379,0.0,1a,2820.0,50.0,130.0,50.0,10.0,300.0,2510.0,10.64,365000,450000,440000,415000,442500,325000.0,,21.23,26.0,19.0,15.0,0.0,0.0,13.0,6.0,33.0,3.0,34.0,13.0,9.2,4.6,1.0,0.3,0.0,0.0,0.0
E02000144,Bromley 018,Bromley South,E09000006,Bromley,E14001083,Beckenham and Penge,4312.0,1176.0,1418.0,64.0,241.0,1411.0,2.0,9940.0,8573.0,33.0,1178.0,156.0,1350.0,1297.0,1449.0,198.0,19.0,7928.0,60.16,32.72,5.59,13.75,5.03,31.31,17.7027241358,18.4626657636,4,4620.0,1130.0,410.0,660.0,140.0,2240.0,2360.0,48.48,410000,470000,460000,457500,485000,315000.0,,18.29,421.0,208.0,28.0,52.0,252.0,14.0,93.0,555.0,374.0,474.0,266.0,91.1,57.6,7.0,19.121000000000002,0.0,0.0,0.0
E02000152,Bromley 026,Bromley Common,E09000006,Bromley,E14001137,Bromley and Biggin Hill,3096.0,762.0,1119.0,34.0,843.0,338.0,0.0,7868.0,7223.0,17.0,578.0,50.0,935.0,1059.0,931.0,143.0,28.0,5898.0,60.76,10.92,27.23,8.2,5.52,30.2,3.99496366152,3.79080505965,1b,3200.0,50.0,50.0,580.0,20.0,960.0,2220.0,30.0,410750,518675,500000,513000,525000,327500.0,,27.81,19.0,19.0,7.0,0.0,5.0,3.0,1.0,9.0,0.0,11.0,8.0,5.9,2.5,1.0,2.9,0.0,0.0,0.0
E02000128,Bromley 002,Chislehurst North,E09000006,Bromley,E14001223,Eltham and Chislehurst,3063.0,1007.0,1206.0,13.0,361.0,476.0,0.0,7703.0,7094.0,17.0,545.0,47.0,1134.0,1149.0,675.0,92.0,13.0,5921.0,72.25,15.54,11.79,7.91,3.43,37.02,3.33930550074,3.14279717692,1b,3190.0,500.0,60.0,100.0,30.0,730.0,2430.0,22.88,450000,587500,510000,542500,550000,315000.0,,22.22,31.0,31.0,5.0,25.0,55.0,1.0,11.0,35.0,0.0,85.0,56.0,9.7,17.6,1.0,0.27,0.0,0.0,0.0
E02000139,Bromley 013,Clock House & Cator Park,E09000006,Bromley,E14001083,Beckenham and Penge,3310.0,802.0,1347.0,36.0,449.0,675.0,1.0,7621.0,6828.0,9.0,740.0,44.0,1085.0,1031.0,1055.0,124.0,13.0,5982.0,64.92,20.39,13.56,10.41,4.14,32.78,10.8091101661,11.46677372,3,3540.0,2110.0,130.0,240.0,70.0,1430.0,2110.0,40.4,470000,530000,535000,530000,590000,399062.0,,25.53,84.0,76.0,29.0,0.0,8.0,8.0,10.0,50.0,4.0,79.0,16.0,23.7,4.5,5.0,0.438,0.0,0.0,0.0
E02000132,Bromley 006,New Beckenham,E09000006,Bromley,E14001083,Beckenham and Penge,4942.0,1168.0,1381.0,103.0,649.0,1640.0,1.0,9680.0,8359.0,23.0,1205.0,93.0,936.0,1637.0,2069.0,278.0,22.0,8095.0,51.58,33.18,13.13,13.65,6.07,18.94,8.98567106514,8.6251605228,2,5560.0,590.0,540.0,740.0,330.0,4230.0,1300.0,76.08,385000,372000,378176,375000,385250,350750.0,292500.0,0.06,661.0,602.0,31.0,218.0,92.0,67.0,257.0,310.0,63.0,888.0,159.0,118.9,28.6,6.0,1.175,0.0,0.0,0.0
E02000161,Bromley 035,Orpington South,E09000006,Bromley,E14001417,Orpington,3345.0,1540.0,1374.0,3.0,82.0,346.0,0.0,8644.0,7996.0,25.0,563.0,60.0,1600.0,1172.0,516.0,50.0,7.0,6667.0,87.12,10.34,2.45,7.5,1.7,47.83,5.01831470553,4.55068092528,2,3450.0,50.0,360.0,20.0,10.0,230.0,3210.0,6.67,490000,580000,550000,565000,545000,260000.0,,11.22,14.0,14.0,5.0,0.0,8.0,2.0,2.0,2.0,6.0,18.0,10.0,4.1,2.9,1.0,0.18,0.0,0.0,0.0
E02000136,Bromley 010,Chislehurst East & Hoblingwell Wood,E09000006,Bromley,E14001417,Orpington,2294.0,875.0,771.0,10.0,434.0,203.0,1.0,5690.0,5206.0,16.0,436.0,32.0,921.0,685.0,580.0,95.0,14.0,4509.0,71.75,8.85,18.92,8.51,4.75,40.15,3.07098165646,3.3667499179,1b,2450.0,160.0,30.0,140.0,10.0,440.0,1970.0,17.96,495000,637500,512500,587500,600000,365000.0,,21.21,8.0,5.0,11.0,0.0,1.0,2.0,7.0,15.0,91.0,15.0,3.0,3.3,1.2,1.0,2.8,0.0,0.0,0.0
E02006787,Bromley 041,Elmers End,E09000006,Bromley,E14001083,Beckenham and Penge,3091.0,1034.0,1258.0,34.0,279.0,486.0,0.0,7795.0,7149.0,16.0,576.0,54.0,1281.0,957.0,727.0,109.0,15.0,5962.0,74.15,15.72,9.03,8.29,4.01,41.44,8.76723488005,9.2522135941,2,3210.0,710.0,100.0,100.0,20.0,570.0,2630.0,17.76,500000,630000,615000,612500,605000,277500.0,,21.0,48.0,47.0,19.0,0.0,14.0,5.0,49.0,28.0,5.0,92.0,19.0,15.0,5.9,2.0,0.121,0.0,0.0,0.0
E02000141,Bromley 015,Anerley South,E09000006,Bromley,E14001083,Beckenham and Penge,3092.0,770.0,1175.0,28.0,418.0,701.0,0.0,7122.0,6412.0,12.0,649.0,49.0,804.0,964.0,1118.0,185.0,20.0,5669.0,62.9,22.67,13.52,9.97,6.63,26.0,10.6781230745,10.835747092,3,3330.0,1750.0,100.0,50.0,20.0,1750.0,1560.0,52.55,400000,417500,390000,468875,460000,335000.0,,15.0,50.0,50.0,20.0,0.0,4.0,8.0,73.0,5.0,3.0,133.0,12.0,15.0,3.6,0.0,0.0,0.0,0.0,0.0
E02000159,Bromley 033,Keston,E09000006,Bromley,E14001137,Bromley and Biggin Hill,2821.0,1318.0,1120.0,10.0,78.0,295.0,0.0,7061.0,6540.0,13.0,467.0,41.0,1589.0,819.0,368.0,38.0,8.0,5714.0,86.42,10.46,2.76,7.38,1.63,56.33,3.95529309298,3.81969252762,1b,2960.0,390.0,210.0,160.0,50.0,370.0,2570.0,12.5,620000,770000,715000,740000,630000,351500.0,,1.61,9.0,7.0,33.0,1.0,2.0,12.0,11.0,34.0,1.0,32.0,14.0,3.0,4.7,3.0,1.49,0.0,0.0,0.0
E02000134,Bromley 008,Bromley North & Sundridge,E09000006,Bromley,E14001137,Bromley and Biggin Hill,5300.0,1183.0,1652.0,16.0,773.0,1669.0,7.0,11561.0,10069.0,36.0,1314.0,142.0,1149.0,1727.0,2078.0,318.0,27.0,9223.0,53.49,31.49,14.58,12.91,6.51,21.68,11.9000758526,8.93113490865,3,5770.0,2730.0,350.0,310.0,90.0,3500.0,2220.0,60.66,360750,400000,400000,425000,395150,317500.0,,9.54,92.0,77.0,35.0,2.0,100.0,46.0,45.0,108.0,8.0,252.0,146.0,15.9,25.3,7.0,6.22,0.0,0.0,0.0
E02000137,Bromley 011,Shortlands Bromley Road,E09000006,Bromley,E14001083,Beckenham and Penge,3676.0,1232.0,1288.0,16.0,243.0,896.0,1.0,8302.0,7458.0,15.0,766.0,63.0,1262.0,1095.0,1172.0,130.0,15.0,6669.0,68.55,24.37,6.61,10.17,3.94,34.33,6.47357094212,5.70313547047,2,3830.0,620.0,190.0,130.0,50.0,2050.0,1770.0,53.52,397000,435000,416500,450000,495000,345000.0,,24.69,62.0,61.0,18.0,0.0,26.0,1.0,14.0,67.0,27.0,72.0,27.0,16.2,7.0,3.0,0.493,0.0,0.0,0.0
E02000163,Bromley 037,Chelsfield & Green Street Green,E09000006,Bromley,E14001417,Orpington,3068.0,1371.0,1208.0,14.0,196.0,278.0,1.0,7649.0,7059.0,10.0,546.0,34.0,1659.0,911.0,443.0,47.0,11.0,6093.0,84.06,9.06,6.39,7.71,1.89,54.07,1.11962876921,0.70492087655,1a,3200.0,380.0,100.0,130.0,40.0,280.0,2900.0,8.75,520000,575000,626250,625000,615000,272500.0,,18.27,21.0,20.0,36.0,0.0,2.0,15.0,10.0,14.0,19.0,38.0,17.0,6.6,5.3,2.0,0.17200000000000001,51.0,51.0,0.0
E02006789,Bromley 042,Biggin Hill East & Cudham,E09000006,Bromley,E14001137,Bromley and Biggin Hill,2788.0,1471.0,886.0,16.0,145.0,270.0,0.0,6727.0,6237.0,15.0,451.0,24.0,1333.0,883.0,495.0,65.0,12.0,5517.0,84.54,9.68,5.2,7.28,2.76,47.81,0.878685028143,0.0,1a,2910.0,300.0,290.0,230.0,60.0,360.0,2420.0,12.37,434975,550000,570000,570000,550000,270000.0,,26.44,33.0,31.0,30.0,0.0,6.0,16.0,3.0,62.0,21.0,30.0,22.0,11.3,7.6,4.0,1.66,0.0,0.0,0.0
E02000138,Bromley 012,Beckenham East & Kelsey Park,E09000006,Bromley,E14001083,Beckenham and Penge,4139.0,1574.0,1174.0,17.0,164.0,1209.0,1.0,8425.0,7460.0,22.0,879.0,64.0,1362.0,1440.0,1235.0,91.0,11.0,7107.0,66.39,29.21,3.96,11.45,2.46,32.91,6.63412404344,5.2223746804,2,4410.0,570.0,310.0,210.0,40.0,2720.0,1680.0,61.68,425000,466124,455000,487500,442000,385000.0,,4.0,88.0,75.0,23.0,6.0,6.0,11.0,13.0,61.0,1.0,77.0,17.0,20.0,3.9,4.0,0.596,0.0,0.0,0.0
E02000145,Bromley 019,St Mary Cray East,E09000006,Bromley,E14001417,Orpington,3514.0,747.0,1011.0,79.0,1163.0,514.0,0.0,8692.0,8081.0,22.0,546.0,43.0,645.0,1150.0,1377.0,308.0,34.0,6480.0,50.03,14.63,33.1,7.03,9.73,18.36,1.07803997114,0.0,1a,3710.0,280.0,150.0,200.0,20.0,1050.0,2570.0,28.3,293000,355000,350000,370000,350000,210000.0,,19.45,22.0,14.0,14.0,0.0,2.0,4.0,1.0,30.0,0.0,18.0,6.0,5.9,1.6,0.0,0.0,0.0,0.0,0.0
E02000149,Bromley 023,St Mary Cray South,E09000006,Bromley,E14001417,Orpington,3284.0,995.0,1143.0,37.0,642.0,465.0,2.0,8053.0,7418.0,11.0,586.0,38.0,923.0,1204.0,984.0,156.0,19.0,6311.0,65.1,14.16,19.55,7.89,5.33,28.11,7.47634447654,7.75728347947,2,3390.0,310.0,80.0,100.0,40.0,520.0,2870.0,15.34,355000,442000,430000,435000,445000,272500.0,,25.35,53.0,49.0,14.0,12.0,11.0,4.0,1.0,3.0,0.0,26.0,15.0,15.6,4.4,0.0,0.0,0.0,0.0,0.0
E02000154,Bromley 028,Orpington West,E09000006,Bromley,E14001417,Orpington,3573.0,1312.0,1249.0,27.0,281.0,704.0,0.0,8436.0,7623.0,16.0,712.0,85.0,1484.0,1085.0,871.0,123.0,10.0,6799.0,71.68,19.7,7.86,9.64,3.72,41.53,12.2133370364,12.2160690922,3,3880.0,480.0,200.0,520.0,150.0,1280.0,2580.0,32.99,410000,421750,485000,459500,480000,292000.0,,17.07,165.0,165.0,36.0,0.0,36.0,17.0,51.0,33.0,15.0,233.0,53.0,42.5,13.7,7.0,0.435,0.0,0.0,0.0
E02000155,Bromley 029,Orpington East,E09000006,Bromley,E14001417,Orpington,3040.0,1403.0,1049.0,26.0,254.0,307.0,1.0,7083.0,6494.0,13.0,538.0,38.0,1123.0,1161.0,644.0,94.0,19.0,5821.0,80.66,10.1,8.36,8.32,3.72,36.94,6.36751355094,4.27577184372,2,3200.0,140.0,40.0,40.0,30.0,320.0,2880.0,10.0,357250,472500,430000,425000,457500,240000.0,,28.06,22.0,12.0,11.0,0.0,75.0,1.0,6.0,9.0,7.0,97.0,76.0,6.9,23.8,3.0,0.86,115.0,115.0,0.0
E02000140,Bromley 014,St Mary Cray North,E09000006,Bromley,E14001417,Orpington,3337.0,619.0,933.0,53.0,1397.0,335.0,0.0,8590.0,8007.0,19.0,519.0,45.0,674.0,988.0,1353.0,272.0,46.0,6343.0,46.51,10.04,41.86,6.79,9.53,20.2,6.21690600045,5.57512153634,2,3470.0,10.0,130.0,100.0,10.0,810.0,2650.0,23.34,301500,425000,385000,415000,400000,221250.0,,32.67,20.0,15.0,14.0,0.0,12.0,3.0,2.0,12.0,3.0,14.0,15.0,5.8,4.3,1.0,0.17,0.0,0.0,0.0
E02000158,Bromley 032,Goddington,E09000006,Bromley,E14001417,Orpington,3033.0,1191.0,934.0,28.0,638.0,238.0,4.0,7677.0,7099.0,20.0,518.0,40.0,1373.0,877.0,640.0,124.0,18.0,5892.0,70.06,7.85,21.04,7.53,4.68,45.27,3.73734804064,2.87386437271,1b,3140.0,40.0,190.0,160.0,10.0,560.0,2560.0,17.83,460000,590000,577500,573750,580000,,,26.09,15.0,15.0,12.0,0.0,5.0,1.0,0.0,3.0,8.0,17.0,6.0,4.8,1.9,0.0,0.0,0.0,0.0,0.0
E02000131,Bromley 005,Crystal Palace Park,E09000006,Bromley,E14001083,Beckenham and Penge,5067.0,535.0,1546.0,67.0,1157.0,1759.0,3.0,10289.0,8825.0,25.0,1334.0,105.0,578.0,1454.0,2604.0,381.0,51.0,8425.0,41.07,34.71,22.83,14.23,8.53,11.41,14.1081671047,12.6893766466,3,5300.0,2340.0,160.0,650.0,180.0,4650.0,640.0,87.74,390000,405000,408400,392000,390000,380000.0,,0.0,344.0,343.0,19.0,91.0,34.0,224.0,39.0,14.0,6.0,296.0,258.0,64.9,48.7,6.0,2.359,0.0,0.0,0.0
E02000160,Bromley 034,Hayes South & Coney Hall,E09000006,Bromley,E14001137,Bromley and Biggin Hill,3042.0,1350.0,1222.0,20.0,104.0,343.0,3.0,8066.0,7483.0,26.0,539.0,18.0,1320.0,1020.0,626.0,65.0,8.0,6317.0,84.55,11.28,3.42,7.23,2.4,43.39,1.90644774084,1.49094416805,1a,3220.0,130.0,20.0,200.0,130.0,630.0,2580.0,19.57,532500,650000,691250,618750,674750,283500.0,,26.71,116.0,80.0,18.0,0.0,4.0,6.0,28.0,50.0,11.0,88.0,10.0,36.0,3.1,1.0,2.3,0.0,0.0,0.0
E02000130,Bromley 004,Penge East,E09000006,Bromley,E14001083,Beckenham and Penge,3662.0,845.0,1314.0,44.0,641.0,816.0,2.0,8312.0,7434.0,25.0,780.0,73.0,1120.0,1054.0,1280.0,177.0,34.0,6665.0,58.96,22.28,17.5,10.56,5.76,30.58,8.57922934515,7.86353781374,2,3870.0,2480.0,120.0,190.0,70.0,1870.0,1990.0,48.32,490750,562500,542700,600000,612000,400000.0,,24.71,117.0,87.0,42.0,33.0,6.0,6.0,27.0,66.0,29.0,112.0,12.0,30.2,3.1,4.0,0.111,0.0,0.0,0.0
E02000135,Bromley 009,Anerley North & Penge West,E09000006,Bromley,E14001083,Beckenham and Penge,4439.0,358.0,813.0,92.0,2062.0,1108.0,6.0,9749.0,8734.0,18.0,924.0,73.0,453.0,1118.0,2350.0,463.0,59.0,7701.0,26.38,24.96,46.45,10.41,11.76,10.21,12.0367078042,12.3669200051,3,4860.0,1520.0,320.0,210.0,110.0,3610.0,1240.0,74.28,320000,363370,345000,357750,360000,325000.0,,12.5,138.0,130.0,33.0,16.0,16.0,39.0,71.0,35.0,501.0,230.0,55.0,28.4,11.3,3.0,0.204,0.0,0.0,0.0
E02000162,Bromley 036,Farnborough,E09000006,Bromley,E14001417,Orpington,2965.0,1192.0,967.0,10.0,499.0,297.0,0.0,7068.0,6484.0,10.0,534.0,40.0,1155.0,1007.0,721.0,73.0,8.0,5619.0,72.82,10.02,16.83,8.26,2.73,38.95,0.917308347179,0.553251044714,1a,3090.0,430.0,150.0,160.0,30.0,610.0,2470.0,19.74,440000,527500,429500,547500,521750,294500.0,,18.58,132.0,132.0,14.0,12.0,1.0,27.0,8.0,6.0,7.0,43.0,28.0,42.7,9.1,0.0,0.0,0.0,0.0,0.0
E02000157,Bromley 031,Crofton,E09000006,Bromley,E14001417,Orpington,3280.0,1609.0,1300.0,4.0,64.0,303.0,0.0,8310.0,7683.0,27.0,543.0,57.0,1729.0,1087.0,426.0,36.0,1.0,6515.0,88.69,9.24,1.95,7.55,1.13,52.71,6.92611130354,4.95618265588,2,3390.0,20.0,0.0,30.0,20.0,200.0,3190.0,5.9,550500,632500,646000,600000,630000,353000.0,,14.44,68.0,33.0,11.0,78.0,3.0,6.0,2.0,21.0,4.0,65.0,9.0,20.1,2.7,3.0,0.8640000000000001,0.0,0.0,0.0
E02000127,Bromley 001,Mottingham,E09000006,Bromley,E14001223,Eltham and Chislehurst,3789.0,733.0,1121.0,38.0,1237.0,656.0,4.0,9210.0,8490.0,15.0,653.0,52.0,876.0,1179.0,1410.0,285.0,35.0,6970.0,48.93,17.31,32.65,7.82,8.45,23.12,4.59412800051,5.20267456296,1b,3960.0,280.0,70.0,10.0,0.0,1050.0,2910.0,26.52,342000,405000,387000,400000,410000,274000.0,,19.88,13.0,13.0,11.0,0.0,7.0,6.0,2.0,19.0,2.0,16.0,13.0,3.3,3.3,0.0,0.0,0.0,0.0,0.0
E02000153,Bromley 027,Hayes North,E09000006,Bromley,E14001137,Bromley and Biggin Hill,2895.0,1242.0,1392.0,4.0,113.0,144.0,0.0,8049.0,7552.0,30.0,441.0,26.0,1507.0,961.0,366.0,53.0,6.0,6145.0,90.98,4.97,3.9,6.17,2.04,52.06,4.58426472082,4.23478833372,1b,2980.0,20.0,10.0,70.0,20.0,50.0,2920.0,1.68,590000,725000,645000,672500,668000,,,13.22,28.0,28.0,11.0,0.0,4.0,8.0,1.0,1.0,0.0,30.0,12.0,9.4,4.0,0.0,0.0,0.0,0.0,0.0
E02000150,Bromley 024,Eden Park & Bethlem,E09000006,Bromley,E14001083,Beckenham and Penge,3115.0,1132.0,1356.0,17.0,286.0,324.0,0.0,8452.0,7802.0,24.0,565.0,61.0,1411.0,978.0,638.0,82.0,6.0,6524.0,79.87,10.4,9.18,7.69,2.83,45.3,4.33874771737,4.62065185962,1b,3440.0,30.0,430.0,250.0,210.0,550.0,2880.0,15.99,526000,717500,705000,635000,670000,250000.0,,27.38,288.0,286.0,6.0,119.0,148.0,10.0,12.0,12.0,0.0,449.0,158.0,83.7,45.9,3.0,3.3280000000000003,0.0,0.0,0.0
E02007115,Camden 029,King's Cross & Bloomsbury North,E09000007,Camden,E14001290,Holborn and St Pancras,4469.0,460.0,282.0,23.0,2252.0,1430.0,22.0,11518.0,7795.0,485.0,2000.0,1238.0,282.0,968.0,2633.0,448.0,139.0,10237.0,16.6,32.0,50.39,32.32,13.13,6.31,61.1356586862,61.7825377099,6b,6350.0,3460.0,280.0,390.0,150.0,5990.0,210.0,94.33,640000,569250,545000,551500,520000,520000.0,,-18.75,61.0,26.0,24.0,41.0,30.0,5.0,154.0,11.0,272.0,231.0,35.0,9.6,5.5,7.0,1.3775709999999999,206.0,206.0,70.0
E02000191,Camden 026,Fitzrovia East & Bloomsbury West,E09000007,Camden,E14001290,Holborn and St Pancras,2107.0,320.0,187.0,18.0,511.0,1065.0,6.0,5313.0,2910.0,278.0,1392.0,733.0,160.0,606.0,1194.0,121.0,23.0,4952.0,24.06,50.55,24.25,45.23,6.83,7.59,60.8739488345,58.4339105266,6b,3670.0,1610.0,130.0,200.0,120.0,3480.0,130.0,94.82,670000,756500,730000,850000,679000,679000.0,,1.34,101.0,88.0,26.0,17.0,84.0,10.0,3.0,7.0,144.0,65.0,94.0,27.5,25.6,9.0,1.13,143.0,143.0,15.0
E02000193,Camden 028,"Holborn, St Giles & Bloomsbury South",E09000007,Camden,E14001290,Holborn and St Pancras,3100.0,475.0,252.0,38.0,1064.0,1262.0,9.0,5932.0,4239.0,308.0,929.0,456.0,293.0,701.0,1893.0,179.0,35.0,5420.0,23.45,40.71,34.32,28.54,6.9,9.45,62.3047528038,65.2271944623,6b,4870.0,2180.0,350.0,440.0,110.0,4670.0,110.0,95.89,775000,765000,680000,866000,590000,600000.0,,-23.87,304.0,286.0,34.0,79.0,129.0,14.0,12.0,11.0,19.0,116.0,143.0,62.4,29.4,18.0,2.21,259.0,259.0,0.0
E02000183,Camden 018,Primrose Hill,E09000007,Camden,E14001290,Holborn and St Pancras,3616.0,703.0,545.0,15.0,1176.0,1169.0,8.0,7505.0,6236.0,75.0,938.0,256.0,624.0,1018.0,1724.0,211.0,41.0,6299.0,34.51,32.33,32.52,16.91,6.97,17.26,17.2483881671,13.8959134019,4,4300.0,2350.0,310.0,170.0,130.0,3450.0,820.0,80.23,1055000,1155000,1155000,936362,920000,822500.0,,-12.8,363.0,248.0,32.0,45.0,658.0,363.0,1.0,1.0,11.0,540.0,1021.0,84.4,237.4,9.0,4.689007,851.0,851.0,30.0
E02000186,Camden 021,Camden Town & Mornington Crescent,E09000007,Camden,E14001290,Holborn and St Pancras,2940.0,435.0,320.0,18.0,885.0,1276.0,6.0,6182.0,4535.0,230.0,1118.0,299.0,408.0,673.0,1615.0,198.0,47.0,5347.0,25.68,43.4,30.1,26.64,8.33,13.88,28.2776617516,29.4703643637,6a,4080.0,2090.0,310.0,530.0,110.0,3530.0,500.0,86.52,910000,995000,1152750,807350,750000,607500.0,,-17.58,86.0,79.0,33.0,31.0,32.0,615.0,13.0,18.0,36.0,663.0,647.0,21.1,158.6,5.0,5.435084,729.0,929.0,900.0
E02000184,Camden 019,Camden Street & Elm Village,E09000007,Camden,E14001290,Holborn and St Pancras,3633.0,333.0,337.0,85.0,1599.0,1264.0,15.0,8829.0,6490.0,309.0,1513.0,517.0,326.0,965.0,1892.0,361.0,90.0,7570.0,18.44,34.79,44.01,26.49,12.41,8.97,33.9606598546,36.6184994452,6a,4770.0,1370.0,340.0,1070.0,480.0,4280.0,470.0,89.73,715500,562000,590000,606250,610000,563500.0,,-14.74,419.0,248.0,23.0,103.0,400.0,3.0,6.0,5.0,168.0,208.0,403.0,87.8,84.5,12.0,9.51,1135.0,1135.0,530.0
E02000156,Bromley 030,West Wickham,E09000006,Bromley,E14001083,Beckenham and Penge,4862.0,2213.0,1805.0,22.0,258.0,563.0,1.0,12210.0,11307.0,35.0,802.0,66.0,2439.0,1388.0,929.0,87.0,17.0,9761.0,82.64,11.58,5.31,7.4,2.14,50.16,3.65447271387,3.66324635347,1b,5020.0,130.0,140.0,130.0,20.0,990.0,3980.0,19.72,552500,672500,630000,660000,680000,248750.0,,23.08,43.0,17.0,13.0,14.0,3.0,14.0,21.0,7.0,38.0,76.0,17.0,8.6,3.4,0.0,0.0,0.0,0.0,0.0
E02000176,Camden 011,Belsize Park,E09000007,Camden,E14001265,Hampstead and Highgate,3000.0,653.0,503.0,14.0,307.0,1522.0,1.0,5831.0,4678.0,30.0,926.0,197.0,438.0,1039.0,1432.0,80.0,12.0,4894.0,38.53,50.73,10.23,19.77,3.07,14.6,19.8191698774,17.5126557022,4,3410.0,2440.0,10.0,40.0,20.0,3170.0,220.0,92.96,990000,857500,975000,910500,883000,875000.0,,-10.81,64.0,63.0,22.0,4.0,6.0,3.0,1.0,8.0,3.0,23.0,9.0,18.8,2.6,1.0,0.1,15.0,15.0,0.0
E02000147,Bromley 021,Langley Park,E09000006,Bromley,E14001083,Beckenham and Penge,3166.0,1363.0,1201.0,2.0,133.0,466.0,1.0,8117.0,7490.0,35.0,546.0,46.0,1685.0,809.0,592.0,73.0,7.0,6334.0,80.99,14.72,4.2,7.72,2.53,53.22,3.77568019569,3.63754938537,1b,3310.0,120.0,130.0,40.0,0.0,890.0,2380.0,26.89,728000,800000,850000,825000,835000,367500.0,,14.7,6.0,6.0,8.0,0.0,0.0,0.0,0.0,5.0,12.0,4.0,0.0,1.8,0.0,0.0,0.0,0.0,0.0,0.0
E02000179,Camden 014,Adelaide Road,E09000007,Camden,E14001265,Hampstead and Highgate,2549.0,531.0,380.0,5.0,748.0,877.0,8.0,5684.0,4876.0,42.0,609.0,157.0,426.0,786.0,1111.0,179.0,49.0,4578.0,35.74,34.41,29.34,14.22,8.94,16.71,15.4444401908,14.250639029,4,3090.0,1080.0,80.0,30.0,0.0,2590.0,510.0,83.82,925000,1285000,1225000,1160000,1200000,850000.0,,29.73,12.0,10.0,13.0,2.0,2.0,1.0,0.0,1.0,0.0,4.0,3.0,3.9,1.0,1.0,0.24,9.0,9.0,0.0
E02000151,Bromley 025,Petts Wood,E09000006,Bromley,E14001417,Orpington,2972.0,1401.0,1263.0,4.0,66.0,237.0,1.0,7473.0,6986.0,13.0,451.0,23.0,1755.0,859.0,319.0,33.0,4.0,5846.0,89.64,7.97,2.22,6.52,1.24,59.05,5.94294069168,4.88877544581,2,3070.0,60.0,30.0,10.0,0.0,260.0,2810.0,8.47,612500,757500,650000,700000,750000,340000.0,,22.45,5.0,5.0,3.0,0.0,4.0,0.0,3.0,7.0,0.0,12.0,4.0,1.6,1.3,0.0,0.0,0.0,0.0,0.0
E02006782,Bromley 040,Plaistow (Bromley),E09000006,Bromley,E14001137,Bromley and Biggin Hill,3198.0,1028.0,1131.0,31.0,583.0,423.0,2.0,8030.0,7411.0,18.0,541.0,60.0,1242.0,928.0,837.0,161.0,28.0,6314.0,67.51,13.23,18.23,7.71,5.91,38.84,3.88095809885,4.15204207815,1b,3380.0,260.0,90.0,110.0,50.0,650.0,2730.0,19.23,428000,515000,502500,512000,483500,327000.0,,12.97,61.0,61.0,9.0,25.0,79.0,1.0,2.0,25.0,0.0,116.0,80.0,18.0,23.7,0.0,0.0,0.0,0.0,0.0
E02000180,Camden 015,Camden Road South,E09000007,Camden,E14001290,Holborn and St Pancras,3514.0,461.0,477.0,34.0,1364.0,1169.0,9.0,7811.0,6223.0,214.0,1188.0,186.0,394.0,950.0,1791.0,316.0,65.0,6600.0,26.69,33.27,38.82,20.33,10.84,11.21,14.9622965431,10.1461890072,3,4030.0,1920.0,260.0,500.0,60.0,3370.0,620.0,83.62,593750,665000,626500,690000,560000,509268.0,,-5.68,45.0,36.0,27.0,24.0,233.0,13.0,1.0,14.0,11.0,260.0,246.0,11.2,61.0,3.0,0.38,42.0,42.0,0.0
E02000174,Camden 009,Kentish Town East,E09000007,Camden,E14001290,Holborn and St Pancras,3551.0,484.0,541.0,9.0,1507.0,1003.0,7.0,8013.0,6730.0,112.0,1052.0,119.0,456.0,873.0,1847.0,305.0,70.0,6589.0,28.87,28.25,42.44,16.01,10.56,12.84,21.4819766332,20.3494710199,5,4010.0,2680.0,200.0,110.0,30.0,3510.0,470.0,87.53,675000,621500,615000,615000,615000,575000.0,,-8.89,63.0,50.0,28.0,1.0,22.0,18.0,0.0,12.0,7.0,64.0,40.0,15.7,10.0,6.0,0.371813,44.0,44.0,0.0
E02000178,Camden 013,Kilburn Grange,E09000007,Camden,E14001265,Hampstead and Highgate,4166.0,365.0,612.0,43.0,1334.0,1798.0,14.0,8790.0,6984.0,51.0,1544.0,211.0,359.0,990.0,2288.0,436.0,93.0,7458.0,23.45,43.16,32.02,20.55,12.7,8.62,24.1308142326,25.6145495904,5,4760.0,3020.0,140.0,440.0,200.0,4300.0,400.0,90.34,562500,542000,665000,662500,625000,577500.0,843500.0,11.11,272.0,251.0,33.0,24.0,7.0,22.0,0.0,2.0,45.0,74.0,29.0,57.1,6.1,5.0,0.98,141.0,141.0,0.0
E02000170,Camden 005,Fortune Green,E09000007,Camden,E14001265,Hampstead and Highgate,3462.0,715.0,815.0,24.0,410.0,1497.0,1.0,7847.0,6393.0,44.0,1223.0,187.0,870.0,944.0,1442.0,172.0,37.0,6419.0,44.19,43.24,11.84,18.53,6.04,25.13,12.5479503865,10.3605659024,3,3880.0,2870.0,40.0,130.0,10.0,3000.0,820.0,77.32,735000,720000,936250,800000,852500,731250.0,3485000.0,15.99,46.0,35.0,35.0,0.0,50.0,5.0,2.0,32.0,19.0,59.0,55.0,11.9,14.2,1.0,0.06,15.0,15.0,0.0
E02000173,Camden 008,Fitzjohns & Royal Free,E09000007,Camden,E14001265,Hampstead and Highgate,3503.0,728.0,517.0,9.0,585.0,1659.0,5.0,7394.0,5832.0,66.0,1162.0,334.0,596.0,1053.0,1685.0,147.0,22.0,6064.0,35.54,47.36,16.7,21.13,4.82,17.01,25.6277060848,25.4946219521,6a,4140.0,2510.0,320.0,280.0,210.0,3630.0,460.0,87.68,1175000,1110000,1167500,1075000,1265278,1200000.0,,7.68,107.0,94.0,42.0,1.0,52.0,48.0,3.0,4.0,81.0,115.0,100.0,25.8,24.2,9.0,1.1526020000000001,153.0,153.0,0.0
E02000169,Camden 004,Frognal,E09000007,Camden,E14001265,Hampstead and Highgate,3027.0,890.0,637.0,27.0,267.0,1203.0,3.0,7094.0,5886.0,40.0,927.0,241.0,926.0,1026.0,955.0,98.0,22.0,5558.0,50.45,39.74,8.82,17.03,3.96,30.59,11.8353256938,9.84999843707,3,3610.0,1960.0,180.0,360.0,150.0,2750.0,800.0,76.18,1027500,1337500,1290500,1255000,1255000,1180000.0,,22.14,222.0,215.0,36.0,31.0,9.0,14.0,30.0,11.0,8.0,73.0,23.0,61.5,6.4,3.0,0.47677400000000003,39.0,39.0,0.0
E02000171,Camden 006,Mansfield Road & Park Hill Road,E09000007,Camden,E14001265,Hampstead and Highgate,3330.0,736.0,656.0,35.0,895.0,1005.0,3.0,7318.0,6208.0,46.0,905.0,159.0,655.0,1027.0,1440.0,177.0,31.0,6060.0,41.8,30.18,26.88,15.17,6.25,19.67,14.8335485293,15.6787371183,3,3660.0,2380.0,30.0,80.0,0.0,2840.0,770.0,77.6,800000,853000,840000,795000,928750,735000.0,,16.09,33.0,31.0,23.0,0.0,3.0,0.0,1.0,1.0,5.0,25.0,3.0,9.0,0.8,0.0,0.0,0.0,0.0,0.0
E02000172,Camden 007,Kentish Town West,E09000007,Camden,E14001290,Holborn and St Pancras,4036.0,433.0,466.0,37.0,2237.0,842.0,21.0,9897.0,8380.0,118.0,1112.0,287.0,437.0,924.0,2080.0,489.0,105.0,7908.0,22.27,20.86,55.43,15.33,14.72,10.83,19.5714046097,20.0549661291,4,4930.0,1260.0,310.0,650.0,440.0,4170.0,700.0,84.58,594262,655000,794000,590000,603500,540000.0,,1.55,74.0,64.0,23.0,9.0,218.0,22.0,0.0,22.0,51.0,54.0,240.0,15.0,48.7,8.0,2.7300000000000004,346.0,346.0,80.0
E02000167,Camden 002,Hampstead Town,E09000007,Camden,E14001265,Hampstead and Highgate,3375.0,1143.0,633.0,14.0,317.0,1258.0,10.0,7128.0,5840.0,46.0,1008.0,234.0,1010.0,1074.0,1199.0,74.0,16.0,5855.0,52.62,37.27,9.39,18.07,2.67,29.93,7.81269918367,8.11329286388,2,3920.0,2850.0,50.0,30.0,20.0,2560.0,1300.0,65.31,1290000,1800000,1460000,1227500,1800000,930000.0,,39.53,40.0,38.0,38.0,12.0,6.0,7.0,0.0,1.0,2.0,23.0,13.0,10.2,3.3,0.0,0.0,0.0,0.0,0.0
E02000166,Camden 001,Highgate West,E09000007,Camden,E14001265,Hampstead and Highgate,3395.0,867.0,639.0,29.0,1217.0,626.0,17.0,7684.0,6810.0,35.0,739.0,100.0,912.0,817.0,1410.0,205.0,52.0,6319.0,44.36,18.44,35.85,11.37,7.57,26.86,5.80226448064,3.9001854728,2,3820.0,1330.0,50.0,130.0,50.0,2750.0,1010.0,71.99,880000,707000,1085000,825000,955500,705000.0,,8.58,60.0,58.0,12.0,37.0,29.0,4.0,0.0,2.0,12.0,17.0,33.0,15.7,8.6,4.0,1.29,74.0,74.0,0.0
E02000168,Camden 003,Tufnell Park West,E09000007,Camden,E14001290,Holborn and St Pancras,3494.0,713.0,702.0,19.0,983.0,1069.0,8.0,7737.0,6521.0,84.0,998.0,134.0,679.0,925.0,1669.0,188.0,33.0,6445.0,40.5,30.6,28.13,15.72,6.33,19.43,20.964730038,21.0676554619,5,3800.0,2770.0,110.0,110.0,0.0,2770.0,950.0,72.89,775000,815000,720000,765000,782500,686750.0,845000.0,0.97,116.0,66.0,29.0,13.0,34.0,11.0,4.0,0.0,18.0,66.0,45.0,30.5,11.8,5.0,0.8,86.0,86.0,0.0
E02000192,Camden 027,Hatton Garden & Theobalds Road,E09000007,Camden,E14001290,Holborn and St Pancras,3090.0,297.0,262.0,9.0,1568.0,939.0,15.0,6617.0,5527.0,160.0,691.0,239.0,241.0,729.0,1720.0,318.0,81.0,5597.0,18.09,30.39,50.74,16.47,12.91,7.8,53.0719906697,55.3832819872,6b,4270.0,1760.0,590.0,550.0,370.0,4050.0,120.0,94.85,830000,1140000,880000,750500,685000,585180.0,,-17.47,438.0,388.0,42.0,94.0,46.0,18.0,2.0,23.0,26.0,95.0,64.0,102.6,15.0,12.0,3.763877,612.0,612.0,150.0
E02000185,Camden 020,Kilburn East,E09000007,Camden,E14001265,Hampstead and Highgate,4071.0,334.0,413.0,43.0,1844.0,1415.0,22.0,8797.0,7454.0,48.0,1115.0,180.0,318.0,842.0,2318.0,473.0,118.0,7010.0,18.35,34.76,45.3,15.27,14.52,7.81,23.0526236216,22.0683421191,5,4470.0,1240.0,260.0,200.0,140.0,4190.0,250.0,93.74,485000,640000,500000,652000,575000,502500.0,,18.56,28.0,12.0,14.0,0.0,246.0,9.0,0.0,3.0,31.0,105.0,255.0,6.3,57.0,3.0,0.6900000000000001,80.0,80.0,0.0
E02000188,Camden 023,Euston,E09000007,Camden,E14001290,Holborn and St Pancras,2719.0,188.0,133.0,13.0,1819.0,550.0,16.0,7111.0,5743.0,193.0,867.0,308.0,247.0,525.0,1407.0,414.0,126.0,5733.0,11.81,20.23,66.9,19.24,19.86,9.08,45.6361823759,41.6584175024,6b,3410.0,390.0,150.0,360.0,30.0,3290.0,80.0,96.48,407344,446750,560000,420000,528000,528000.0,,29.62,1.0,1.0,3.0,106.0,10.0,81.0,21.0,0.0,0.0,29.0,91.0,0.3,26.7,1.0,10.6,250.0,900.0,900.0
E02000177,Camden 012,Chalk Farm,E09000007,Camden,E14001290,Holborn and St Pancras,3654.0,438.0,472.0,10.0,1703.0,1020.0,11.0,8402.0,7066.0,111.0,1047.0,178.0,396.0,951.0,1834.0,374.0,99.0,6887.0,24.9,27.91,46.61,15.9,12.94,10.84,20.6113173735,19.8358675308,5,4550.0,1340.0,100.0,610.0,270.0,4040.0,470.0,88.79,607500,545000,650000,632500,630000,595000.0,,3.7,310.0,193.0,24.0,115.0,105.0,2.0,1.0,0.0,12.0,150.0,107.0,68.1,23.5,9.0,1.77,360.0,360.0,0.0
E02000202,Croydon 009,Thornton Heath West,E09000008,Croydon,E14001188,Croydon West,3037.0,866.0,985.0,17.0,229.0,938.0,2.0,8839.0,8007.0,21.0,705.0,106.0,817.0,857.0,962.0,312.0,84.0,6862.0,60.95,30.89,7.54,9.41,13.04,26.9,7.54898951598,6.78754948156,2,3170.0,2290.0,10.0,70.0,70.0,710.0,2450.0,22.4,357000,460000,437500,422500,439000,,,22.97,71.0,59.0,28.0,68.0,8.0,7.0,9.0,45.0,6.0,43.0,15.0,22.4,4.7,4.0,0.44000000000000006,52.0,57.0,20.0
E02000203,Croydon 010,Thornton Heath Central,E09000008,Croydon,E14001188,Croydon West,3117.0,530.0,728.0,77.0,659.0,1115.0,8.0,7864.0,7054.0,15.0,707.0,88.0,517.0,706.0,1409.0,398.0,88.0,6082.0,40.36,35.77,21.14,10.3,15.59,16.59,11.3344148535,11.9763794157,3,3300.0,2070.0,120.0,70.0,10.0,1680.0,1600.0,50.91,342500,410000,395000,350000,372500,247500.0,,8.76,62.0,37.0,36.0,0.0,67.0,23.0,80.0,37.0,118.0,173.0,90.0,18.8,27.3,11.0,3.2840000000000003,257.0,732.0,661.0
E02000208,Croydon 015,University Hospital & Queen's Road,E09000008,Croydon,E14001188,Croydon West,4098.0,421.0,781.0,156.0,1269.0,1445.0,26.0,10670.0,9417.0,17.0,1088.0,148.0,405.0,838.0,1998.0,706.0,152.0,7865.0,29.33,35.26,30.97,11.74,20.94,9.88,9.74562834701,10.0950041641,2,4440.0,1710.0,620.0,470.0,130.0,2820.0,1600.0,63.51,270000,300500,290000,284000,272000,240000.0,,0.74,275.0,252.0,53.0,63.0,9.0,13.0,61.0,57.0,177.0,291.0,22.0,61.9,5.0,13.0,10.425,192.0,533.0,465.0
E02000206,Croydon 013,Selhurst North,E09000008,Croydon,E14001188,Croydon West,4466.0,597.0,1081.0,91.0,1120.0,1564.0,13.0,10660.0,9520.0,16.0,1002.0,122.0,545.0,1149.0,2090.0,596.0,86.0,8085.0,37.57,35.02,25.08,10.69,15.27,12.2,9.05565189986,9.56405530634,2,4720.0,2830.0,110.0,450.0,200.0,2790.0,1920.0,59.11,290000,350000,324000,325000,327000,280000.0,,12.76,198.0,154.0,56.0,11.0,19.0,25.0,6.0,112.0,15.0,117.0,44.0,41.9,9.3,11.0,1.137,116.0,116.0,0.0
E02000212,Croydon 019,Broad Green & Waddon Marsh,E09000008,Croydon,E14001188,Croydon West,3262.0,516.0,780.0,70.0,851.0,1029.0,16.0,9306.0,8390.0,27.0,724.0,165.0,452.0,845.0,1353.0,499.0,114.0,6905.0,39.73,31.55,26.09,9.84,18.79,13.86,9.3560493933,8.53455017922,2,3500.0,1580.0,220.0,440.0,250.0,1360.0,2140.0,38.86,310000,382500,375000,361000,360000,250000.0,,16.13,497.0,489.0,44.0,48.0,329.0,156.0,7.0,72.0,106.0,362.0,485.0,142.0,138.6,15.0,4.428,452.0,825.0,605.0
E02000217,Croydon 024,Croydon Minster & Waddon North,E09000008,Croydon,E14001188,Croydon West,5021.0,677.0,1347.0,115.0,1093.0,1777.0,12.0,11722.0,10362.0,24.0,1237.0,99.0,575.0,1331.0,2413.0,621.0,81.0,9037.0,40.31,35.39,21.77,11.6,13.98,11.45,20.4929726355,16.4429174225,5,5600.0,2220.0,480.0,1360.0,380.0,3450.0,2120.0,61.61,325000,360250,306250,340500,305000,250000.0,,-6.15,462.0,392.0,47.0,217.0,43.0,51.0,14.0,126.0,28.0,195.0,94.0,82.5,16.8,26.0,14.283,1020.0,2377.0,2130.0
E02000209,Croydon 016,West Thornton South & Ampere Way,E09000008,Croydon,E14001188,Croydon West,3063.0,591.0,975.0,22.0,582.0,888.0,5.0,8958.0,8214.0,24.0,614.0,106.0,505.0,826.0,1246.0,407.0,79.0,6695.0,51.13,28.99,19.0,8.31,15.87,16.49,7.0721239827,7.18714694661,2,3240.0,860.0,30.0,180.0,120.0,760.0,2480.0,23.46,348000,387500,360272,387500,373500,207500.0,,7.33,146.0,143.0,18.0,27.0,17.0,9.0,1.0,14.0,3.0,60.0,26.0,45.1,8.0,4.0,10.49,425.0,1283.0,1259.0
E02000213,Croydon 020,Selhurst South & West Croydon,E09000008,Croydon,E14001188,Croydon West,5388.0,463.0,770.0,106.0,1451.0,2591.0,7.0,12573.0,10815.0,35.0,1517.0,206.0,393.0,1111.0,2916.0,811.0,160.0,9624.0,22.88,48.09,26.93,13.98,18.02,7.29,31.2143146567,26.6771452408,6a,5960.0,2250.0,280.0,1240.0,310.0,4770.0,1180.0,80.03,310000,276000,333750,318750,282000,255100.0,,-9.03,404.0,376.0,72.0,41.0,36.0,135.0,22.0,174.0,53.0,240.0,171.0,67.8,28.7,35.0,27.457909,2688.0,5219.0,3903.0
E02000175,Camden 010,West Hampstead,E09000007,Camden,E14001265,Hampstead and Highgate,4309.0,592.0,669.0,35.0,909.0,2091.0,13.0,8975.0,6903.0,95.0,1698.0,279.0,577.0,1148.0,2286.0,250.0,47.0,7725.0,29.26,48.53,21.1,23.09,6.89,13.39,29.2902138997,27.7003373208,6a,4870.0,3140.0,210.0,470.0,40.0,4250.0,530.0,87.27,653750,728000,735000,737500,715000,640000.0,602500.0,9.37,235.0,227.0,21.0,127.0,48.0,615.0,3.0,12.0,250.0,856.0,663.0,48.3,136.1,5.0,6.6000000000000005,2019.0,2018.0,0.0
E02000187,Camden 022,Somers Town,E09000007,Camden,E14001290,Holborn and St Pancras,3817.0,261.0,197.0,52.0,2454.0,837.0,16.0,9683.0,7951.0,249.0,1071.0,412.0,287.0,774.0,2054.0,560.0,145.0,7726.0,12.0,21.93,64.29,17.89,18.47,7.52,56.3268437036,58.4104233728,6b,5480.0,640.0,140.0,2060.0,780.0,5310.0,100.0,96.9,1345000,750000,886862,713375,900000,850000.0,,-33.09,600.0,590.0,13.0,230.0,152.0,1.0,1.0,1.0,1.0,258.0,153.0,109.5,27.9,7.0,3.74,4937.0,4937.0,0.0
E02000215,Croydon 022,Addiscombe West,E09000008,Croydon,E14001186,Croydon East,5255.0,814.0,1139.0,62.0,892.0,2329.0,19.0,11605.0,9985.0,25.0,1435.0,160.0,766.0,1280.0,2555.0,529.0,125.0,9403.0,37.16,44.32,16.97,13.96,12.45,14.58,20.3598044732,16.326888097,5,5740.0,3160.0,270.0,560.0,150.0,3940.0,1790.0,68.64,322500,316525,341375,355000,375000,272500.0,,16.28,553.0,539.0,55.0,118.0,336.0,18.0,6.0,158.0,13.0,657.0,354.0,96.3,61.7,11.0,3.916,1152.0,1846.0,1250.0
E02000181,Camden 016,South Hampstead,E09000007,Camden,E14001265,Hampstead and Highgate,3749.0,650.0,665.0,19.0,657.0,1754.0,4.0,7974.0,6269.0,58.0,1412.0,235.0,486.0,1314.0,1738.0,177.0,36.0,6737.0,35.08,46.79,17.52,21.38,5.68,12.96,30.2957561065,30.8744466271,6a,4120.0,3290.0,20.0,50.0,20.0,3820.0,210.0,92.72,665000,861500,840000,745000,885000,757500.0,,33.08,18.0,16.0,24.0,2.0,7.0,12.0,2.0,3.0,13.0,26.0,19.0,4.4,4.6,2.0,0.151582,21.0,21.0,0.0
E02000182,Camden 017,Swiss Cottage,E09000007,Camden,E14001265,Hampstead and Highgate,3083.0,576.0,410.0,34.0,643.0,1414.0,6.0,7029.0,5655.0,56.0,1003.0,315.0,530.0,968.0,1328.0,200.0,59.0,5622.0,31.98,45.86,20.86,19.55,8.4,17.19,19.9921923643,18.2391194076,4,3620.0,1030.0,230.0,220.0,30.0,3180.0,370.0,87.85,866500,1005000,770000,1080000,970000,825000.0,,11.94,47.0,35.0,21.0,0.0,205.0,3.0,1.0,1.0,12.0,50.0,208.0,13.0,57.5,6.0,1.0,232.0,232.0,0.0
E02000210,Croydon 017,Addiscombe North,E09000008,Croydon,E14001186,Croydon East,3446.0,811.0,1240.0,62.0,439.0,892.0,2.0,8592.0,7789.0,18.0,729.0,56.0,843.0,1160.0,1130.0,260.0,51.0,6697.0,59.52,25.89,12.74,9.35,9.02,24.46,7.08519483785,6.71306529864,2,3570.0,1900.0,110.0,120.0,10.0,840.0,2730.0,23.53,358250,435500,400000,410000,435000,245000.0,,21.42,56.0,41.0,35.0,1.0,0.0,28.0,0.0,45.0,18.0,52.0,28.0,15.7,7.8,1.0,0.024,6.0,6.0,0.0
E02000234,Croydon 041,Coulsdon,E09000008,Croydon,E14001187,Croydon South,3720.0,1000.0,1349.0,182.0,580.0,606.0,3.0,9326.0,8401.0,20.0,855.0,50.0,1372.0,1062.0,1104.0,167.0,15.0,7177.0,63.15,16.29,15.59,9.92,4.89,36.88,5.60088497652,4.64487934848,2,4310.0,590.0,210.0,1050.0,600.0,1570.0,2730.0,36.43,425000,475000,434000,466000,468500,247000.0,,10.24,331.0,309.0,63.0,11.0,189.0,19.0,5.0,145.0,12.0,392.0,208.0,76.8,48.3,22.0,3.234,274.0,404.0,220.0
E02000237,Croydon 044,Old Coulsdon,E09000008,Croydon,E14001187,Croydon South,3034.0,1309.0,1159.0,6.0,361.0,194.0,5.0,7505.0,6999.0,21.0,471.0,14.0,1372.0,983.0,585.0,83.0,9.0,5962.0,81.34,6.39,11.9,6.74,3.03,45.22,2.58879444602,2.72423632788,1b,3230.0,50.0,40.0,130.0,100.0,470.0,2740.0,14.55,455500,543750,560000,530000,555000,,,21.84,100.0,96.0,15.0,18.0,0.0,5.0,2.0,16.0,7.0,37.0,5.0,31.0,1.5,4.0,2.427,79.0,79.0,0.0
E02000236,Croydon 043,Woodmansterne,E09000008,Croydon,E14001187,Croydon South,3308.0,1070.0,1706.0,22.0,245.0,264.0,1.0,8996.0,8306.0,19.0,656.0,15.0,1633.0,1050.0,511.0,99.0,18.0,6855.0,83.92,7.98,7.41,7.67,3.54,49.37,2.80156558392,2.20255424302,1b,3450.0,320.0,70.0,590.0,300.0,260.0,3180.0,7.54,537500,558000,580000,535000,586500,,,9.12,371.0,239.0,24.0,71.0,0.0,17.0,7.0,127.0,13.0,60.0,17.0,107.5,4.9,5.0,1.8199999999999998,209.0,209.0,164.0
E02000214,Croydon 021,Addiscombe East,E09000008,Croydon,E14001186,Croydon East,2325.0,924.0,869.0,22.0,127.0,383.0,0.0,6180.0,5708.0,15.0,417.0,40.0,1086.0,642.0,479.0,98.0,22.0,4932.0,77.12,16.47,5.46,7.64,5.16,46.71,9.41850097342,10.0535357608,2,2430.0,1030.0,120.0,20.0,20.0,480.0,1950.0,19.75,465000,529750,495000,504000,574000,208000.0,,23.44,35.0,34.0,16.0,0.0,3.0,44.0,21.0,44.0,28.0,93.0,47.0,14.4,19.3,4.0,0.751,42.0,84.0,68.0
E02006788,Croydon 045,South Norwood Park,E09000008,Croydon,E14001186,Croydon East,2894.0,558.0,990.0,12.0,910.0,420.0,4.0,7513.0,6913.0,13.0,544.0,43.0,617.0,964.0,1014.0,259.0,41.0,5703.0,53.49,14.51,31.44,7.99,10.37,21.32,7.30005961961,7.73969233069,2,3060.0,1280.0,20.0,110.0,100.0,650.0,2370.0,21.24,405000,470000,438000,466125,472500,,,16.67,109.0,102.0,11.0,68.0,0.0,2.0,5.0,15.0,0.0,20.0,2.0,35.6,0.7,2.0,1.7,94.0,94.0,0.0
E02000207,Croydon 014,Woodside & Ashburton,E09000008,Croydon,E14001186,Croydon East,3560.0,612.0,1031.0,96.0,961.0,855.0,5.0,8799.0,7991.0,20.0,729.0,59.0,663.0,1024.0,1462.0,337.0,73.0,6918.0,46.15,24.02,26.99,9.18,11.52,18.62,8.05832346206,8.10325112461,2,3830.0,1420.0,150.0,150.0,80.0,1440.0,2360.0,37.6,365000,405525,395700,423000,390000,297000.0,,6.85,171.0,162.0,48.0,24.0,17.0,4.0,11.0,48.0,5.0,82.0,21.0,44.6,5.5,13.0,1.627487,153.0,217.0,150.0
E02000211,Croydon 018,Monks Orchard,E09000008,Croydon,E14001186,Croydon East,3291.0,1367.0,1370.0,8.0,203.0,342.0,1.0,8202.0,7596.0,23.0,534.0,49.0,1312.0,1190.0,690.0,88.0,14.0,6638.0,83.17,10.39,6.17,7.39,3.1,39.87,3.0495552793,2.14354766304,1b,3440.0,50.0,90.0,140.0,80.0,440.0,3000.0,12.79,400000,487500,473500,459500,455000,358500.0,,13.75,67.0,59.0,32.0,0.0,9.0,18.0,22.0,108.0,8.0,93.0,27.0,19.5,7.8,4.0,0.3755,32.0,32.0,0.0
E02000229,Croydon 036,New Addington South,E09000008,Croydon,E14001186,Croydon East,2236.0,407.0,513.0,19.0,1044.0,247.0,6.0,6172.0,5839.0,12.0,303.0,18.0,400.0,629.0,906.0,252.0,50.0,4506.0,41.14,11.05,46.69,5.4,13.51,17.89,5.39541952119,5.18675587115,2,2510.0,0.0,20.0,70.0,50.0,830.0,1660.0,33.07,320000,379000,374250,370000,377500,,,17.97,48.0,48.0,11.0,37.0,1.0,5.0,1.0,10.0,3.0,11.0,6.0,19.1,2.4,5.0,2.79,94.0,334.0,290.0
E02000225,Croydon 032,New Addington Central,E09000008,Croydon,E14001186,Croydon East,2658.0,662.0,721.0,25.0,994.0,246.0,10.0,7416.0,7043.0,14.0,324.0,35.0,692.0,825.0,874.0,225.0,44.0,5591.0,52.03,9.26,37.4,5.03,10.12,26.03,6.55194745315,7.00045636471,2,2780.0,0.0,10.0,50.0,20.0,420.0,2360.0,15.11,338750,410000,400000,375000,385000,,,13.65,25.0,23.0,10.0,7.0,1.0,4.0,2.0,5.0,0.0,10.0,5.0,9.0,1.8,1.0,0.09,7.0,7.0,0.0
E02000196,Croydon 003,Norbury East,E09000008,Croydon,E14001527,Streatham and Croydon North,2813.0,785.0,772.0,24.0,540.0,682.0,10.0,7790.0,7002.0,20.0,680.0,88.0,960.0,624.0,853.0,318.0,61.0,6270.0,55.35,24.24,19.2,10.12,13.47,34.13,6.80194755603,6.49758254178,2,2960.0,1030.0,170.0,140.0,30.0,980.0,1970.0,33.11,441000,525000,518500,545000,601000,323500.0,,36.28,68.0,63.0,39.0,0.0,7.0,16.0,4.0,54.0,5.0,80.0,23.0,23.0,7.8,3.0,0.2152,26.0,26.0,0.0
E02000197,Croydon 004,Norbury West,E09000008,Croydon,E14001527,Streatham and Croydon North,3317.0,806.0,918.0,43.0,530.0,1018.0,2.0,8933.0,8124.0,22.0,696.0,91.0,896.0,914.0,1076.0,354.0,79.0,7092.0,51.97,30.69,15.98,9.06,13.05,27.01,6.34512412706,6.51711339566,2,3570.0,1470.0,180.0,80.0,40.0,1030.0,2460.0,28.85,450000,527500,445000,485000,475000,305000.0,,5.56,107.0,89.0,41.0,2.0,3.0,6.0,1.0,85.0,2.0,74.0,9.0,30.0,2.5,4.0,0.549,51.0,58.0,22.0
E02000231,Croydon 038,Woodcote,E09000008,Croydon,E14001187,Croydon South,2752.0,1077.0,1225.0,6.0,79.0,365.0,0.0,7853.0,7010.0,39.0,740.0,64.0,1725.0,561.0,375.0,70.0,19.0,6352.0,83.65,13.26,2.87,10.73,3.23,62.68,4.03248775799,2.67664238633,1b,3390.0,690.0,110.0,740.0,580.0,990.0,2360.0,29.2,672500,475000,807500,755000,717500,356000.0,,6.69,565.0,532.0,125.0,39.0,249.0,31.0,15.0,348.0,48.0,657.0,280.0,166.7,82.6,37.0,4.9917,379.0,525.0,266.0
E02000195,Croydon 002,Upper Norwood,E09000008,Croydon,E14001527,Streatham and Croydon North,3493.0,1147.0,1341.0,55.0,271.0,678.0,1.0,9531.0,8785.0,30.0,636.0,80.0,1297.0,1060.0,855.0,231.0,47.0,7484.0,71.23,19.41,7.76,7.83,7.96,37.13,5.67248238351,5.66569138408,2,3700.0,540.0,160.0,160.0,110.0,1090.0,2590.0,29.46,491500,530000,548053,565000,640000,281250.0,,30.21,134.0,104.0,40.0,7.0,20.0,6.0,15.0,42.0,5.0,77.0,26.0,36.2,7.0,3.0,0.45399999999999996,22.0,22.0,0.0
E02000227,Croydon 034,Forestdale,E09000008,Croydon,E14001186,Croydon East,4837.0,1614.0,1767.0,30.0,630.0,787.0,9.0,11547.0,10695.0,18.0,776.0,58.0,1470.0,1491.0,1584.0,252.0,41.0,9099.0,69.9,16.27,13.02,7.38,6.06,30.39,3.9519094493,3.25100714676,1b,5030.0,30.0,30.0,40.0,20.0,1470.0,3550.0,29.22,347000,386000,370000,369000,371250,215500.0,,6.99,24.0,23.0,9.0,7.0,1.0,2.0,1.0,11.0,1.0,24.0,3.0,4.8,0.6,2.0,0.877114,51.0,76.0,76.0
E02000235,Croydon 042,Kenley South,E09000008,Croydon,E14001187,Croydon South,2656.0,970.0,1131.0,33.0,259.0,263.0,0.0,6808.0,6259.0,29.0,487.0,33.0,1284.0,789.0,486.0,87.0,11.0,5472.0,79.1,9.9,9.75,8.06,3.69,48.34,1.34389188168,0.0,1a,2870.0,200.0,160.0,190.0,150.0,600.0,2220.0,20.91,547000,550000,560000,575000,527500,300000.0,,-3.56,184.0,175.0,46.0,2.0,33.0,28.0,9.0,137.0,17.0,194.0,61.0,64.1,21.3,12.0,1.305,81.0,81.0,0.0
E02000224,Croydon 031,Purley North,E09000008,Croydon,E14001187,Croydon South,3271.0,721.0,1176.0,49.0,301.0,1016.0,8.0,7909.0,7147.0,17.0,694.0,51.0,845.0,952.0,1190.0,241.0,41.0,6222.0,57.99,31.06,9.2,9.63,8.62,25.83,8.01737536143,8.37091430807,2,3720.0,2020.0,120.0,350.0,210.0,1950.0,1720.0,52.42,340000,371000,375000,400000,346900,270000.0,,2.03,238.0,233.0,30.0,59.0,47.0,12.0,0.0,82.0,18.0,161.0,59.0,64.0,15.9,9.0,3.624,309.0,344.0,225.0
E02006988,Croydon 047,South End & St Peter's Road,E09000008,Croydon,E14001187,Croydon South,3307.0,453.0,758.0,22.0,501.0,1565.0,8.0,7040.0,6041.0,9.0,874.0,116.0,318.0,810.0,1769.0,369.0,41.0,5595.0,36.62,47.32,15.15,14.19,12.4,9.62,17.2503151386,18.4461143694,4,3740.0,1620.0,200.0,350.0,150.0,3010.0,690.0,80.48,291000,300000,276750,315000,285000,260000.0,,-2.06,238.0,218.0,75.0,6.0,17.0,46.0,26.0,140.0,25.0,195.0,63.0,63.6,16.8,9.0,1.027,120.0,188.0,105.0
E02000222,Croydon 029,Croham,E09000008,Croydon,E14001187,Croydon South,3637.0,862.0,1265.0,43.0,363.0,1102.0,2.0,8256.0,7294.0,22.0,886.0,54.0,908.0,1130.0,1322.0,250.0,25.0,6582.0,58.48,30.3,9.98,11.65,7.56,24.97,7.15640348721,6.14421767048,2,3890.0,1910.0,240.0,280.0,150.0,1880.0,1960.0,48.33,375000,374000,365000,376250,391500,275000.0,,4.4,233.0,189.0,53.0,9.0,67.0,105.0,22.0,259.0,123.0,245.0,172.0,59.9,44.2,14.0,1.8139,130.0,154.0,38.0
E02000228,Croydon 035,Sanderstead,E09000008,Croydon,E14001187,Croydon South,3008.0,1455.0,1188.0,5.0,70.0,289.0,1.0,7903.0,7302.0,30.0,540.0,31.0,1788.0,781.0,365.0,63.0,9.0,6236.0,87.87,9.61,2.33,7.6,2.39,59.44,2.70622151469,2.58561445821,1b,3160.0,140.0,80.0,260.0,150.0,580.0,2580.0,18.35,579950,720000,675000,637750,680000,365000.0,,17.25,177.0,170.0,39.0,0.0,52.0,37.0,4.0,88.0,11.0,189.0,89.0,56.0,28.2,12.0,2.2258,106.0,130.0,47.0
E02000230,Croydon 037,Purley Central,E09000008,Croydon,E14001187,Croydon South,4231.0,1308.0,1467.0,100.0,413.0,937.0,6.0,10382.0,9246.0,33.0,1015.0,88.0,1580.0,1152.0,1264.0,205.0,30.0,8331.0,65.59,22.15,9.76,10.94,5.55,37.34,7.59431674905,6.47484434432,2,5080.0,810.0,500.0,990.0,730.0,2430.0,2570.0,47.83,367000,453000,505000,489000,440000,272500.0,,19.89,815.0,812.0,91.0,176.0,195.0,92.0,30.0,237.0,126.0,813.0,287.0,160.4,56.5,35.0,10.257,667.0,1929.0,1545.0
E02000233,Croydon 040,Kenley North,E09000008,Croydon,E14001187,Croydon South,2395.0,640.0,1047.0,40.0,327.0,337.0,4.0,6281.0,5752.0,20.0,480.0,29.0,897.0,781.0,592.0,105.0,20.0,4847.0,70.44,14.07,13.65,8.42,5.22,37.45,3.01555558702,2.38325532379,1b,2570.0,490.0,110.0,150.0,60.0,650.0,1870.0,25.29,409250,485000,485500,488500,486250,328750.0,,18.81,75.0,71.0,25.0,0.0,3.0,7.0,0.0,58.0,3.0,47.0,10.0,29.2,3.9,3.0,0.733,27.0,27.0,12.0
E02000232,Croydon 039,Selsdon Park & Hamsey Green,E09000008,Croydon,E14001187,Croydon South,2367.0,1048.0,906.0,23.0,236.0,154.0,0.0,6146.0,5688.0,19.0,417.0,22.0,1111.0,802.0,380.0,63.0,14.0,4913.0,82.55,6.51,9.97,7.45,3.25,46.94,1.58195888569,1.92263560871,1a,2510.0,10.0,20.0,190.0,120.0,250.0,2260.0,9.96,473000,565000,530000,549250,572500,325000.0,,21.04,96.0,88.0,21.0,0.0,12.0,2.0,3.0,53.0,14.0,60.0,14.0,38.2,5.6,9.0,2.424,148.0,192.0,125.0
E02000216,Croydon 023,Park Hill & Lloyd Park,E09000008,Croydon,E14001187,Croydon South,2942.0,775.0,703.0,9.0,341.0,1113.0,1.0,7085.0,6227.0,15.0,685.0,158.0,869.0,749.0,1080.0,215.0,29.0,5614.0,50.24,37.83,11.59,12.11,8.29,29.54,9.16985986637,6.43261925932,2,3180.0,70.0,60.0,110.0,70.0,1790.0,1390.0,56.29,417000,385000,385000,393000,387750,290000.0,,-7.01,79.0,77.0,17.0,10.0,0.0,4.0,0.0,21.0,1.0,25.0,4.0,24.8,1.3,5.0,5.561,109.0,251.0,237.0
E02006987,Croydon 046,Central Croydon,E09000008,Croydon,E14001188,Croydon West,3877.0,194.0,619.0,158.0,512.0,2390.0,4.0,7257.0,5534.0,57.0,1465.0,201.0,119.0,798.0,2522.0,402.0,39.0,6269.0,20.97,61.65,13.21,23.74,11.37,3.07,48.6333719595,50.3442400084,6b,6740.0,660.0,500.0,4750.0,2890.0,6590.0,140.0,97.77,355000,274000,250000,227000,230000,230000.0,,-35.21,3246.0,2735.0,51.0,712.0,3247.0,2487.0,12.0,156.0,810.0,3668.0,5734.0,481.6,850.7,64.0,26.1566,6688.0,10953.0,8292.0
E02000223,Croydon 030,New Addington North,E09000008,Croydon,E14001186,Croydon East,2788.0,316.0,417.0,6.0,1780.0,257.0,12.0,8439.0,8114.0,11.0,296.0,18.0,440.0,619.0,1216.0,430.0,84.0,5594.0,26.29,9.22,63.85,3.85,18.44,15.78,7.18747649045,7.24360987568,2,2930.0,0.0,10.0,50.0,0.0,1250.0,1690.0,42.66,285000,360000,328500,345000,345000,,,21.05,7.0,5.0,6.0,0.0,1.0,0.0,1.0,0.0,0.0,8.0,1.0,2.4,0.3,0.0,0.0,0.0,0.0,0.0
E02000219,Croydon 026,Shirley West,E09000008,Croydon,E14001186,Croydon East,2983.0,1487.0,1080.0,8.0,87.0,320.0,1.0,7576.0,7061.0,23.0,458.0,34.0,1531.0,908.0,459.0,77.0,8.0,6342.0,86.05,10.73,2.92,6.8,2.85,51.32,4.46763492933,4.38405318508,1b,3170.0,120.0,50.0,90.0,50.0,480.0,2660.0,15.14,522500,570750,538350,550000,578000,311500.0,,10.62,58.0,58.0,25.0,0.0,0.0,9.0,10.0,25.0,6.0,56.0,9.0,18.3,2.8,8.0,1.0295,101.0,101.0,56.0
E02000226,Croydon 033,Selsdon,E09000008,Croydon,E14001186,Croydon East,2781.0,1315.0,1125.0,15.0,63.0,262.0,1.0,7551.0,6936.0,32.0,506.0,77.0,1658.0,713.0,322.0,71.0,16.0,6047.0,87.74,9.42,2.27,8.14,3.13,59.62,3.37067112048,3.59213880075,1b,2980.0,40.0,10.0,150.0,120.0,220.0,2740.0,7.38,517500,600000,522500,585000,604250,,,16.76,115.0,115.0,38.0,0.0,5.0,88.0,4.0,53.0,9.0,158.0,93.0,38.6,31.2,5.0,0.544,60.0,60.0,11.0
E02000221,Croydon 028,Waddon South,E09000008,Croydon,E14001188,Croydon West,3988.0,705.0,1093.0,114.0,1235.0,830.0,11.0,10683.0,9766.0,19.0,822.0,76.0,766.0,1183.0,1552.0,405.0,83.0,8019.0,45.09,20.81,30.97,8.58,12.24,19.21,6.00231569068,4.58658034778,2,4340.0,120.0,550.0,460.0,200.0,1910.0,2420.0,44.01,335000,410000,370000,370000,397500,276000.0,,18.66,305.0,304.0,31.0,153.0,5.0,41.0,6.0,249.0,157.0,208.0,46.0,70.3,10.6,15.0,10.031,736.0,2003.0,1855.0
E02000194,Croydon 001,Crystal Palace Triangle,E09000008,Croydon,E14001527,Streatham and Croydon North,4203.0,786.0,1255.0,49.0,956.0,1151.0,6.0,9044.0,7872.0,27.0,1056.0,89.0,750.0,1193.0,1920.0,296.0,44.0,7288.0,48.56,27.39,22.75,12.96,8.09,17.84,9.86061410865,9.23813111452,2,4710.0,1460.0,100.0,450.0,170.0,3230.0,1390.0,68.58,435000,395000,426500,457000,407500,372500.0,,-6.32,131.0,122.0,36.0,7.0,71.0,8.0,8.0,54.0,11.0,70.0,79.0,27.8,16.8,13.0,4.094,242.0,556.0,478.0
E02000198,Croydon 005,Thornton Heath North West,E09000008,Croydon,E14001527,Streatham and Croydon North,3501.0,638.0,1017.0,59.0,719.0,1057.0,11.0,8772.0,7854.0,18.0,820.0,80.0,548.0,1003.0,1488.0,388.0,75.0,6748.0,47.27,30.19,20.54,10.47,13.22,15.65,8.11792767892,8.03120937461,2,3820.0,1970.0,90.0,240.0,100.0,1990.0,1810.0,52.09,297500,367500,390000,371500,375000,282500.0,,26.05,166.0,119.0,58.0,32.0,74.0,9.0,2.0,50.0,1.0,94.0,83.0,43.5,21.7,13.0,1.2,96.0,127.0,43.0
E02000218,Croydon 025,Shirley East,E09000008,Croydon,E14001186,Croydon East,2351.0,716.0,652.0,6.0,759.0,208.0,10.0,6606.0,6197.0,14.0,355.0,40.0,761.0,621.0,662.0,252.0,55.0,4887.0,58.19,8.85,32.28,6.19,13.06,32.37,4.42589129705,4.22521381287,1b,2450.0,0.0,10.0,50.0,0.0,880.0,1560.0,35.92,512300,597500,575000,575000,570000,310000.0,,11.26,6.0,6.0,4.0,0.0,3.0,5.0,2.0,4.0,0.0,11.0,8.0,2.4,3.3,1.0,0.1,20.0,25.0,25.0
E02000204,Croydon 011,West Thornton North,E09000008,Croydon,E14001188,Croydon West,3227.0,923.0,857.0,37.0,378.0,1025.0,7.0,9543.0,8652.0,21.0,745.0,125.0,821.0,830.0,1059.0,405.0,110.0,7393.0,55.16,31.76,11.71,9.34,15.96,25.44,7.27613198103,6.94043119414,2,3560.0,1360.0,80.0,300.0,210.0,1190.0,2360.0,33.43,372500,455000,417500,430000,457500,297500.0,,22.82,280.0,271.0,52.0,36.0,82.0,8.0,4.0,102.0,4.0,202.0,90.0,78.7,25.3,15.0,1.646,434.0,477.0,59.0
E02000200,Croydon 007,South Norwood Hill,E09000008,Croydon,E14001188,Croydon West,4000.0,692.0,1332.0,31.0,530.0,1409.0,6.0,8905.0,7839.0,27.0,961.0,78.0,701.0,1092.0,1824.0,333.0,53.0,7142.0,50.6,35.22,13.25,11.97,9.65,17.52,10.6640977115,10.0460500436,3,4150.0,1540.0,100.0,270.0,50.0,2720.0,1360.0,65.54,325000,325000,317000,352000,409000,300000.0,,25.85,85.0,72.0,35.0,0.0,3.0,12.0,4.0,45.0,12.0,36.0,15.0,20.5,3.6,4.0,0.312,33.0,33.0,0.0
E02000201,Croydon 008,South Norwood Central,E09000008,Croydon,E14001188,Croydon West,3820.0,527.0,891.0,22.0,1131.0,1239.0,10.0,8585.0,7791.0,6.0,735.0,53.0,482.0,840.0,1920.0,512.0,64.0,6601.0,37.12,32.43,29.61,9.25,15.08,12.62,11.1819332951,12.0903964738,3,4330.0,1990.0,290.0,190.0,110.0,2830.0,1390.0,65.36,362500,340000,320000,359250,330000,255000.0,,-8.97,187.0,171.0,62.0,17.0,60.0,28.0,12.0,134.0,28.0,170.0,88.0,43.2,20.3,7.0,0.767,91.0,91.0,0.0
E02000199,Croydon 006,Thornton Heath North East,E09000008,Croydon,E14001527,Streatham and Croydon North,3207.0,830.0,1140.0,25.0,352.0,854.0,6.0,8306.0,7541.0,23.0,666.0,76.0,884.0,939.0,1064.0,257.0,60.0,6491.0,61.43,26.63,10.98,9.21,9.88,27.56,7.24836822036,6.54395274728,2,3440.0,1920.0,50.0,40.0,0.0,1080.0,2330.0,31.4,365000,440000,440000,420000,440000,296000.0,,20.55,38.0,37.0,28.0,1.0,4.0,12.0,0.0,26.0,8.0,33.0,16.0,11.0,4.7,0.0,0.0,0.0,0.0,0.0
E02000262,Ealing 025,Acton Central,E09000009,Ealing,E14001207,Ealing Central and Acton,3946.0,592.0,792.0,72.0,919.0,1563.0,8.0,9221.0,7679.0,34.0,1370.0,138.0,688.0,887.0,1911.0,379.0,82.0,7419.0,35.07,39.61,23.29,16.72,11.68,17.44,14.5726494972,13.1633666178,3,4610.0,2900.0,200.0,540.0,410.0,3530.0,1050.0,76.57,483750,525000,485000,560000,565000,424250.0,,16.8,467.0,464.0,52.0,74.0,43.0,44.0,21.0,46.0,107.0,285.0,87.0,101.3,18.9,3.0,2.0,0.0,0.0,0.0
E02000256,Ealing 019,Ealing Broadway West,E09000009,Ealing,E14001207,Ealing Central and Acton,4028.0,854.0,842.0,65.0,412.0,1852.0,3.0,9110.0,7591.0,48.0,1242.0,229.0,1056.0,1027.0,1704.0,220.0,20.0,7602.0,42.11,45.98,10.23,16.67,5.96,26.22,14.3178035515,10.5145083567,3,4380.0,2340.0,410.0,370.0,190.0,3160.0,1220.0,72.15,471250,600000,647500,560000,610000,437500.0,,29.44,149.0,107.0,41.0,0.0,346.0,1028.0,519.0,103.0,239.0,1678.0,1374.0,34.0,313.7,5.0,3.31,0.0,0.0,0.0
E02000268,Ealing 031,St Mary's,E09000009,Ealing,E14001207,Ealing Central and Acton,3864.0,944.0,966.0,34.0,639.0,1270.0,11.0,9179.0,7873.0,61.0,1078.0,167.0,1238.0,1003.0,1343.0,240.0,38.0,7626.0,49.43,32.87,16.54,14.23,7.19,32.04,9.70213306149,9.58276211609,2,4100.0,1870.0,70.0,140.0,40.0,1920.0,2160.0,46.83,608000,655000,641250,775000,695000,397500.0,,14.31,62.0,61.0,35.0,0.0,10.0,10.0,6.0,22.0,13.0,45.0,20.0,15.1,4.9,1.0,0.09,0.0,0.0,0.0
E02000253,Ealing 016,Cuckoo Park,E09000009,Ealing,E14001208,Ealing North,3841.0,689.0,823.0,43.0,1566.0,691.0,29.0,10231.0,9507.0,22.0,638.0,64.0,606.0,983.0,1681.0,458.0,114.0,7690.0,39.36,17.99,40.77,7.08,14.89,15.78,8.34446771812,8.0560191777,2,4040.0,260.0,160.0,140.0,10.0,1850.0,2150.0,45.79,460000,520000,495000,530000,513750,335000.0,,11.68,16.0,15.0,11.0,1.0,0.0,542.0,9.0,0.0,0.0,560.0,542.0,4.0,134.2,0.0,0.0,0.0,0.0,0.0
E02000264,Ealing 027,Ealing Common & Twyford Ave,E09000009,Ealing,E14001207,Ealing Central and Acton,3543.0,815.0,775.0,32.0,366.0,1553.0,2.0,8415.0,6847.0,61.0,1310.0,197.0,1075.0,816.0,1379.0,230.0,43.0,7135.0,44.88,43.83,10.33,18.63,7.71,30.34,14.8294516571,14.2218930892,3,3810.0,2140.0,170.0,350.0,100.0,2530.0,1270.0,66.4,582500,600000,550000,615000,650000,522143.0,,11.59,188.0,172.0,57.0,0.0,35.0,74.0,33.0,31.0,11.0,281.0,109.0,49.3,28.6,0.0,0.0,0.0,0.0,0.0
E02006969,Ealing 042,Ealing Broadway East,E09000009,Ealing,E14001207,Ealing Central and Acton,2976.0,391.0,452.0,93.0,355.0,1678.0,7.0,6327.0,4801.0,41.0,1135.0,350.0,348.0,825.0,1568.0,209.0,26.0,5425.0,28.33,56.38,11.93,24.12,7.9,11.69,29.3485652446,30.6557393286,6a,3930.0,1660.0,100.0,1320.0,460.0,3610.0,300.0,91.86,622000,499950,502500,520000,520000,507500.0,600000.0,-16.4,552.0,487.0,40.0,142.0,36.0,183.0,85.0,16.0,16.0,605.0,219.0,140.5,55.7,7.0,7.04,0.0,0.0,0.0
E02000252,Ealing 015,North Acton,E09000009,Ealing,E14001207,Ealing Central and Acton,4410.0,682.0,536.0,162.0,951.0,2071.0,8.0,12102.0,8488.0,217.0,2636.0,761.0,684.0,874.0,2273.0,472.0,103.0,10256.0,27.62,46.96,21.56,29.86,13.04,15.51,12.4492660323,12.1671238567,3,7810.0,890.0,540.0,3890.0,3070.0,6350.0,1420.0,81.31,380525,535365,428737,451250,365000,308500.0,,-4.08,3380.0,2837.0,38.0,1176.0,1771.0,2649.0,1424.0,16.0,0.0,7884.0,4420.0,432.8,565.9,43.0,40.61,0.0,0.0,0.0
E02000261,Ealing 024,East Acton,E09000009,Ealing,E14001207,Ealing Central and Acton,4977.0,780.0,828.0,243.0,1114.0,1994.0,18.0,12508.0,10557.0,50.0,1652.0,249.0,890.0,1183.0,2247.0,542.0,115.0,10122.0,32.31,40.06,22.38,15.6,13.2,17.88,13.3453533497,13.1817874925,3,5560.0,940.0,870.0,1240.0,630.0,4040.0,1480.0,72.66,515372,516120,445000,450000,420000,392500.0,,-18.51,722.0,623.0,30.0,295.0,96.0,27.0,28.0,17.0,39.0,257.0,123.0,129.9,22.1,0.0,0.0,0.0,0.0,0.0
E02006968,Ealing 041,North Ealing,E09000009,Ealing,E14001207,Ealing Central and Acton,3560.0,899.0,651.0,16.0,387.0,1607.0,0.0,8288.0,6831.0,41.0,1139.0,277.0,1027.0,944.0,1362.0,201.0,26.0,6716.0,43.54,45.14,10.87,17.58,6.38,28.85,15.3840073697,12.3112343091,4,3860.0,1650.0,50.0,200.0,120.0,2480.0,1360.0,64.25,765000,768850,613500,625000,787500,568000.0,,2.94,165.0,158.0,27.0,12.0,9.0,33.0,14.0,20.0,0.0,143.0,42.0,42.7,10.9,1.0,0.65,0.0,0.0,0.0
E02000258,Ealing 021,Acton Noel Road & Lynton Road,E09000009,Ealing,E14001207,Ealing Central and Acton,2603.0,550.0,538.0,16.0,440.0,1055.0,4.0,6827.0,5778.0,59.0,802.0,188.0,657.0,668.0,1021.0,212.0,43.0,5358.0,41.8,40.53,16.9,15.37,9.8,25.24,7.99050767061,7.18255866882,2,2770.0,1360.0,80.0,80.0,50.0,1430.0,1320.0,51.62,555000,685000,610500,650000,661250,501500.0,,19.14,76.0,61.0,35.0,0.0,15.0,22.0,69.0,43.0,10.0,167.0,37.0,27.4,13.4,1.0,6.84,0.0,0.0,0.0
E02000255,Ealing 018,Drayton Green & Cleveland,E09000009,Ealing,E14001208,Ealing North,3792.0,971.0,967.0,28.0,723.0,1097.0,6.0,9748.0,8711.0,43.0,878.0,116.0,1133.0,896.0,1365.0,327.0,71.0,7631.0,51.11,28.93,19.07,10.64,10.5,29.88,7.80802379828,8.04722750139,2,4080.0,1240.0,80.0,320.0,200.0,2220.0,1850.0,54.41,680000,642500,772500,775000,730000,475000.0,,7.35,203.0,201.0,20.0,66.0,208.0,6.0,9.0,12.0,2.0,118.0,214.0,49.8,52.5,1.0,0.11,0.0,0.0,0.0
E02000250,Ealing 013,Pitshanger,E09000009,Ealing,E14001208,Ealing North,2544.0,949.0,823.0,32.0,124.0,614.0,2.0,6431.0,5816.0,18.0,526.0,71.0,1109.0,692.0,633.0,99.0,11.0,5059.0,69.65,24.14,4.87,9.56,4.32,43.59,5.55818304925,5.48861501751,2,2650.0,1170.0,50.0,20.0,0.0,860.0,1780.0,32.45,805000,755000,850000,825000,825000,359000.0,,2.48,16.0,9.0,9.0,0.0,12.0,16.0,5.0,3.0,0.0,33.0,28.0,6.0,10.6,0.0,0.0,0.0,0.0,0.0
E02000251,Ealing 014,Greenford Ravenor Park,E09000009,Ealing,E14001209,Ealing Southall,2542.0,861.0,772.0,25.0,151.0,731.0,2.0,8224.0,7557.0,14.0,567.0,86.0,682.0,722.0,788.0,257.0,93.0,6430.0,64.24,28.76,5.94,8.11,13.77,26.83,7.57740108982,8.07245684255,2,2570.0,10.0,10.0,30.0,20.0,380.0,2150.0,14.79,444500,507500,438500,528300,525000,,,18.11,25.0,23.0,14.0,0.0,8.0,12.0,7.0,13.0,0.0,32.0,20.0,9.7,7.8,2.0,0.11,0.0,0.0,0.0
E02000249,Ealing 012,Greenford South,E09000009,Ealing,E14001208,Ealing North,2914.0,747.0,698.0,74.0,451.0,930.0,14.0,8277.0,7534.0,22.0,631.0,90.0,626.0,746.0,1066.0,377.0,100.0,6466.0,49.59,31.91,15.48,8.98,16.37,21.48,9.83222106344,7.57278830262,2,2990.0,90.0,220.0,180.0,0.0,1390.0,1590.0,46.49,419000,359000,485000,495000,430000,320000.0,,2.63,44.0,39.0,35.0,3.0,100.0,39.0,52.0,30.0,3.0,216.0,139.0,14.7,46.5,2.0,0.56,0.0,0.0,0.0
E02000266,Ealing 029,Norwood Green North & Windmill Park,E09000009,Ealing,E14001209,Ealing Southall,4298.0,622.0,832.0,241.0,1723.0,859.0,21.0,12942.0,11680.0,17.0,1076.0,169.0,641.0,890.0,1929.0,609.0,227.0,9965.0,33.83,19.99,40.09,9.75,19.45,14.91,4.41065165648,3.06972522738,1b,4890.0,40.0,180.0,1340.0,650.0,2820.0,2010.0,57.67,398725,355000,417500,440000,355000,340000.0,,-10.97,604.0,559.0,24.0,397.0,5206.0,12.0,10.0,24.0,1.0,5044.0,5218.0,123.5,1067.1,4.0,8.81,0.0,0.0,0.0
E02000260,Ealing 023,Southall Park,E09000009,Ealing,E14001209,Ealing Southall,2754.0,802.0,464.0,19.0,381.0,1082.0,6.0,9745.0,8846.0,12.0,730.0,157.0,583.0,595.0,909.0,458.0,211.0,7590.0,45.97,39.29,13.83,9.23,24.29,21.17,12.3136205208,11.9375773373,3,2980.0,670.0,70.0,300.0,160.0,1270.0,1650.0,42.62,417500,440000,462500,480500,542500,,,29.94,190.0,187.0,43.0,44.0,772.0,72.0,21.0,87.0,37.0,1021.0,844.0,63.8,283.2,3.0,7.15,0.0,0.0,0.0
E02000267,Ealing 030,Hanwell,E09000009,Ealing,E14001209,Ealing Southall,3219.0,736.0,915.0,116.0,444.0,1005.0,3.0,8061.0,7205.0,28.0,761.0,67.0,687.0,918.0,1318.0,248.0,47.0,6212.0,51.29,31.22,13.79,10.62,9.16,21.34,9.35973949023,10.3756806641,2,3670.0,2160.0,120.0,690.0,410.0,1860.0,1800.0,50.68,555000,549875,525500,570000,593500,420000.0,,6.94,498.0,464.0,28.0,147.0,276.0,26.0,12.0,38.0,20.0,664.0,302.0,135.7,82.3,4.0,1.47,0.0,0.0,0.0
E02000265,Ealing 028,West Ealing,E09000009,Ealing,E14001209,Ealing Southall,4733.0,829.0,1040.0,115.0,1106.0,1628.0,15.0,11110.0,9552.0,31.0,1346.0,181.0,886.0,1123.0,2212.0,446.0,66.0,8846.0,39.49,34.4,23.37,14.02,10.82,18.72,12.5516341342,12.2506980522,3,5490.0,3000.0,390.0,1080.0,560.0,3730.0,1760.0,67.94,526500,578000,576750,580000,615000,375000.0,,16.81,309.0,293.0,57.0,103.0,867.0,471.0,87.0,64.0,9.0,927.0,1338.0,56.3,243.7,7.0,2.68,0.0,0.0,0.0
E02000238,Ealing 001,Whitton Avenue West,E09000009,Ealing,E14001208,Ealing North,3735.0,814.0,1041.0,38.0,641.0,1198.0,3.0,10591.0,9516.0,31.0,918.0,126.0,703.0,936.0,1500.0,459.0,138.0,8331.0,49.67,32.07,17.16,10.15,15.98,18.82,5.99136752971,5.54749956978,2,4500.0,140.0,120.0,850.0,790.0,2080.0,2410.0,46.22,423000,451250,486000,475000,460000,270000.0,,8.75,54.0,38.0,27.0,0.0,2213.0,1.0,160.0,15.0,0.0,416.0,2214.0,12.0,492.0,1.0,10.49,0.0,0.0,0.0
E02000259,Ealing 022,Brent Valley,E09000009,Ealing,E14001208,Ealing North,2398.0,701.0,711.0,41.0,247.0,694.0,4.0,6526.0,5903.0,16.0,518.0,89.0,774.0,637.0,780.0,174.0,30.0,4991.0,58.88,28.94,10.3,9.55,8.51,32.28,6.4356128189,7.22121760371,2,2470.0,990.0,30.0,80.0,30.0,980.0,1480.0,39.68,525000,615000,555000,450000,577500,401250.0,,10.0,52.0,45.0,24.0,3.0,15.0,12.0,8.0,11.0,2.0,62.0,27.0,21.1,10.9,0.0,0.0,0.0,0.0,0.0
E02000240,Ealing 003,Northolt West,E09000009,Ealing,E14001208,Ealing North,3897.0,720.0,993.0,69.0,1212.0,870.0,33.0,11065.0,10187.0,32.0,722.0,124.0,552.0,1032.0,1621.0,555.0,138.0,8424.0,43.96,22.32,31.1,7.93,17.78,14.16,6.8729111329,6.98423694357,2,4190.0,10.0,230.0,270.0,210.0,2030.0,2150.0,48.45,381000,390000,429000,385000,421500,320000.0,,10.63,247.0,220.0,29.0,196.0,7.0,4.0,7.0,9.0,0.0,208.0,11.0,58.9,2.6,1.0,0.3,0.0,0.0,0.0
E02000239,Ealing 002,Horsenden,E09000009,Ealing,E14001208,Ealing North,2929.0,1030.0,911.0,22.0,88.0,878.0,0.0,8945.0,8163.0,15.0,651.0,116.0,999.0,793.0,815.0,242.0,80.0,7240.0,66.27,29.98,3.0,8.74,10.99,34.11,5.15358871697,3.58386700634,2,3120.0,10.0,60.0,170.0,50.0,540.0,2560.0,17.31,439950,543000,540000,551500,540000,225000.0,,22.74,70.0,70.0,26.0,15.0,7.0,12.0,11.0,14.0,26.0,51.0,19.0,22.4,6.1,0.0,0.0,0.0,0.0,0.0
E02000241,Ealing 004,Northolt East,E09000009,Ealing,E14001208,Ealing North,2600.0,694.0,798.0,11.0,236.0,856.0,5.0,7326.0,6581.0,12.0,632.0,101.0,536.0,769.0,935.0,288.0,72.0,5708.0,57.38,32.92,9.08,10.17,13.85,20.62,9.58852683184,10.2507956365,2,2640.0,20.0,40.0,180.0,10.0,780.0,1810.0,29.55,430000,488500,450000,482500,475000,289000.0,,10.47,31.0,24.0,18.0,0.0,8.0,11.0,15.0,12.0,1.0,43.0,19.0,11.7,7.2,0.0,0.0,0.0,0.0,0.0
E02000243,Ealing 006,Greenford North,E09000009,Ealing,E14001208,Ealing North,3126.0,836.0,760.0,33.0,512.0,969.0,16.0,8632.0,7903.0,16.0,604.0,109.0,715.0,811.0,1194.0,326.0,82.0,6892.0,51.06,31.0,16.38,8.45,13.05,22.87,7.26835979146,7.72672566914,2,3760.0,0.0,30.0,570.0,540.0,1800.0,1930.0,47.87,447500,495000,442500,468500,395000,335000.0,,-11.73,44.0,42.0,28.0,0.0,2.0,17.0,35.0,14.0,4.0,88.0,19.0,11.7,5.1,1.0,0.62,0.0,0.0,0.0
E02000248,Ealing 011,Hanger Hill East,E09000009,Ealing,E14001207,Ealing Central and Acton,2988.0,745.0,595.0,59.0,147.0,1440.0,2.0,7619.0,6702.0,17.0,732.0,168.0,685.0,781.0,1168.0,282.0,73.0,6004.0,44.85,48.19,4.92,12.04,11.88,22.93,10.9529018746,11.9084841994,3,3540.0,120.0,80.0,400.0,380.0,2220.0,1290.0,62.71,499950,464975,500000,453250,400000,375000.0,,-19.99,427.0,419.0,32.0,26.0,399.0,338.0,20.0,15.0,5.0,879.0,737.0,120.6,208.2,2.0,1.55,0.0,0.0,0.0
E02000254,Ealing 017,Southall North,E09000009,Ealing,E14001209,Ealing Southall,2608.0,892.0,667.0,9.0,187.0,851.0,2.0,9126.0,8347.0,18.0,658.0,103.0,637.0,698.0,778.0,318.0,180.0,7258.0,59.78,32.63,7.17,8.54,19.1,24.42,5.11626990795,5.16011353772,2,2720.0,80.0,40.0,40.0,20.0,430.0,2240.0,15.81,410000,467500,505000,505000,518750,,,26.52,92.0,88.0,30.0,21.0,0.0,14.0,9.0,5.0,3.0,101.0,14.0,33.8,5.1,0.0,0.0,0.0,0.0,0.0
E02000245,Ealing 008,Northolt South,E09000009,Ealing,E14001208,Ealing North,3353.0,399.0,663.0,178.0,1276.0,829.0,8.0,9137.0,8208.0,20.0,832.0,77.0,309.0,705.0,1658.0,562.0,121.0,6691.0,31.67,24.72,38.06,10.17,20.37,9.22,5.72895974937,6.64992457436,2,3610.0,0.0,180.0,600.0,320.0,2300.0,1300.0,63.71,273500,275000,305000,265000,320000,257500.0,,17.0,191.0,188.0,15.0,300.0,1.0,0.0,3.0,1.0,8.0,26.0,1.0,52.9,0.3,0.0,0.0,0.0,0.0,0.0
E02000246,Ealing 009,Kingshill Avenue,E09000009,Ealing,E14001208,Ealing North,3073.0,557.0,857.0,14.0,941.0,685.0,19.0,9342.0,8692.0,18.0,578.0,54.0,507.0,723.0,1265.0,468.0,109.0,6918.0,46.01,22.29,30.62,6.96,18.78,16.5,4.88877356026,3.35925982132,1b,3210.0,10.0,20.0,40.0,20.0,1530.0,1660.0,47.66,395000,360000,462500,500000,482500,319000.0,,22.15,29.0,28.0,14.0,17.0,94.0,15.0,11.0,5.0,0.0,130.0,109.0,9.0,34.0,0.0,0.0,0.0,0.0,0.0
E02000272,Ealing 035,Elthorne Park,E09000009,Ealing,E14001209,Ealing Southall,2539.0,970.0,850.0,19.0,163.0,534.0,3.0,6662.0,6092.0,22.0,483.0,65.0,1035.0,751.0,622.0,115.0,15.0,5209.0,71.68,21.03,6.42,8.56,5.12,40.76,7.0825917017,8.71248886439,2,2660.0,1340.0,20.0,10.0,10.0,630.0,2030.0,23.68,742500,800000,752500,775000,899950,365000.0,,21.21,44.0,38.0,21.0,17.0,96.0,10.0,2.0,21.0,2.0,129.0,106.0,16.5,39.8,0.0,0.0,0.0,0.0,0.0
E02000247,Ealing 010,Greenford West,E09000009,Ealing,E14001208,Ealing North,3892.0,712.0,1014.0,134.0,958.0,1057.0,17.0,11017.0,10182.0,18.0,724.0,93.0,518.0,1003.0,1668.0,584.0,119.0,8327.0,44.35,27.16,24.61,7.58,18.06,13.31,6.54835148639,7.54832673147,2,4070.0,30.0,750.0,250.0,20.0,2380.0,1660.0,58.48,300000,362750,341000,304500,300000,266000.0,,0.0,26.0,19.0,18.0,0.0,247.0,9.0,17.0,1.0,7.0,286.0,256.0,6.4,62.9,0.0,0.0,0.0,0.0,0.0
E02000276,Ealing 039,South Ealing,E09000009,Ealing,E14001209,Ealing Southall,2724.0,645.0,834.0,15.0,298.0,930.0,2.0,6658.0,5731.0,48.0,802.0,77.0,801.0,753.0,981.0,166.0,23.0,5283.0,54.3,34.14,10.94,13.92,6.94,29.41,12.1590540103,12.6721479183,3,2930.0,2020.0,30.0,50.0,10.0,1540.0,1380.0,52.56,517500,700000,585000,595000,575000,475000.0,,11.11,24.0,22.0,14.0,0.0,0.0,19.0,4.0,2.0,1.0,40.0,19.0,8.2,6.5,0.0,0.0,0.0,0.0,0.0
E02000269,Ealing 032,Northfields,E09000009,Ealing,E14001209,Ealing Southall,3307.0,1014.0,966.0,11.0,191.0,1125.0,0.0,8072.0,7016.0,35.0,909.0,112.0,1180.0,946.0,998.0,162.0,16.0,6444.0,59.87,34.02,5.78,13.08,5.38,35.68,13.1360547168,12.1747495671,3,3460.0,3020.0,60.0,60.0,30.0,1370.0,2080.0,39.6,745000,812500,802500,820000,825000,568500.0,,10.74,82.0,66.0,41.0,0.0,7.0,10.0,7.0,22.0,4.0,75.0,17.0,23.7,4.9,1.0,0.03,0.0,0.0,0.0
E02000275,Ealing 038,Norwood Green South,E09000009,Ealing,E14001209,Ealing Southall,2348.0,526.0,455.0,19.0,481.0,855.0,12.0,8082.0,7340.0,6.0,627.0,109.0,469.0,406.0,900.0,408.0,165.0,6350.0,41.78,36.41,20.49,9.18,24.4,19.97,5.6549654273,3.75689012007,2,2750.0,760.0,40.0,500.0,410.0,1440.0,1260.0,52.36,322500,415000,760000,582500,511000,215000.0,,58.45,438.0,406.0,33.0,58.0,26.0,13.0,21.0,21.0,215.0,461.0,39.0,159.3,14.2,3.0,1.1199999999999999,0.0,0.0,0.0
E02000242,Ealing 005,Bilton Road,E09000009,Ealing,E14001208,Ealing North,2231.0,701.0,654.0,17.0,104.0,754.0,1.0,6828.0,6252.0,7.0,491.0,78.0,577.0,602.0,718.0,257.0,76.0,5458.0,60.74,33.8,4.66,8.44,14.93,25.86,4.09308718144,2.70936401837,1b,2440.0,0.0,30.0,170.0,110.0,550.0,1860.0,22.54,400000,535000,540000,525000,477500,237500.0,,19.38,138.0,133.0,27.0,55.0,8.0,15.0,9.0,16.0,7.0,159.0,23.0,56.6,9.4,0.0,0.0,0.0,0.0,0.0
E02000244,Ealing 007,Perivale,E09000009,Ealing,E14001208,Ealing North,2939.0,782.0,729.0,33.0,220.0,1173.0,2.0,7815.0,7057.0,13.0,648.0,97.0,752.0,765.0,1101.0,267.0,55.0,6195.0,51.41,39.91,7.49,9.7,10.96,25.59,6.08426025947,6.90954431871,2,3090.0,10.0,240.0,150.0,60.0,1190.0,1870.0,38.51,422500,530000,542975,530000,532000,290000.0,,25.92,391.0,72.0,18.0,167.0,1.0,15.0,15.0,24.0,12.0,422.0,16.0,126.5,5.2,1.0,1.01,0.0,0.0,0.0
E02006971,Ealing 044,Southall Green West,E09000009,Ealing,E14001209,Ealing Southall,2223.0,590.0,428.0,31.0,307.0,865.0,2.0,8216.0,7527.0,16.0,559.0,114.0,361.0,500.0,760.0,405.0,196.0,6265.0,45.79,38.91,13.81,8.39,27.04,16.24,5.09794426418,5.66864731712,2,2340.0,630.0,170.0,100.0,50.0,650.0,1650.0,27.78,360000,381000,450000,400000,525000,,,45.83,51.0,47.0,31.0,0.0,0.0,11.0,19.0,8.0,1.0,59.0,11.0,21.8,4.7,2.0,2.99,0.0,0.0,0.0
E02006970,Ealing 043,Southall Green East,E09000009,Ealing,E14001209,Ealing Southall,2029.0,333.0,388.0,80.0,234.0,989.0,5.0,7233.0,6535.0,3.0,586.0,109.0,204.0,334.0,812.0,478.0,200.0,5435.0,35.53,48.74,11.53,9.65,33.42,10.05,10.7418342102,9.76822003864,3,2230.0,1390.0,60.0,580.0,70.0,1180.0,1000.0,52.91,293750,365000,362500,310000,335000,224750.0,,14.04,98.0,85.0,27.0,10.0,49.0,10.0,619.0,19.0,2.0,690.0,59.0,43.9,26.5,4.0,8.049999999999999,0.0,0.0,0.0
E02000270,Ealing 033,South Acton,E09000009,Ealing,E14001207,Ealing Central and Acton,4116.0,387.0,966.0,268.0,1381.0,1104.0,10.0,9428.0,7707.0,37.0,1550.0,134.0,354.0,1036.0,2186.0,455.0,85.0,7542.0,32.87,26.82,33.55,18.25,13.12,8.6,18.2349334202,18.433672231,4,4910.0,1230.0,270.0,2330.0,1070.0,4300.0,550.0,87.58,580000,585000,550000,515000,425000,411750.0,,-26.72,423.0,421.0,23.0,273.0,3056.0,25.0,107.0,14.0,92.0,1520.0,3081.0,86.2,627.5,4.0,9.62,0.0,0.0,0.0
E02006791,Ealing 040,Chiswick North West,E09000009,Ealing,E14001207,Ealing Central and Acton,3449.0,647.0,979.0,37.0,481.0,1299.0,6.0,7463.0,6236.0,44.0,1057.0,126.0,733.0,1060.0,1493.0,140.0,22.0,6217.0,47.14,37.66,13.95,16.44,4.7,21.25,13.0733662833,11.7084743476,3,3630.0,2060.0,120.0,350.0,120.0,2470.0,1130.0,68.04,599950,620000,699950,647500,599950,487500.0,,0.0,138.0,134.0,17.0,85.0,0.0,11.0,116.0,7.0,4.0,148.0,11.0,38.0,3.0,1.0,0.22,0.0,0.0,0.0
E02000271,Ealing 034,Bedford Park,E09000009,Ealing,E14001207,Ealing Central and Acton,2977.0,869.0,954.0,17.0,188.0,948.0,1.0,6874.0,5810.0,36.0,885.0,143.0,1277.0,805.0,798.0,86.0,12.0,5502.0,61.24,31.84,6.32,15.48,3.29,42.9,10.8967871645,10.657019804,3,3200.0,2560.0,40.0,150.0,30.0,1490.0,1700.0,46.56,982500,1185000,1282500,800000,1100000,515000.0,492500.0,11.96,93.0,72.0,35.0,0.0,168.0,4.0,20.0,5.0,9.0,189.0,172.0,29.1,53.8,1.0,0.02,0.0,0.0,0.0
E02000263,Ealing 026,Southall West,E09000009,Ealing,E14001209,Ealing Southall,3646.0,997.0,614.0,80.0,637.0,1310.0,8.0,13573.0,12408.0,19.0,923.0,223.0,629.0,733.0,1280.0,646.0,358.0,10453.0,44.19,35.93,17.47,8.58,27.54,17.25,7.04178656414,6.40538868227,2,4240.0,1590.0,80.0,800.0,750.0,1670.0,2530.0,39.39,340000,488000,455000,450444,446500,381000.0,405040.0,31.32,896.0,704.0,49.0,255.0,3573.0,143.0,139.0,28.0,2.0,543.0,3716.0,211.3,876.4,4.0,33.14,0.0,0.0,0.0
E02000312,Enfield 036,Broomfield Park,E09000010,Enfield,E14001503,Southgate and Wood Green,4495.0,1148.0,1007.0,99.0,357.0,1878.0,6.0,11150.0,9764.0,20.0,1205.0,161.0,1050.0,1086.0,1770.0,507.0,84.0,9089.0,47.94,41.78,7.94,12.43,13.15,23.36,13.3713086758,12.2847589983,3,4710.0,3120.0,130.0,320.0,10.0,2810.0,1890.0,59.66,397000,500000,472500,600000,577500,400000.0,,45.47,171.0,149.0,55.0,7.0,14.0,22.0,4.0,76.0,1.0,173.0,36.0,36.3,7.6,0.0,0.0,0.0,0.0,0.0
E02000311,Enfield 035,Bowes,E09000010,Enfield,E14001503,Southgate and Wood Green,3635.0,1024.0,861.0,30.0,604.0,1104.0,12.0,10439.0,9397.0,47.0,817.0,178.0,881.0,915.0,1224.0,464.0,151.0,8270.0,51.86,30.37,16.62,9.98,16.92,24.24,7.99210346522,7.30087139759,2,3780.0,630.0,170.0,50.0,20.0,1260.0,2520.0,33.33,440000,525000,479750,509000,527500,236250.0,,19.89,65.0,41.0,23.0,0.0,8.0,10.0,2.0,6.0,27.0,85.0,18.0,17.2,4.8,0.0,0.0,0.0,0.0,0.0
E02000308,Enfield 032,New Southgate & Arnos Grove,E09000010,Enfield,E14001503,Southgate and Wood Green,3223.0,802.0,790.0,57.0,574.0,995.0,5.0,8660.0,7620.0,11.0,908.0,121.0,850.0,899.0,1077.0,288.0,110.0,6857.0,49.39,30.87,17.81,12.01,12.35,26.37,19.8313084076,21.4391569678,4,3390.0,980.0,40.0,520.0,260.0,1610.0,1780.0,47.49,570000,630000,660000,583000,578500,325000.0,,1.49,449.0,82.0,34.0,172.0,51.0,33.0,171.0,63.0,8.0,250.0,84.0,132.4,24.8,1.0,0.014,0.0,0.0,0.0
E02000290,Enfield 014,Brimsdown & Ponders End,E09000010,Enfield,E14001225,Enfield North,2517.0,334.0,498.0,47.0,808.0,811.0,19.0,6583.0,5938.0,11.0,587.0,47.0,292.0,506.0,1225.0,417.0,79.0,4620.0,33.06,32.22,32.1,9.8,19.71,11.6,2.54843178658,2.02579130792,1b,3010.0,350.0,260.0,640.0,580.0,1940.0,1060.0,64.45,340000,285000,360000,366750,373750,285000.0,,9.93,141.0,83.0,23.0,158.0,1472.0,455.0,8.0,27.0,20.0,1747.0,1927.0,46.8,640.2,1.0,1.503,0.0,0.0,0.0
E02000282,Enfield 006,Enfield Wash,E09000010,Enfield,E14001225,Enfield North,3468.0,475.0,620.0,23.0,1221.0,1106.0,23.0,9824.0,9038.0,18.0,666.0,102.0,452.0,736.0,1595.0,571.0,113.0,6805.0,31.57,31.89,35.21,8.0,19.72,13.03,6.06226585893,6.36166017273,2,3620.0,250.0,150.0,90.0,50.0,2120.0,1510.0,58.56,335000,350000,407500,375000,410500,227000.0,,22.54,42.0,34.0,24.0,20.0,31.0,11.0,10.0,11.0,78.0,77.0,42.0,11.6,11.6,0.0,0.0,0.0,0.0,0.0
E02000283,Enfield 007,Brimsdown Avenue,E09000010,Enfield,E14001225,Enfield North,2800.0,701.0,807.0,16.0,476.0,797.0,3.0,8464.0,7824.0,12.0,569.0,59.0,683.0,773.0,987.0,294.0,63.0,6214.0,53.86,28.46,17.0,7.56,12.75,24.39,5.14154252921,5.33567775529,2,3020.0,170.0,100.0,90.0,20.0,470.0,2540.0,15.56,368750,450000,419500,442500,417500,,,13.22,72.0,52.0,48.0,4.0,14.0,22.0,155.0,123.0,1.0,248.0,36.0,23.8,11.9,0.0,0.0,0.0,0.0,0.0
E02000278,Enfield 002,Turkey Street,E09000010,Enfield,E14001225,Enfield North,3341.0,636.0,635.0,40.0,1125.0,893.0,12.0,9352.0,8719.0,27.0,554.0,52.0,611.0,851.0,1378.0,417.0,82.0,6843.0,38.04,26.73,33.67,6.77,14.94,18.29,5.5325269193,5.30253645681,2,3500.0,310.0,170.0,130.0,20.0,1360.0,2120.0,38.86,358000,401000,395000,447500,440000,187000.0,,22.91,57.0,26.0,28.0,0.0,30.0,19.0,6.0,47.0,11.0,99.0,49.0,16.3,14.0,1.0,0.029,0.0,0.0,0.0
E02000279,Enfield 003,Enfield Lock,E09000010,Enfield,E14001225,Enfield North,4419.0,614.0,1053.0,202.0,1120.0,1420.0,10.0,12198.0,11163.0,15.0,916.0,104.0,646.0,1003.0,2030.0,617.0,119.0,8673.0,37.72,32.13,25.35,8.48,16.66,14.62,3.61772226149,3.51611173708,1b,4780.0,990.0,1330.0,430.0,40.0,2110.0,2670.0,44.14,270000,285000,392000,395500,377498,237500.0,,39.81,35.0,26.0,26.0,0.0,5.0,32.0,21.0,60.0,24.0,80.0,37.0,7.3,7.7,0.0,0.0,0.0,0.0,0.0
E02000277,Enfield 001,Bullsmoor & Freezywater,E09000010,Enfield,E14001225,Enfield North,2628.0,727.0,701.0,19.0,370.0,806.0,5.0,7448.0,6868.0,15.0,529.0,36.0,651.0,684.0,960.0,276.0,56.0,5485.0,54.34,30.67,14.08,7.79,12.63,24.77,6.71179515413,6.8928994268,2,2770.0,680.0,80.0,90.0,60.0,780.0,1980.0,28.16,362000,420000,407500,440000,445000,188000.0,,22.93,77.0,53.0,35.0,0.0,8.0,15.0,4.0,26.0,27.0,87.0,23.0,27.8,8.3,0.0,0.0,0.0,0.0,0.0
E02000289,Enfield 013,World's End,E09000010,Enfield,E14001503,Southgate and Wood Green,2427.0,1065.0,918.0,8.0,161.0,275.0,0.0,6711.0,6203.0,17.0,458.0,33.0,1219.0,699.0,412.0,75.0,19.0,5298.0,81.71,11.33,6.63,7.57,3.87,50.23,3.6351307427,3.46022875247,1b,2520.0,30.0,0.0,20.0,10.0,190.0,2320.0,7.54,655000,792500,760000,776250,760000,,,16.03,13.0,11.0,8.0,0.0,12.0,17.0,4.0,6.0,2.0,44.0,29.0,5.2,11.5,0.0,0.0,0.0,0.0,0.0
E02000296,Enfield 020,Southgate,E09000010,Enfield,E14001503,Southgate and Wood Green,4040.0,1042.0,884.0,29.0,388.0,1694.0,3.0,10221.0,8989.0,19.0,1048.0,165.0,778.0,1260.0,1533.0,392.0,76.0,8019.0,47.67,41.93,9.6,12.05,11.58,19.26,11.0225893711,11.3822844983,3,4370.0,340.0,290.0,460.0,210.0,2650.0,1720.0,60.64,390000,423000,505000,480000,450000,381250.0,485000.0,15.38,97.0,77.0,38.0,0.0,429.0,108.0,14.0,97.0,13.0,355.0,537.0,22.2,122.9,1.0,0.132,0.0,0.0,0.0
E02000286,Enfield 010,Chase Farm & The Ridgeway,E09000010,Enfield,E14001225,Enfield North,4002.0,1408.0,1224.0,12.0,263.0,1092.0,3.0,8583.0,7617.0,11.0,901.0,54.0,1100.0,1275.0,1396.0,200.0,29.0,6912.0,65.77,27.29,6.57,11.25,5.72,27.49,6.56632462761,5.53314830409,2,4340.0,450.0,330.0,400.0,230.0,2580.0,1760.0,59.45,415000,410500,487500,425000,440000,325000.0,,6.02,262.0,133.0,39.0,90.0,490.0,768.0,17.0,23.0,35.0,1009.0,1258.0,60.4,289.9,1.0,7.705,0.0,0.0,0.0
E02000284,Enfield 008,Chase Side,E09000010,Enfield,E14001225,Enfield North,3618.0,1064.0,1165.0,34.0,415.0,935.0,5.0,8621.0,7781.0,15.0,757.0,68.0,1019.0,1127.0,1225.0,204.0,44.0,6730.0,61.61,25.84,11.47,9.74,6.85,28.16,9.97875034486,7.85405058815,2,3860.0,1260.0,220.0,250.0,100.0,1720.0,2140.0,44.56,427000,500000,485500,525000,495000,327500.0,,15.93,147.0,115.0,46.0,4.0,15.0,23.0,5.0,32.0,10.0,146.0,38.0,38.1,9.8,2.0,0.117,0.0,0.0,0.0
E02000294,Enfield 018,Ponders End South,E09000010,Enfield,E14001221,Edmonton and Winchmore Hill,3086.0,807.0,748.0,32.0,572.0,919.0,8.0,9285.0,8421.0,28.0,768.0,68.0,688.0,830.0,1113.0,370.0,87.0,6880.0,50.39,29.78,18.54,9.31,14.81,22.29,3.70786088579,2.98209292232,1b,3140.0,600.0,50.0,70.0,60.0,670.0,2460.0,21.34,367500,426500,400000,415000,430000,,,17.01,41.0,34.0,22.0,58.0,2.0,15.0,1.0,2.0,15.0,35.0,17.0,13.1,5.4,1.0,0.549,0.0,0.0,0.0
E02000301,Enfield 025,Lower Edmonton South,E09000010,Enfield,E14001221,Edmonton and Winchmore Hill,3726.0,612.0,578.0,44.0,1228.0,1249.0,15.0,10095.0,9268.0,23.0,715.0,89.0,488.0,835.0,1664.0,600.0,139.0,7386.0,31.94,33.52,32.96,8.19,19.83,13.1,3.33118386247,2.18807345848,1b,4050.0,1110.0,770.0,0.0,0.0,1870.0,2180.0,46.17,333500,388250,325000,392500,387500,185000.0,,16.19,42.0,29.0,20.0,0.0,3.0,13.0,66.0,28.0,1.0,117.0,16.0,10.4,4.0,0.0,0.0,0.0,0.0,0.0
E02000299,Enfield 023,Lower Edmonton North,E09000010,Enfield,E14001221,Edmonton and Winchmore Hill,3317.0,704.0,621.0,56.0,531.0,1398.0,7.0,9374.0,8601.0,12.0,685.0,76.0,571.0,819.0,1367.0,461.0,96.0,6793.0,39.95,42.15,16.01,8.25,16.79,17.21,8.75476444893,6.90375700923,2,3580.0,1810.0,150.0,30.0,0.0,1120.0,2450.0,31.28,338000,398000,380000,390000,392750,206000.0,,16.2,55.0,33.0,37.0,0.0,12.0,18.0,19.0,35.0,2.0,95.0,30.0,15.4,8.4,0.0,0.0,0.0,0.0,0.0
E02000300,Enfield 024,Haslebury North,E09000010,Enfield,E14001221,Edmonton and Winchmore Hill,2998.0,729.0,674.0,9.0,370.0,1208.0,8.0,8744.0,7913.0,11.0,739.0,81.0,619.0,673.0,1139.0,440.0,129.0,6480.0,46.8,40.29,12.34,9.5,18.98,20.65,7.75705260656,6.17753721743,2,3080.0,1020.0,40.0,30.0,0.0,1070.0,2000.0,34.74,370000,425000,415000,408500,427500,,,15.54,27.0,13.0,18.0,0.0,9.0,14.0,2.0,11.0,4.0,50.0,23.0,8.8,7.5,0.0,0.0,0.0,0.0,0.0
E02000307,Enfield 031,Tatem Park,E09000010,Enfield,E14001221,Edmonton and Winchmore Hill,3343.0,1042.0,953.0,7.0,277.0,1058.0,6.0,9994.0,9221.0,18.0,671.0,84.0,860.0,1001.0,1049.0,310.0,126.0,7485.0,59.68,31.65,8.29,7.73,13.04,25.73,7.92440379176,8.44421440186,2,3430.0,1220.0,30.0,0.0,0.0,400.0,3010.0,11.66,390250,472000,450000,443000,475000,,,21.72,53.0,30.0,32.0,0.0,3.0,8.0,2.0,25.0,11.0,62.0,11.0,15.5,3.2,0.0,0.0,0.0,0.0,0.0
E02000306,Enfield 030,Edmonton Green,E09000010,Enfield,E14001221,Edmonton and Winchmore Hill,3399.0,282.0,396.0,81.0,1717.0,896.0,27.0,9030.0,8446.0,19.0,502.0,63.0,268.0,654.0,1686.0,635.0,156.0,6544.0,19.95,26.36,50.51,6.47,23.27,7.88,7.66375834686,4.37419005719,2,3610.0,460.0,760.0,20.0,10.0,2590.0,1010.0,71.75,249000,321000,310000,305000,241500,240000.0,,-3.01,16.0,13.0,13.0,2.0,10.0,1454.0,0.0,9.0,2.0,1475.0,1464.0,4.4,405.5,1.0,1.59,0.0,0.0,0.0
E02000292,Enfield 016,Southbury West,E09000010,Enfield,E14001225,Enfield North,3569.0,1031.0,1278.0,15.0,290.0,952.0,3.0,9712.0,8853.0,19.0,775.0,65.0,981.0,1164.0,1086.0,280.0,58.0,7327.0,64.7,26.67,8.13,8.84,9.47,27.49,7.43975788032,6.23050905183,2,3710.0,1390.0,50.0,70.0,20.0,600.0,3100.0,16.17,406500,469000,450000,462500,485000,,,19.31,37.0,25.0,19.0,0.0,29.0,12.0,8.0,16.0,505.0,79.0,41.0,10.0,11.1,0.0,0.0,0.0,0.0,0.0
E02000303,Enfield 027,Haslebury South,E09000010,Enfield,E14001221,Edmonton and Winchmore Hill,2976.0,502.0,530.0,17.0,945.0,965.0,17.0,8281.0,7585.0,17.0,618.0,61.0,476.0,615.0,1349.0,415.0,120.0,6203.0,34.68,32.43,31.75,8.4,17.98,15.99,10.7025905198,7.68509811375,3,3200.0,630.0,110.0,100.0,50.0,1470.0,1730.0,45.94,367500,400000,370000,442500,377500,260000.0,,2.72,132.0,98.0,33.0,31.0,57.0,20.0,17.0,43.0,30.0,102.0,77.0,41.2,24.1,2.0,0.43799999999999994,0.0,0.0,0.0
E02006793,Enfield 037,Upper Edmonton West,E09000010,Enfield,E14001221,Edmonton and Winchmore Hill,3390.0,414.0,510.0,45.0,1431.0,954.0,36.0,9546.0,8694.0,19.0,730.0,103.0,386.0,660.0,1497.0,650.0,197.0,6977.0,27.26,28.14,42.21,8.93,24.99,11.39,10.7806095124,9.70286280798,3,3480.0,500.0,100.0,330.0,0.0,2080.0,1400.0,59.77,343000,379000,392500,425000,310000,225000.0,,-9.62,22.0,21.0,12.0,1.0,4.0,3.0,0.0,25.0,2.0,27.0,7.0,6.3,2.0,0.0,0.0,0.0,0.0,0.0
E02000293,Enfield 017,Grange Park,E09000010,Enfield,E14001221,Edmonton and Winchmore Hill,2491.0,1122.0,850.0,7.0,86.0,426.0,0.0,6341.0,5914.0,24.0,354.0,49.0,1264.0,663.0,468.0,82.0,13.0,5078.0,79.16,17.1,3.45,6.73,3.81,50.74,5.53141470807,5.30899747559,2,2600.0,290.0,70.0,120.0,40.0,730.0,1870.0,28.08,715000,725000,735000,817500,825000,405000.0,,15.38,50.0,49.0,32.0,0.0,21.0,23.0,4.0,27.0,1.0,57.0,44.0,19.2,16.9,1.0,0.77,0.0,0.0,0.0
E02000297,Enfield 021,Bury Street West & Village Road,E09000010,Enfield,E14001221,Edmonton and Winchmore Hill,3475.0,1535.0,1254.0,10.0,83.0,591.0,2.0,9306.0,8710.0,18.0,520.0,58.0,1562.0,981.0,759.0,125.0,48.0,7528.0,80.26,17.01,2.39,6.4,4.98,44.95,6.29513950821,6.12550163924,2,3760.0,550.0,90.0,180.0,170.0,790.0,2970.0,21.01,550000,630000,599998,619000,640000,255000.0,,16.36,110.0,106.0,24.0,2.0,14.0,26.0,6.0,12.0,4.0,135.0,40.0,29.3,10.6,1.0,0.245,0.0,0.0,0.0
E02000291,Enfield 015,Enfield Town South & Bush Hill Park,E09000010,Enfield,E14001221,Edmonton and Winchmore Hill,4329.0,992.0,1074.0,23.0,618.0,1616.0,6.0,9993.0,8953.0,15.0,901.0,124.0,687.0,1217.0,1928.0,429.0,69.0,7823.0,47.72,37.33,14.28,10.41,11.5,15.87,11.4721754215,8.35784334701,3,4610.0,1310.0,340.0,390.0,30.0,3180.0,1420.0,68.98,333500,417500,360000,380000,372625,340000.0,,11.73,97.0,69.0,37.0,0.0,11.0,31.0,8.0,77.0,16.0,108.0,42.0,21.0,9.1,1.0,0.086,0.0,0.0,0.0
E02000298,Enfield 022,Winchmore Hill,E09000010,Enfield,E14001221,Edmonton and Winchmore Hill,3056.0,1158.0,1173.0,5.0,107.0,612.0,1.0,8174.0,7423.0,17.0,661.0,73.0,1504.0,796.0,597.0,145.0,15.0,6505.0,76.28,20.03,3.5,9.19,5.24,49.21,4.85957799703,5.79230698786,1b,3160.0,1090.0,50.0,50.0,20.0,900.0,2260.0,28.48,815000,865000,950000,875000,831000,392500.0,,1.96,28.0,19.0,19.0,0.0,12.0,21.0,3.0,35.0,13.0,48.0,33.0,8.9,10.4,3.0,1.175,0.0,0.0,0.0
E02000309,Enfield 033,Upper Edmonton East & Meridian Water,E09000010,Enfield,E14001221,Edmonton and Winchmore Hill,3986.0,755.0,729.0,37.0,829.0,1626.0,10.0,11653.0,10703.0,16.0,795.0,139.0,593.0,967.0,1593.0,651.0,184.0,8374.0,37.23,40.79,20.8,8.15,20.95,14.88,8.54384849928,6.85021617618,2,4130.0,1530.0,250.0,180.0,40.0,1590.0,2510.0,38.5,338000,385000,380000,380000,388000,282000.0,,14.79,74.0,53.0,40.0,1.0,465.0,163.0,2.0,23.0,168.0,359.0,628.0,17.9,152.1,1.0,7.222,0.0,0.0,0.0
E02000288,Enfield 012,Southbury East,E09000010,Enfield,E14001225,Enfield North,4053.0,736.0,918.0,70.0,954.0,1360.0,15.0,12638.0,11646.0,23.0,899.0,70.0,679.0,882.0,1653.0,620.0,219.0,8993.0,40.81,33.56,23.54,7.85,20.7,16.75,9.32039896505,8.90947862612,2,4270.0,910.0,190.0,430.0,210.0,1840.0,2410.0,43.09,390000,323500,400000,415000,425000,270000.0,,8.97,394.0,357.0,40.0,67.0,19.0,17.0,1817.0,24.0,35.0,2048.0,36.0,92.3,8.4,1.0,0.028,0.0,0.0,0.0
E02000280,Enfield 004,Chase & Crews Hill,E09000010,Enfield,E14001225,Enfield North,3410.0,1037.0,1098.0,34.0,679.0,553.0,9.0,8529.0,7915.0,15.0,556.0,43.0,1016.0,1156.0,989.0,227.0,25.0,6560.0,62.61,16.22,19.91,7.2,7.39,29.79,1.06387190563,0.0,1a,3660.0,1240.0,110.0,140.0,100.0,1160.0,2460.0,31.69,425000,527750,517604,497500,542500,295000.0,,27.65,149.0,138.0,35.0,45.0,4.0,33.0,3.0,38.0,158.0,114.0,37.0,40.7,10.1,1.0,0.864,0.0,0.0,0.0
E02000281,Enfield 005,Carterhatch & Forty Hall,E09000010,Enfield,E14001225,Enfield North,3550.0,756.0,1016.0,69.0,774.0,923.0,12.0,9525.0,8741.0,15.0,724.0,45.0,633.0,1042.0,1420.0,356.0,100.0,7081.0,49.92,26.0,21.8,8.23,12.85,17.83,2.64970753966,3.24301188218,1b,3770.0,310.0,220.0,200.0,10.0,1700.0,2070.0,45.09,352500,415000,389000,415000,450000,295000.0,,27.66,28.0,28.0,17.0,13.0,3.0,9.0,9.0,26.0,6.0,41.0,12.0,7.4,3.2,0.0,0.0,0.0,0.0,0.0
E02000287,Enfield 011,Cockfosters & Hadley Wood,E09000010,Enfield,E14001503,Southgate and Wood Green,2870.0,1075.0,955.0,50.0,248.0,537.0,5.0,7274.0,6602.0,16.0,567.0,89.0,1366.0,742.0,653.0,95.0,17.0,5845.0,70.73,18.71,8.64,9.24,3.9,47.6,2.52377256948,1.64883688488,1b,3340.0,160.0,250.0,760.0,380.0,1420.0,1900.0,42.51,865000,1203750,864900,1100000,936250,410500.0,1492600.0,8.24,615.0,133.0,43.0,60.0,13.0,397.0,35.0,53.0,41.0,716.0,410.0,184.1,122.8,5.0,26.774,0.0,0.0,0.0
E02000302,Enfield 026,Palmers Green East,E09000010,Enfield,E14001221,Edmonton and Winchmore Hill,3114.0,1064.0,990.0,8.0,354.0,696.0,2.0,8583.0,7868.0,15.0,589.0,111.0,1069.0,896.0,823.0,232.0,94.0,6803.0,65.96,22.35,11.37,8.33,10.47,34.33,3.91642652574,3.83202022577,1b,3290.0,310.0,50.0,120.0,70.0,890.0,2400.0,27.05,520000,573750,615000,567500,561000,335000.0,,7.88,49.0,38.0,19.0,0.0,102.0,86.0,4.0,4.0,0.0,236.0,188.0,14.9,57.1,0.0,0.0,0.0,0.0,0.0
E02000304,Enfield 028,Southgate Green,E09000010,Enfield,E14001503,Southgate and Wood Green,2911.0,1202.0,1036.0,14.0,72.0,586.0,1.0,7964.0,7302.0,29.0,547.0,86.0,1507.0,705.0,548.0,131.0,21.0,6350.0,76.88,20.13,2.47,8.31,5.22,51.77,9.8485784009,7.46821021582,2,2990.0,980.0,110.0,30.0,20.0,850.0,2140.0,28.43,800000,895000,820000,850000,857500,405000.0,,7.19,51.0,38.0,20.0,0.0,9.0,18.0,0.0,24.0,1.0,65.0,27.0,17.1,9.0,0.0,0.0,0.0,0.0,0.0
E02000295,Enfield 019,Oakwood Park & Highlands,E09000010,Enfield,E14001503,Southgate and Wood Green,3350.0,1114.0,1010.0,48.0,310.0,868.0,0.0,8616.0,7814.0,24.0,678.0,100.0,992.0,1083.0,1007.0,214.0,52.0,6682.0,63.4,25.91,9.25,9.31,7.94,29.61,6.19327244887,4.29460392042,2,3450.0,120.0,190.0,30.0,10.0,1530.0,1910.0,44.35,453000,487500,430000,455000,591250,346000.0,,30.52,29.0,20.0,19.0,4.0,2.0,9.0,295.0,29.0,0.0,324.0,11.0,8.4,3.2,1.0,0.564,0.0,0.0,0.0
E02000305,Enfield 029,Palmers Green West,E09000010,Enfield,E14001503,Southgate and Wood Green,3452.0,948.0,1084.0,15.0,134.0,1271.0,0.0,8759.0,7890.0,24.0,736.0,109.0,1011.0,850.0,1233.0,291.0,68.0,7138.0,58.86,36.82,3.88,9.92,10.4,29.29,6.16806532521,6.43503216313,2,3750.0,2780.0,110.0,160.0,60.0,2260.0,1480.0,60.27,416500,487500,503750,530000,525000,410000.0,,26.05,122.0,100.0,35.0,17.0,22.0,34.0,0.0,73.0,34.0,105.0,56.0,32.5,14.9,1.0,0.01,0.0,0.0,0.0
E02000285,Enfield 009,Enfield Town North,E09000010,Enfield,E14001225,Enfield North,2460.0,1084.0,968.0,6.0,84.0,318.0,0.0,6590.0,6132.0,23.0,397.0,38.0,1197.0,736.0,436.0,82.0,11.0,5206.0,83.41,12.93,3.41,6.95,3.78,48.66,7.2679142563,4.54949293541,2,2630.0,100.0,30.0,90.0,70.0,340.0,2280.0,12.93,500000,568750,560000,560000,575000,,,15.0,101.0,101.0,10.0,0.0,9.0,7.0,0.0,32.0,0.0,112.0,16.0,38.4,6.1,0.0,0.0,0.0,0.0,0.0
E02000320,Greenwich 008,Abbey Wood South,E09000011,Greenwich,E14001229,Erith and Thamesmead,2556.0,565.0,648.0,9.0,658.0,668.0,8.0,6967.0,6361.0,21.0,547.0,38.0,549.0,765.0,909.0,270.0,60.0,5319.0,47.46,26.13,25.74,8.7,12.91,21.48,7.24102630097,5.41683316874,2,2630.0,1180.0,40.0,40.0,10.0,840.0,1780.0,31.94,375000,430000,433075,436000,455500,,,21.47,13.0,13.0,2.0,0.0,43.0,10.0,0.0,29.0,0.0,46.0,53.0,4.9,20.2,2.0,0.33,20.0,20.0,9.0
E02000326,Greenwich 014,Charlton Slopes,E09000011,Greenwich,E14001257,Greenwich and Woolwich,3049.0,584.0,905.0,33.0,832.0,694.0,1.0,7707.0,6788.0,20.0,836.0,63.0,762.0,1059.0,1013.0,179.0,37.0,6141.0,48.84,22.76,27.29,11.92,7.08,24.99,12.8374821601,13.0508850217,3,3160.0,1850.0,220.0,20.0,10.0,1440.0,1720.0,45.57,495000,570000,527000,600000,595000,389500.0,,20.2,20.0,18.0,11.0,0.0,16.0,8.0,7.0,8.0,2.0,40.0,24.0,6.3,7.6,1.0,0.03,5.0,5.0,0.0
E02000340,Greenwich 028,Eltham South,E09000011,Greenwich,E14001223,Eltham and Chislehurst,3019.0,986.0,880.0,33.0,469.0,647.0,4.0,6784.0,6055.0,25.0,624.0,80.0,894.0,1001.0,960.0,145.0,22.0,5491.0,61.81,21.43,15.53,10.75,5.53,29.61,8.80003476332,7.62443452985,2,3230.0,420.0,10.0,250.0,20.0,1690.0,1490.0,52.32,370000,387562,377500,425000,430000,300000.0,,16.22,30.0,4.0,8.0,0.0,51.0,89.0,30.0,130.0,1.0,182.0,140.0,9.3,43.3,1.0,0.09,38.0,38.0,0.0
E02000344,Greenwich 032,New Eltham,E09000011,Greenwich,E14001223,Eltham and Chislehurst,2448.0,853.0,966.0,12.0,292.0,320.0,5.0,6353.0,5848.0,8.0,472.0,25.0,1028.0,752.0,550.0,93.0,23.0,5025.0,74.31,13.07,11.93,7.95,4.74,41.99,7.30982271545,6.23979359309,2,2580.0,220.0,0.0,70.0,10.0,520.0,2060.0,20.16,460000,490000,503750,560000,515000,320000.0,,11.96,16.0,6.0,5.0,4.0,12.0,12.0,11.0,5.0,0.0,39.0,24.0,6.2,9.3,1.0,0.03,5.0,5.0,0.0
E02000335,Greenwich 023,Eltham North,E09000011,Greenwich,E14001223,Eltham and Chislehurst,2591.0,914.0,1040.0,12.0,354.0,269.0,2.0,6566.0,6113.0,12.0,417.0,24.0,1054.0,905.0,537.0,77.0,20.0,5161.0,75.41,10.38,13.66,6.9,3.74,40.68,4.19441237833,4.05580409647,1b,2690.0,560.0,30.0,0.0,0.0,340.0,2360.0,12.64,435500,535000,520000,540000,565000,316000.0,,29.74,43.0,3.0,4.0,40.0,4.0,0.0,2.0,1.0,0.0,48.0,4.0,16.0,1.5,0.0,0.0,0.0,0.0,0.0
E02000333,Greenwich 021,Blackheath Standard & Village,E09000011,Greenwich,E14001257,Greenwich and Woolwich,2884.0,707.0,764.0,6.0,483.0,920.0,4.0,6162.0,5410.0,24.0,658.0,70.0,781.0,868.0,1112.0,108.0,12.0,5042.0,51.01,31.9,16.75,12.2,4.16,27.08,9.12501239851,9.3359019338,2,3130.0,1490.0,70.0,70.0,20.0,2050.0,1060.0,65.5,545000,568500,462498,515000,495000,445000.0,,-9.17,14.0,11.0,11.0,5.0,4.0,17.0,10.0,7.0,4.0,39.0,21.0,4.5,6.7,0.0,0.0,0.0,0.0,0.0
E02000324,Greenwich 012,Charlton Village,E09000011,Greenwich,E14001257,Greenwich and Woolwich,2855.0,362.0,523.0,25.0,1436.0,497.0,12.0,7774.0,7072.0,16.0,605.0,81.0,603.0,691.0,1215.0,276.0,69.0,5889.0,31.0,17.41,50.3,9.03,12.08,21.12,10.5478712299,10.6478060185,3,2980.0,610.0,80.0,160.0,70.0,1640.0,1330.0,55.03,490000,437250,500000,530000,490000,345000.0,,0.0,82.0,33.0,12.0,63.0,54.0,12.0,6.0,41.0,5.0,132.0,66.0,27.5,22.1,3.0,0.77,53.0,53.0,6.0
E02000343,Greenwich 031,Mottingham East,E09000011,Greenwich,E14001223,Eltham and Chislehurst,2696.0,701.0,836.0,8.0,837.0,309.0,5.0,6977.0,6472.0,18.0,438.0,49.0,914.0,693.0,887.0,164.0,38.0,5419.0,57.01,11.46,31.05,7.24,7.49,33.9,6.99306969187,7.52652378814,2,2800.0,100.0,30.0,40.0,20.0,850.0,1950.0,30.36,376800,480000,500000,447500,450000,250000.0,,19.43,17.0,1.0,5.0,0.0,6.0,4.0,24.0,47.0,0.0,34.0,10.0,6.1,3.6,0.0,0.0,0.0,0.0,0.0
E02000315,Greenwich 003,Abbey Wood North,E09000011,Greenwich,E14001229,Erith and Thamesmead,3490.0,439.0,756.0,19.0,1488.0,779.0,9.0,9729.0,8973.0,18.0,634.0,104.0,522.0,890.0,1470.0,500.0,108.0,6996.0,34.24,22.32,42.64,7.77,17.42,14.96,12.31642536,11.3884523818,3,3850.0,210.0,210.0,320.0,240.0,1740.0,2070.0,45.19,315000,377500,390000,390000,404000,240500.0,,28.25,256.0,247.0,4.0,33.0,223.0,498.0,1.0,7.0,59.0,514.0,721.0,66.5,187.3,1.0,2.15,245.0,245.0,0.0
E02000328,Greenwich 016,Westcombe Park & Maze Hill,E09000011,Greenwich,E14001257,Greenwich and Woolwich,2946.0,603.0,836.0,87.0,741.0,675.0,4.0,6437.0,5659.0,24.0,683.0,71.0,745.0,899.0,1165.0,123.0,13.0,5216.0,48.85,22.91,25.15,12.09,4.62,25.29,12.2743431814,11.9877600653,3,3230.0,1470.0,160.0,140.0,0.0,2170.0,1050.0,67.18,470000,535000,530000,529000,615000,438437.0,,30.85,10.0,8.0,6.0,0.0,6.0,8.0,13.0,7.0,4.0,32.0,14.0,3.1,4.3,0.0,0.0,0.0,0.0,0.0
E02000342,Greenwich 030,Avery Hill,E09000011,Greenwich,E14001223,Eltham and Chislehurst,2340.0,481.0,707.0,60.0,704.0,384.0,4.0,6283.0,5311.0,79.0,769.0,124.0,567.0,732.0,867.0,161.0,19.0,4967.0,50.77,16.41,30.09,15.47,7.69,24.23,6.03229863261,5.62272058711,2,2480.0,300.0,210.0,210.0,70.0,970.0,1500.0,39.11,430700,585000,465000,468147,487000,289000.0,,13.07,141.0,139.0,6.0,43.0,28.0,6.0,1.0,38.0,1.0,39.0,34.0,56.9,13.7,0.0,0.0,0.0,0.0,0.0
E02006927,Greenwich 034,Kidbrooke South,E09000011,Greenwich,E14001223,Eltham and Chislehurst,5086.0,1058.0,1306.0,196.0,1238.0,1284.0,4.0,12210.0,10705.0,44.0,1299.0,162.0,1142.0,1751.0,1807.0,313.0,75.0,9657.0,46.48,25.25,24.34,12.33,7.63,22.45,7.7781895396,8.32923469559,2,6740.0,280.0,40.0,3460.0,1660.0,4350.0,2330.0,64.54,475200,517500,475000,507500,475000,420000.0,549850.0,-0.04,2040.0,1621.0,11.0,967.0,2026.0,1374.0,1220.0,8.0,9.0,4320.0,3400.0,302.7,504.5,3.0,13.600000000000001,3095.0,3095.0,0.0
E02000337,Greenwich 025,Eltham West,E09000011,Greenwich,E14001223,Eltham and Chislehurst,3084.0,531.0,859.0,76.0,1230.0,383.0,5.0,8386.0,7886.0,11.0,445.0,44.0,799.0,1027.0,971.0,235.0,52.0,6417.0,45.07,12.42,39.88,5.96,9.31,25.91,9.86182943789,9.52843583309,2,3180.0,100.0,100.0,100.0,30.0,490.0,2670.0,15.41,365000,455000,455000,450000,450000,,,23.29,36.0,36.0,7.0,31.0,92.0,0.0,4.0,7.0,1.0,100.0,92.0,11.3,28.9,1.0,0.47,29.0,29.0,0.0
E02000319,Greenwich 007,Plumstead Common & Riverside,E09000011,Greenwich,E14001229,Erith and Thamesmead,3919.0,509.0,788.0,78.0,1229.0,1302.0,13.0,10479.0,9412.0,18.0,896.0,153.0,537.0,1079.0,1660.0,508.0,134.0,8107.0,33.1,33.22,31.36,10.18,16.38,13.7,13.534209651,10.7516282838,3,4250.0,1760.0,710.0,400.0,270.0,2150.0,2080.0,50.59,360000,410000,400750,408000,375000,290000.0,,4.17,362.0,27.0,16.0,116.0,154.0,7.0,26.0,12.0,0.0,548.0,161.0,85.2,37.9,0.0,0.0,0.0,0.0,0.0
E02000321,Greenwich 009,Woolwich Glyndon,E09000011,Greenwich,E14001229,Erith and Thamesmead,2964.0,286.0,494.0,32.0,1494.0,648.0,10.0,7626.0,6904.0,16.0,595.0,111.0,352.0,653.0,1381.0,441.0,130.0,5788.0,26.32,21.86,50.4,9.47,19.26,11.88,19.8533309163,13.0975395962,4,3010.0,730.0,220.0,60.0,0.0,1780.0,1230.0,59.14,332500,310000,340000,366500,340000,287500.0,,2.26,3.0,3.0,4.0,0.0,297.0,18.0,6.0,4.0,0.0,324.0,315.0,1.0,104.7,1.0,0.03,5.0,5.0,0.0
E02000339,Greenwich 027,Eltham Park,E09000011,Greenwich,E14001223,Eltham and Chislehurst,2590.0,836.0,822.0,26.0,519.0,382.0,5.0,6225.0,5764.0,16.0,404.0,41.0,1054.0,684.0,726.0,112.0,15.0,4958.0,64.02,14.75,20.04,7.41,4.9,40.69,12.2394605391,12.2445109005,3,2680.0,1200.0,20.0,10.0,0.0,840.0,1840.0,31.34,524500,582500,595500,645000,595000,255000.0,,13.44,4.0,4.0,4.0,0.0,63.0,22.0,59.0,32.0,1.0,146.0,85.0,1.5,31.7,0.0,0.0,0.0,0.0,0.0
E02006931,Greenwich 038,Greenwich Town & Park,E09000011,Greenwich,E14001257,Greenwich and Woolwich,4134.0,734.0,1027.0,35.0,1197.0,1135.0,6.0,9298.0,7770.0,67.0,1272.0,189.0,843.0,1314.0,1689.0,242.0,50.0,7692.0,42.6,27.46,28.96,16.43,7.06,20.39,14.1317357669,15.5022114438,3,4510.0,2060.0,200.0,320.0,130.0,2760.0,1730.0,61.2,575000,657500,661250,667500,711000,410750.0,,23.65,142.0,130.0,17.0,17.0,51.0,204.0,15.0,24.0,11.0,359.0,255.0,31.5,56.5,0.0,0.0,0.0,0.0,0.0
E02006928,Greenwich 035,Greenwich & Deptford Creekside,E09000011,Greenwich,E14001257,Greenwich and Woolwich,5267.0,332.0,961.0,252.0,1714.0,2005.0,3.0,11943.0,8983.0,139.0,2291.0,530.0,354.0,1659.0,2799.0,391.0,62.0,10093.0,24.55,38.07,32.54,24.78,8.6,6.72,15.2485149437,15.2200328674,4,6360.0,120.0,680.0,3610.0,410.0,6030.0,300.0,94.81,477500,475000,478324,470000,440000,435000.0,,-7.85,516.0,506.0,14.0,157.0,174.0,456.0,159.0,1436.0,18.0,854.0,630.0,81.1,99.1,6.0,0.76,328.0,328.0,0.0
E02006786,Greenwich 033,Wickham Lane & Winns Common,E09000011,Greenwich,E14001229,Erith and Thamesmead,2873.0,571.0,727.0,49.0,938.0,583.0,5.0,7481.0,6851.0,9.0,577.0,44.0,561.0,819.0,1124.0,313.0,57.0,5687.0,45.18,20.29,32.65,8.42,12.88,19.53,5.64621727818,4.96331316745,2,2960.0,1130.0,50.0,190.0,20.0,1020.0,1930.0,34.46,363750,400000,385000,415000,437000,264000.0,,20.14,14.0,4.0,5.0,2.0,20.0,1.0,7.0,5.0,0.0,41.0,21.0,4.7,7.1,0.0,0.0,0.0,0.0,0.0
E02006930,Greenwich 037,Greenwich East,E09000011,Greenwich,E14001257,Greenwich and Woolwich,4227.0,522.0,1335.0,164.0,909.0,1297.0,0.0,9692.0,7812.0,56.0,1660.0,164.0,839.0,1319.0,1789.0,240.0,39.0,7960.0,43.93,30.68,21.5,19.4,6.6,19.85,14.6553546791,14.3650981841,3,4750.0,2060.0,370.0,1710.0,460.0,2830.0,1920.0,59.58,475000,625000,580000,583375,590000,375000.0,,24.21,77.0,75.0,12.0,47.0,1172.0,784.0,67.0,27.0,10.0,936.0,1956.0,16.2,411.8,7.0,6.220000000000001,1435.0,1435.0,7.0
E02000329,Greenwich 017,Plumstead South,E09000011,Greenwich,E14001229,Erith and Thamesmead,2464.0,644.0,729.0,14.0,587.0,484.0,6.0,6246.0,5777.0,5.0,420.0,44.0,666.0,778.0,786.0,191.0,37.0,4878.0,55.72,19.64,23.82,7.51,9.25,27.03,4.05035500018,4.23451686903,1b,2470.0,870.0,10.0,10.0,10.0,470.0,2000.0,19.03,353000,429750,432500,425000,445000,,,26.06,12.0,8.0,5.0,0.0,11.0,1.0,4.0,29.0,22.0,17.0,12.0,4.9,4.9,1.0,0.05,6.0,6.0,0.0
E02000323,Greenwich 011,Woolwich South,E09000011,Greenwich,E14001257,Greenwich and Woolwich,4820.0,439.0,819.0,164.0,1927.0,1464.0,7.0,12665.0,11180.0,43.0,1222.0,220.0,578.0,1094.0,2316.0,604.0,228.0,9607.0,26.1,30.37,39.98,11.73,17.26,11.99,20.4161549686,11.3190730875,5,5000.0,1940.0,170.0,960.0,230.0,3490.0,1500.0,69.8,334000,385000,361250,410000,410000,315000.0,,22.75,682.0,187.0,18.0,270.0,901.0,642.0,25.0,117.0,4.0,2142.0,1543.0,136.4,308.6,5.0,2.2,601.0,601.0,488.0
E02006994,Greenwich 042,Charlton Riverside & Woolwich Dockyard,E09000011,Greenwich,E14001257,Greenwich and Woolwich,3284.0,196.0,473.0,45.0,1369.0,1188.0,13.0,7526.0,6586.0,19.0,779.0,142.0,217.0,711.0,1798.0,481.0,77.0,5893.0,20.37,36.18,41.69,12.49,16.99,6.61,15.8589381057,11.9487418057,4,3830.0,260.0,520.0,650.0,290.0,3220.0,600.0,84.07,385000,320000,295000,280000,298500,275000.0,,-22.47,990.0,321.0,13.0,454.0,1623.0,381.0,839.0,66.0,275.0,3112.0,2004.0,258.5,523.2,9.0,2.77,788.0,788.0,310.0
E02000341,Greenwich 029,Middlepark & Horn Park,E09000011,Greenwich,E14001223,Eltham and Chislehurst,2941.0,464.0,737.0,13.0,1383.0,328.0,16.0,7904.0,7355.0,20.0,482.0,47.0,605.0,932.0,1071.0,274.0,59.0,5802.0,40.84,11.15,47.02,6.95,11.32,20.57,4.71419756606,3.6783115567,1b,3090.0,0.0,40.0,10.0,10.0,1310.0,1780.0,42.39,325000,389500,410000,425000,417000,330000.0,,28.31,2.0,2.0,2.0,0.0,1.0,12.0,3.0,4.0,0.0,18.0,13.0,0.6,4.2,0.0,0.0,0.0,0.0,0.0
E02000318,Greenwich 006,Plumstead High Street,E09000011,Greenwich,E14001229,Erith and Thamesmead,3581.0,549.0,748.0,13.0,851.0,1400.0,20.0,10908.0,9628.0,15.0,1076.0,189.0,597.0,856.0,1409.0,487.0,231.0,8443.0,36.22,39.1,23.76,11.73,20.05,16.67,10.3968275809,9.54973279569,3,3570.0,2200.0,50.0,80.0,30.0,1000.0,2530.0,28.01,342500,384000,385000,415000,377500,240000.0,,10.22,47.0,46.0,22.0,0.0,50.0,28.0,22.0,61.0,13.0,114.0,78.0,13.2,21.8,1.0,0.09,7.0,7.0,0.0
E02000332,Greenwich 020,Shooters Hill,E09000011,Greenwich,E14001229,Erith and Thamesmead,2999.0,852.0,961.0,19.0,530.0,628.0,9.0,7368.0,6697.0,15.0,577.0,79.0,1017.0,934.0,832.0,182.0,35.0,5792.0,60.45,20.94,17.67,9.11,7.24,33.91,4.44181076957,4.53974966953,1b,3090.0,1010.0,40.0,40.0,10.0,990.0,2090.0,32.04,408500,500000,465000,485000,510000,300000.0,,24.85,10.0,9.0,7.0,0.0,44.0,18.0,3.0,22.0,1.0,67.0,62.0,3.2,20.1,1.0,0.03,7.0,7.0,0.0
E02006992,Greenwich 040,Greenwich Peninsula West,E09000011,Greenwich,E14001257,Greenwich and Woolwich,3769.0,306.0,1191.0,147.0,1180.0,942.0,3.0,8058.0,6563.0,37.0,1282.0,176.0,418.0,1256.0,1838.0,235.0,23.0,6646.0,39.72,24.99,31.31,18.55,6.85,11.09,13.6798544596,13.8491944735,3,4600.0,480.0,140.0,2990.0,840.0,3710.0,890.0,80.65,555000,545000,602440,570000,519000,483248.0,,-6.49,1519.0,1518.0,8.0,117.0,23299.0,637.0,1482.0,3.0,1509.0,9803.0,23936.0,330.2,5203.5,4.0,59.989999999999995,8063.0,8063.0,0.0
E02006993,Greenwich 041,Greenwich Peninsula East,E09000011,Greenwich,E14001257,Greenwich and Woolwich,3627.0,250.0,780.0,243.0,925.0,1427.0,2.0,8282.0,6244.0,46.0,1729.0,263.0,280.0,1025.0,2017.0,252.0,51.0,6709.0,28.4,39.34,25.5,24.61,8.35,7.72,12.1521123408,13.2599725449,3,4800.0,330.0,1120.0,3100.0,1100.0,4300.0,490.0,89.58,460500,593000,495000,482500,450000,446000.0,,-2.28,2108.0,1677.0,8.0,372.0,315.0,5.0,0.0,0.0,23.0,1017.0,320.0,439.2,66.7,4.0,5.22,341.0,341.0,260.0
E02000314,Greenwich 002,West Thamesmead,E09000011,Greenwich,E14001229,Erith and Thamesmead,4537.0,348.0,1173.0,165.0,1156.0,1679.0,16.0,13941.0,12324.0,24.0,1431.0,162.0,505.0,1205.0,1956.0,722.0,148.0,10253.0,33.52,37.01,25.48,11.6,19.18,11.13,5.80100012893,5.36552676022,2,4660.0,0.0,2840.0,70.0,70.0,1820.0,2830.0,39.06,285000,300000,350000,350000,348500,258000.0,,22.28,66.0,66.0,2.0,66.0,1917.0,654.0,156.0,6.0,0.0,2726.0,2571.0,14.2,551.7,1.0,0.39,66.0,66.0,0.0
E02000313,Greenwich 001,Thamesmead Birchmere Park,E09000011,Greenwich,E14001229,Erith and Thamesmead,2596.0,221.0,348.0,46.0,1627.0,346.0,8.0,6395.0,5960.0,26.0,360.0,49.0,365.0,543.0,1256.0,349.0,83.0,4675.0,21.92,13.33,62.67,6.8,16.64,14.06,7.3705254336,8.74936964062,2,2520.0,0.0,130.0,10.0,10.0,1470.0,1040.0,58.33,258000,378000,265500,360000,367500,,,42.44,0.0,0.0,0.0,0.0,0.0,0.0,1.0,4.0,0.0,1.0,0.0,0.0,0.0,0.0,0.0,0.0,0.0,0.0
E02000327,Greenwich 015,Woolwich Common,E09000011,Greenwich,E14001257,Greenwich and Woolwich,2635.0,151.0,502.0,41.0,1207.0,726.0,8.0,6529.0,5691.0,17.0,729.0,92.0,413.0,634.0,1234.0,289.0,65.0,4946.0,24.78,27.55,45.81,12.84,13.43,15.67,10.8879120162,10.4464428463,3,2970.0,570.0,10.0,710.0,220.0,1860.0,1090.0,62.63,407500,379000,391000,390000,312000,285000.0,,-23.44,376.0,360.0,10.0,190.0,343.0,2.0,9.0,22.0,0.0,24.0,345.0,126.6,116.2,1.0,3.03,354.0,354.0,0.0
E02000331,Greenwich 019,Hornfair Park,E09000011,Greenwich,E14001223,Eltham and Chislehurst,3191.0,478.0,821.0,31.0,1133.0,723.0,5.0,8137.0,7337.0,20.0,695.0,85.0,627.0,932.0,1321.0,262.0,52.0,6258.0,40.71,22.66,35.51,9.83,9.84,19.65,7.45371076719,7.8727380605,2,3400.0,320.0,730.0,80.0,10.0,1540.0,1800.0,45.29,360000,415000,445000,480000,428500,310000.0,,19.03,6.0,1.0,3.0,0.0,44.0,27.0,15.0,26.0,1.0,81.0,71.0,1.8,20.9,2.0,0.12000000000000001,10.0,10.0,0.0
E02000334,Greenwich 022,Kidbrooke North,E09000011,Greenwich,E14001223,Eltham and Chislehurst,2543.0,587.0,886.0,10.0,669.0,389.0,2.0,6547.0,6092.0,15.0,386.0,54.0,757.0,775.0,800.0,177.0,34.0,5147.0,57.92,15.3,26.31,6.95,8.3,29.77,4.8855004873,4.23212133101,1b,2700.0,250.0,80.0,40.0,40.0,540.0,2140.0,20.0,432000,437500,452500,471000,521250,330000.0,,20.66,40.0,40.0,4.0,35.0,4.0,2.0,3.0,4.0,4.0,12.0,6.0,14.8,2.2,0.0,0.0,0.0,0.0,0.0
E02000317,Greenwich 005,Woolwich West,E09000011,Greenwich,E14001257,Greenwich and Woolwich,2822.0,257.0,452.0,40.0,1551.0,508.0,14.0,7479.0,6726.0,16.0,672.0,65.0,419.0,626.0,1307.0,377.0,93.0,5586.0,25.12,18.0,54.96,10.07,16.65,14.85,13.5696069817,13.2723051447,3,2920.0,590.0,190.0,240.0,140.0,1830.0,1090.0,62.67,300000,350000,410000,450000,387500,270000.0,,29.17,201.0,180.0,11.0,93.0,227.0,190.0,28.0,9.0,18.0,467.0,417.0,68.8,142.8,6.0,4.9399999999999995,214.0,214.0,6.0
E02006991,Greenwich 039,Woolwich Arsenal,E09000011,Greenwich,E14001257,Greenwich and Woolwich,3233.0,161.0,654.0,271.0,474.0,1671.0,2.0,6229.0,4702.0,24.0,1354.0,149.0,197.0,1114.0,1728.0,176.0,19.0,5563.0,25.21,51.69,14.66,24.51,6.03,6.09,32.8763853529,33.0636127883,6a,4260.0,1090.0,670.0,2490.0,980.0,4100.0,160.0,96.24,556000,500000,481000,460000,475000,475000.0,,-14.57,960.0,960.0,3.0,29.0,1855.0,4.0,778.0,2.0,0.0,1454.0,1859.0,225.4,436.4,5.0,18.82,3036.0,3036.0,455.0
E02000356,Hackney 012,Clissold South,E09000012,Hackney,E14001259,Hackney North and Stoke Newington,3061.0,480.0,796.0,37.0,731.0,1013.0,4.0,6957.0,5738.0,40.0,1099.0,80.0,580.0,831.0,1410.0,209.0,31.0,5764.0,41.69,33.09,23.88,17.52,7.84,18.95,11.0441019454,10.4508055899,3,3250.0,2120.0,200.0,70.0,0.0,2400.0,850.0,73.85,663500,675000,550000,625000,718000,577500.0,,8.21,38.0,32.0,38.0,0.0,58.0,13.0,4.0,15.0,23.0,92.0,71.0,11.7,21.8,0.0,0.0,0.0,0.0,0.0
E02000358,Hackney 014,Stoke Newington South,E09000012,Hackney,E14001259,Hackney North and Stoke Newington,4817.0,465.0,875.0,80.0,1787.0,1599.0,11.0,10994.0,9173.0,46.0,1604.0,171.0,630.0,1201.0,2453.0,448.0,85.0,9211.0,27.82,33.19,37.1,16.56,11.06,13.08,17.2151498979,16.8297132432,4,5210.0,2780.0,250.0,350.0,80.0,4110.0,1080.0,78.89,595000,622500,575250,580000,592500,540000.0,,-0.42,143.0,114.0,93.0,40.0,34.0,40.0,2.0,37.0,45.0,167.0,74.0,27.4,14.2,1.0,0.36,0.0,0.0,0.0
E02007109,Hackney 031,De Beauvoir,E09000012,Hackney,E14001260,Hackney South and Shoreditch,3303.0,379.0,545.0,65.0,1268.0,1029.0,17.0,7528.0,6229.0,29.0,1152.0,118.0,516.0,889.0,1597.0,246.0,52.0,6371.0,27.97,31.15,38.39,17.26,9.02,15.62,18.7069377699,18.737457745,4,3720.0,1430.0,480.0,350.0,80.0,2640.0,1070.0,70.97,583000,650000,977500,600000,887885,543500.0,,52.3,97.0,97.0,25.0,0.0,11.0,1.0,1.0,4.0,4.0,29.0,12.0,26.1,3.2,2.0,0.3,64.0,74.0,74.0
E02000364,Hackney 020,Dalston East,E09000012,Hackney,E14001260,Hackney South and Shoreditch,4099.0,558.0,730.0,98.0,1583.0,1125.0,5.0,9097.0,7657.0,37.0,1244.0,159.0,608.0,1042.0,2083.0,296.0,69.0,7610.0,31.42,27.45,38.62,15.83,8.9,14.83,18.6165041214,18.8721961434,4,4370.0,2430.0,300.0,460.0,30.0,3310.0,1050.0,75.74,600000,742500,691500,707500,710000,610500.0,,18.33,40.0,38.0,31.0,0.0,4.0,10.0,2.0,9.0,26.0,25.0,14.0,9.2,3.2,1.0,0.03,0.0,0.0,0.0
E02007108,Hackney 030,Dalston Kingsland,E09000012,Hackney,E14001260,Hackney South and Shoreditch,2802.0,252.0,489.0,49.0,546.0,1461.0,5.0,5873.0,4345.0,26.0,1380.0,122.0,277.0,717.0,1628.0,161.0,20.0,5247.0,26.45,52.14,19.49,26.02,6.46,9.89,26.4903234319,27.1603036282,6a,3130.0,1240.0,510.0,730.0,20.0,2610.0,490.0,83.39,605000,630500,565500,625000,620000,588950.0,,2.48,104.0,96.0,37.0,0.0,30.0,23.0,5.0,14.0,49.0,79.0,53.0,33.2,16.9,1.0,0.01,0.0,0.0,0.0
E02000360,Hackney 016,Amhurst Road & Pembury Estate,E09000012,Hackney,E14001260,Hackney South and Shoreditch,4850.0,300.0,562.0,103.0,2838.0,1035.0,12.0,11378.0,10099.0,30.0,1155.0,94.0,317.0,1100.0,2714.0,578.0,143.0,8882.0,17.77,21.34,58.52,11.24,14.87,6.54,20.2162748753,21.8461001568,5,5260.0,1490.0,350.0,530.0,30.0,4590.0,590.0,87.26,476250,470000,540000,530000,477500,455250.0,,0.26,61.0,58.0,17.0,12.0,15.0,45.0,2.0,4.0,7.0,71.0,60.0,11.6,11.4,1.0,0.04,0.0,0.0,0.0
E02000351,Hackney 007,Brownswood,E09000012,Hackney,E14001553,Tottenham,4228.0,445.0,794.0,97.0,1181.0,1690.0,21.0,9146.0,7341.0,65.0,1619.0,121.0,425.0,1096.0,2302.0,356.0,52.0,7801.0,29.3,39.97,27.93,19.74,9.65,10.05,26.903696726,28.7309213503,6a,4620.0,2650.0,190.0,510.0,80.0,4100.0,510.0,88.74,592000,604000,540000,562500,642500,585000.0,,8.53,97.0,88.0,30.0,13.0,503.0,9.0,228.0,7.0,20.0,301.0,512.0,21.0,110.8,1.0,0.1,0.0,0.0,0.0
E02006921,Hackney 029,Upper Clapton,E09000012,Hackney,E14001259,Hackney North and Stoke Newington,2784.0,213.0,262.0,19.0,1406.0,879.0,5.0,7680.0,7027.0,13.0,585.0,55.0,313.0,545.0,1359.0,432.0,133.0,5286.0,17.06,31.57,50.5,8.5,20.29,11.24,8.65066367768,8.90009833119,2,3110.0,890.0,80.0,100.0,60.0,2720.0,390.0,87.46,433750,515000,583750,460500,460000,441250.0,,6.05,157.0,151.0,25.0,41.0,16.0,3.0,2.0,4.0,21.0,37.0,19.0,50.5,6.1,2.0,0.13,0.0,0.0,0.0
E02000350,Hackney 006,Stoke Newington East & Cazenove,E09000012,Hackney,E14001259,Hackney North and Stoke Newington,3696.0,516.0,638.0,76.0,888.0,1574.0,4.0,10102.0,8564.0,29.0,1394.0,115.0,594.0,772.0,1832.0,396.0,99.0,7894.0,31.22,42.59,24.03,15.22,13.39,16.07,16.3311774916,17.6708026261,4,3910.0,3190.0,150.0,110.0,40.0,3140.0,760.0,80.31,475000,540000,515000,515000,541250,515000.0,,13.95,90.0,77.0,65.0,0.0,22.0,9.0,9.0,12.0,17.0,83.0,31.0,23.0,7.9,0.0,0.0,0.0,0.0,0.0
E02000361,Hackney 017,Hackney Central,E09000012,Hackney,E14001260,Hackney South and Shoreditch,3679.0,306.0,527.0,74.0,1288.0,1480.0,4.0,7966.0,6327.0,27.0,1490.0,122.0,318.0,855.0,2063.0,366.0,76.0,6731.0,22.64,40.23,35.01,20.57,12.01,8.64,27.53963121,27.6790805287,6a,3860.0,2040.0,250.0,290.0,120.0,3350.0,490.0,86.79,490000,580000,585000,591000,558850,550000.0,,14.05,174.0,151.0,52.0,14.0,26.0,12.0,2.0,15.0,47.0,124.0,38.0,45.1,9.8,2.0,0.8400000000000001,142.0,142.0,142.0
E02000363,Hackney 019,Homerton South,E09000012,Hackney,E14001260,Hackney South and Shoreditch,4442.0,254.0,495.0,170.0,2742.0,766.0,15.0,11763.0,10370.0,48.0,1239.0,106.0,351.0,997.0,2307.0,655.0,130.0,8802.0,16.86,17.24,61.73,11.84,17.67,7.9,20.8846022494,20.9634764689,5,4960.0,350.0,260.0,650.0,140.0,4560.0,390.0,91.94,408500,380000,400000,425000,428500,412000.0,,4.9,81.0,58.0,10.0,83.0,10.0,2.0,0.0,1.0,27.0,29.0,12.0,16.3,2.4,1.0,0.31,0.0,0.0,0.0
E02000359,Hackney 015,Homerton North,E09000012,Hackney,E14001259,Hackney North and Stoke Newington,2434.0,402.0,593.0,22.0,780.0,636.0,1.0,6613.0,5704.0,19.0,834.0,56.0,544.0,626.0,964.0,232.0,71.0,5235.0,40.88,26.13,32.05,13.75,12.45,22.35,11.8571390388,12.7399260888,3,2580.0,1710.0,100.0,60.0,10.0,1140.0,1430.0,44.19,800000,861123,860000,860000,832250,525000.0,,4.03,44.0,38.0,27.0,11.0,9.0,0.0,0.0,1.0,33.0,25.0,9.0,17.1,3.5,0.0,0.0,0.0,0.0,0.0
E02000352,Hackney 008,Clissold North,E09000012,Hackney,E14001259,Hackney North and Stoke Newington,2686.0,390.0,534.0,57.0,995.0,704.0,6.0,6646.0,5786.0,11.0,777.0,72.0,384.0,707.0,1285.0,266.0,43.0,5096.0,34.4,26.21,37.04,12.94,11.5,14.3,8.01945868198,7.92823296009,2,2850.0,1030.0,150.0,70.0,10.0,2230.0,600.0,78.25,567000,540000,594650,518750,590000,535000.0,,4.06,46.0,45.0,19.0,0.0,6.0,5.0,0.0,3.0,56.0,21.0,11.0,16.1,3.9,0.0,0.0,0.0,0.0,0.0
E02000353,Hackney 009,Stoke Newington North,E09000012,Hackney,E14001259,Hackney North and Stoke Newington,3156.0,564.0,755.0,21.0,654.0,1160.0,2.0,7687.0,6402.0,50.0,1166.0,69.0,671.0,853.0,1410.0,175.0,47.0,6333.0,41.79,36.76,20.72,16.72,7.03,21.26,17.8695802223,18.434091901,4,3420.0,2530.0,150.0,130.0,30.0,2040.0,1350.0,59.65,937500,1025000,815000,770000,955000,520000.0,,1.87,76.0,68.0,47.0,2.0,52.0,15.0,8.0,21.0,18.0,117.0,67.0,22.2,19.6,0.0,0.0,0.0,0.0,0.0
E02000369,Hackney 025,Haggerston West & Kingsland Basin,E09000012,Hackney,E14001260,Hackney South and Shoreditch,5929.0,344.0,667.0,360.0,2732.0,1808.0,18.0,13293.0,11175.0,47.0,1813.0,258.0,437.0,1590.0,3150.0,644.0,108.0,10992.0,17.05,30.49,46.08,15.93,12.68,7.37,13.707147878,13.8005634637,3,6520.0,410.0,1240.0,1660.0,210.0,5950.0,490.0,91.26,559000,635000,545000,565000,511762,510000.0,,-8.45,280.0,179.0,32.0,177.0,1544.0,6.0,1.0,1.0,55.0,280.0,1550.0,42.9,237.7,2.0,0.8,226.0,226.0,226.0
E02000346,Hackney 002,Woodberry Down & Manor House,E09000012,Hackney,E14001553,Tottenham,3972.0,230.0,327.0,185.0,1886.0,1329.0,15.0,9255.0,7553.0,36.0,1514.0,152.0,299.0,981.0,2122.0,460.0,110.0,7343.0,14.02,33.46,47.48,18.39,14.35,7.53,20.8735861445,23.7959147848,5,5040.0,210.0,60.0,2930.0,980.0,4950.0,70.0,98.21,615125,555000,490000,547500,532500,531250.0,705925.0,-13.43,256.0,189.0,11.0,217.0,5002.0,17.0,3.0,2.0,11.0,98.0,5019.0,50.8,995.8,1.0,0.47,2696.0,2696.0,0.0
E02000348,Hackney 004,Stamford Hill South,E09000012,Hackney,E14001259,Hackney North and Stoke Newington,2721.0,254.0,213.0,36.0,1344.0,865.0,9.0,7914.0,7297.0,21.0,534.0,62.0,305.0,573.0,1309.0,439.0,99.0,5114.0,17.16,31.79,49.39,7.8,19.77,11.21,12.9589351929,14.6879404806,3,3320.0,960.0,70.0,420.0,150.0,2800.0,490.0,84.34,528500,435000,500000,530000,620500,513250.0,,17.41,133.0,106.0,23.0,52.0,12.0,1.0,2.0,2.0,7.0,72.0,13.0,40.1,3.9,2.0,0.76,0.0,0.0,0.0
E02000368,Hackney 024,Haggerston East,E09000012,Hackney,E14001260,Hackney South and Shoreditch,4154.0,276.0,507.0,55.0,2402.0,902.0,12.0,9834.0,8524.0,36.0,1116.0,158.0,386.0,1015.0,2173.0,484.0,94.0,7936.0,18.85,21.71,57.82,13.32,13.91,9.29,12.8073870486,12.9451350733,3,4400.0,520.0,250.0,520.0,100.0,3770.0,630.0,85.68,526000,520000,520000,610000,542500,536500.0,,3.14,113.0,113.0,12.0,17.0,2.0,0.0,4.0,4.0,61.0,11.0,2.0,25.7,0.5,1.0,0.31,20.0,20.0,0.0
E02000370,Hackney 026,Hoxton North & West,E09000012,Hackney,E14001260,Hackney South and Shoreditch,3992.0,303.0,467.0,186.0,1885.0,1140.0,11.0,8776.0,7194.0,70.0,1266.0,246.0,300.0,981.0,2202.0,448.0,60.0,7264.0,19.29,28.56,47.22,18.03,12.73,7.52,14.6809917697,14.5942653877,3,4480.0,290.0,620.0,810.0,140.0,4260.0,170.0,95.09,557500,580000,685000,775000,674375,666500.0,,20.96,162.0,161.0,20.0,0.0,63.0,6.0,139.0,0.0,9.0,222.0,69.0,36.2,15.4,1.0,0.03,0.0,0.0,0.0
E02007111,Hackney 033,Shoreditch,E09000012,Hackney,E14001260,Hackney South and Shoreditch,2818.0,166.0,290.0,66.0,633.0,1649.0,14.0,5914.0,3556.0,134.0,1742.0,482.0,170.0,806.0,1604.0,198.0,36.0,5370.0,16.18,58.52,22.46,39.87,8.3,6.03,45.6896068056,35.3397988919,6b,5100.0,1090.0,600.0,2300.0,1580.0,4880.0,60.0,95.69,630000,975000,825000,690000,650000,650000.0,,3.17,1398.0,1374.0,78.0,87.0,4.0,6.0,6.0,11.0,41.0,80.0,10.0,274.1,2.0,1.0,0.02,0.0,0.0,0.0
E02007110,Hackney 032,Hoxton South & East,E09000012,Hackney,E14001260,Hackney South and Shoreditch,3361.0,253.0,324.0,85.0,1438.0,1254.0,7.0,7277.0,5440.0,138.0,1312.0,387.0,257.0,839.0,1905.0,305.0,55.0,6248.0,17.17,37.31,42.78,25.24,10.71,7.65,24.9267506627,24.9562754653,5,5440.0,560.0,730.0,1770.0,620.0,4820.0,60.0,88.6,460000,575000,600000,570000,580000,577500.0,,26.09,556.0,230.0,27.0,68.0,19.0,19.0,7.0,4.0,1000.0,53.0,38.0,102.2,7.0,2.0,0.03,0.0,0.0,0.0
E02000355,Hackney 011,Lower Clapton,E09000012,Hackney,E14001259,Hackney North and Stoke Newington,3114.0,591.0,700.0,48.0,745.0,1024.0,6.0,8112.0,7000.0,21.0,1013.0,78.0,701.0,780.0,1330.0,255.0,48.0,6621.0,41.46,32.88,23.92,13.71,9.73,22.51,15.2749829838,15.8654376182,4,3390.0,2780.0,50.0,80.0,10.0,2030.0,1340.0,59.88,650000,762000,817500,720000,780650,570000.0,,20.1,94.0,87.0,60.0,15.0,11.0,8.0,6.0,24.0,15.0,64.0,19.0,27.7,5.6,2.0,0.24000000000000002,20.0,20.0,0.0
E02006918,Hackney 028,Clapton Leaside,E09000012,Hackney,E14001259,Hackney North and Stoke Newington,3169.0,234.0,464.0,95.0,1359.0,1011.0,6.0,8229.0,7323.0,18.0,803.0,85.0,296.0,632.0,1691.0,440.0,112.0,6119.0,22.03,31.9,42.88,11.01,17.42,9.34,9.14728629383,8.43156771578,2,3390.0,500.0,1030.0,290.0,100.0,3000.0,380.0,88.5,375000,410300,385000,375000,410000,410000.0,,9.33,109.0,109.0,23.0,10.0,433.0,36.0,22.0,9.0,26.0,534.0,469.0,32.2,138.3,0.0,0.0,0.0,0.0,0.0
E02000347,Hackney 003,Stamford Hill West,E09000012,Hackney,E14001553,Tottenham,2582.0,299.0,315.0,27.0,866.0,1071.0,4.0,7965.0,7204.0,9.0,678.0,74.0,404.0,545.0,1147.0,385.0,101.0,5227.0,23.78,41.48,33.54,9.55,18.82,15.65,8.99093810809,10.1203825397,2,2950.0,1660.0,100.0,90.0,30.0,2350.0,570.0,79.66,429000,525000,500000,596550,475000,463750.0,,10.72,56.0,45.0,34.0,0.0,10.0,3.0,10.0,11.0,56.0,51.0,13.0,19.0,4.4,2.0,0.13,0.0,0.0,0.0
E02000345,Hackney 001,Stamford Hill North,E09000012,Hackney,E14001259,Hackney North and Stoke Newington,2589.0,381.0,280.0,99.0,575.0,1252.0,2.0,7998.0,7301.0,6.0,640.0,51.0,542.0,489.0,1107.0,363.0,88.0,5086.0,25.53,48.36,22.21,8.71,17.42,20.93,14.0910275227,17.0465807361,3,2960.0,1570.0,280.0,80.0,20.0,1940.0,1000.0,65.54,400000,622500,703400,620000,830000,,,107.5,82.0,71.0,37.0,0.0,14.0,10.0,2.0,6.0,9.0,74.0,24.0,27.7,8.1,4.0,0.71,0.0,0.0,0.0
E02000366,Hackney 022,South Hackney,E09000012,Hackney,E14001260,Hackney South and Shoreditch,3540.0,340.0,474.0,53.0,1973.0,688.0,12.0,8250.0,7219.0,28.0,897.0,106.0,510.0,885.0,1741.0,337.0,68.0,6678.0,22.99,19.44,55.73,12.5,11.44,14.41,10.3599369176,9.56437960418,3,3750.0,1770.0,150.0,60.0,10.0,2580.0,1140.0,68.8,650000,773750,831750,614000,730000,500000.0,,12.31,64.0,61.0,18.0,26.0,4.0,71.0,2.0,1.0,3.0,81.0,75.0,17.1,20.0,3.0,0.5,0.0,0.0,0.0
E02000362,Hackney 018,Hackney Wick,E09000012,Hackney,E14001260,Hackney South and Shoreditch,2805.0,201.0,445.0,132.0,1251.0,772.0,4.0,6890.0,5806.0,21.0,982.0,81.0,339.0,697.0,1404.0,297.0,68.0,5598.0,23.03,27.52,44.6,15.73,13.01,12.09,10.6210494656,10.9649670062,3,3380.0,680.0,570.0,690.0,470.0,2360.0,900.0,69.82,382500,650000,443500,483382,595000,478500.0,720000.0,55.56,723.0,493.0,24.0,172.0,2270.0,0.0,169.0,1.0,23.0,1780.0,2270.0,213.9,671.6,0.0,0.0,0.0,0.0,0.0
E02000367,Hackney 023,London Fields & Mare Street,E09000012,Hackney,E14001260,Hackney South and Shoreditch,4593.0,373.0,756.0,189.0,1583.0,1682.0,10.0,10328.0,8225.0,45.0,1839.0,219.0,429.0,1303.0,2384.0,408.0,70.0,8713.0,24.58,36.62,34.47,20.36,10.41,9.34,18.3944578305,17.6831516535,4,5090.0,1230.0,960.0,680.0,200.0,4170.0,910.0,81.93,600000,650000,677500,700000,733000,682500.0,795000.0,22.17,352.0,246.0,47.0,22.0,31.0,28.0,15.0,2.0,212.0,211.0,59.0,69.2,11.6,1.0,0.43,44.0,44.0,44.0
E02000357,Hackney 013,Hackney Marshes,E09000012,Hackney,E14001259,Hackney North and Stoke Newington,2721.0,173.0,274.0,14.0,1812.0,440.0,8.0,6769.0,6229.0,30.0,456.0,54.0,275.0,591.0,1417.0,339.0,99.0,5179.0,16.43,16.17,66.59,7.98,16.1,10.11,3.55437856652,3.46744407246,1b,2810.0,90.0,30.0,270.0,40.0,2330.0,490.0,82.92,472500,382500,505000,352500,370000,360000.0,,-21.69,20.0,20.0,5.0,12.0,28.0,0.0,0.0,0.0,9.0,9.0,28.0,7.1,10.0,1.0,0.09,0.0,0.0,0.0
E02000354,Hackney 010,Hackney Downs,E09000012,Hackney,E14001259,Hackney North and Stoke Newington,3989.0,317.0,709.0,68.0,1777.0,1109.0,9.0,9523.0,8252.0,26.0,1133.0,112.0,406.0,878.0,2119.0,451.0,135.0,7742.0,25.72,27.8,44.55,13.35,14.69,10.18,16.6673625292,17.3386500535,4,4440.0,1940.0,470.0,380.0,220.0,3700.0,730.0,83.33,455000,594000,566000,555000,547500,515000.0,,20.33,266.0,259.0,43.0,3.0,327.0,2.0,2.0,2.0,32.0,51.0,329.0,59.9,74.1,3.0,0.26,0.0,0.0,0.0
E02000381,Hammersmith and Fulham 010,Brook Green,E09000013,Hammersmith and Fulham,E14001264,Hammersmith and Chiswick,3546.0,591.0,601.0,9.0,934.0,1407.0,4.0,7559.0,6252.0,64.0,1060.0,183.0,680.0,850.0,1741.0,235.0,41.0,6169.0,33.62,39.68,26.34,17.29,7.78,19.18,23.9976064826,24.4606839586,5,3970.0,3270.0,10.0,50.0,50.0,2870.0,910.0,72.29,780000,670000,732500,749500,842500,597500.0,,8.01,45.0,22.0,27.0,0.0,38.0,69.0,5.0,96.0,94.0,149.0,107.0,11.3,27.0,1.0,0.36,33.0,33.0,0.0
E02000379,Hammersmith and Fulham 008,Ravenscourt Park North,E09000013,Hammersmith and Fulham,E14001264,Hammersmith and Chiswick,3104.0,632.0,710.0,118.0,772.0,872.0,0.0,7310.0,6329.0,61.0,795.0,125.0,701.0,760.0,1383.0,222.0,40.0,5811.0,43.23,28.09,24.87,13.42,8.44,22.58,11.1091493589,11.0196085964,3,3380.0,1620.0,510.0,250.0,30.0,2310.0,1010.0,68.34,713000,689995,656250,583750,788500,577500.0,,10.59,30.0,29.0,16.0,14.0,1.0,46.0,0.0,1.0,309.0,50.0,47.0,8.9,13.9,0.0,0.0,0.0,0.0,0.0
E02000388,Hammersmith and Fulham 017,Fulham Broadway,E09000013,Hammersmith and Fulham,E14001160,Chelsea and Fulham,4133.0,543.0,667.0,58.0,1146.0,1715.0,4.0,8563.0,6453.0,142.0,1690.0,278.0,561.0,1065.0,2221.0,252.0,35.0,7479.0,29.28,41.5,27.73,24.64,6.94,13.57,21.2125114535,20.0759084301,5,4710.0,2710.0,170.0,740.0,210.0,3770.0,860.0,80.04,693500,877500,750000,731250,772500,685000.0,,11.39,179.0,137.0,46.0,35.0,814.0,21.0,14.0,10.0,52.0,129.0,835.0,38.0,177.3,0.0,0.0,0.0,0.0,0.0
E02000383,Hammersmith and Fulham 012,West Kensington,E09000013,Hammersmith and Fulham,E14001264,Hammersmith and Chiswick,4112.0,688.0,553.0,25.0,919.0,1917.0,10.0,8406.0,6489.0,157.0,1440.0,320.0,461.0,1062.0,2260.0,285.0,44.0,7417.0,30.18,46.62,22.35,22.81,8.0,11.21,25.7450367961,26.0731933619,6a,4730.0,2550.0,10.0,270.0,70.0,4320.0,200.0,91.33,600000,572000,565000,640000,540000,535000.0,,-10.0,177.0,129.0,24.0,11.0,45.0,122.0,0.0,452.0,235.0,190.0,167.0,37.4,35.3,0.0,0.0,0.0,0.0,0.0
E02000372,Hammersmith and Fulham 001,Old Oak & Wormwood,E09000013,Hammersmith and Fulham,E14001207,Ealing Central and Acton,3877.0,436.0,368.0,109.0,1970.0,987.0,7.0,9886.0,7845.0,109.0,1552.0,380.0,428.0,934.0,1983.0,436.0,95.0,8320.0,20.74,25.46,50.81,20.65,13.7,11.04,10.6310737664,9.05921846667,3,6790.0,820.0,620.0,3060.0,2350.0,4620.0,1910.0,68.04,485000,830000,1246900,1027912,765000,781600.0,1118600.0,57.73,4140.0,3929.0,28.0,1267.0,1477.0,3.0,4.0,4.0,391.0,2993.0,1480.0,609.7,218.0,37.0,74.67999999999999,2846.0,2846.0,2187.0
E02000390,Hammersmith and Fulham 019,Fulham Aintree,E09000013,Hammersmith and Fulham,E14001160,Chelsea and Fulham,2719.0,456.0,535.0,12.0,648.0,1062.0,6.0,6117.0,4752.0,91.0,1127.0,147.0,642.0,711.0,1181.0,157.0,28.0,5201.0,36.45,39.06,23.83,22.31,6.8,23.61,10.8377600663,10.5021083866,3,2990.0,2460.0,30.0,60.0,10.0,1750.0,1170.0,58.53,777500,850000,1050000,730000,760000,620000.0,,-2.25,56.0,53.0,25.0,0.0,4.0,5.0,10.0,17.0,16.0,46.0,9.0,18.7,3.0,1.0,1.8,0.0,0.0,0.0
E02000376,Hammersmith and Fulham 005,Shepherd's Bush West,E09000013,Hammersmith and Fulham,E14001264,Hammersmith and Chiswick,3181.0,307.0,425.0,45.0,1045.0,1353.0,6.0,6627.0,5203.0,65.0,1222.0,137.0,358.0,654.0,1826.0,294.0,51.0,5750.0,23.01,42.53,32.85,21.49,10.85,11.25,22.4669967319,15.3403584759,5,3380.0,2730.0,40.0,130.0,20.0,2860.0,410.0,84.62,485000,575000,518500,555000,562500,500000.0,,15.98,46.0,43.0,29.0,0.0,7.0,77.0,16.0,11.0,6.0,123.0,84.0,13.6,24.9,0.0,0.0,0.0,0.0,0.0
E02000377,Hammersmith and Fulham 006,Askew,E09000013,Hammersmith and Fulham,E14001264,Hammersmith and Chiswick,3446.0,441.0,530.0,65.0,1184.0,1219.0,7.0,7693.0,6268.0,68.0,1196.0,161.0,505.0,758.0,1786.0,337.0,59.0,6438.0,28.18,35.37,34.36,18.52,11.49,14.65,12.5239767875,12.3441661737,3,3960.0,2650.0,70.0,290.0,0.0,2990.0,810.0,75.51,566750,575000,703750,512500,525000,460000.0,,-7.37,65.0,57.0,35.0,0.0,8.0,7.0,3.0,12.0,85.0,68.0,15.0,16.4,3.8,0.0,0.0,0.0,0.0,0.0
E02000378,Hammersmith and Fulham 007,Shepherd's Bush South,E09000013,Hammersmith and Fulham,E14001264,Hammersmith and Chiswick,3250.0,406.0,521.0,20.0,883.0,1409.0,11.0,6376.0,5032.0,61.0,1102.0,181.0,326.0,723.0,1898.0,261.0,43.0,5472.0,28.52,43.35,27.17,21.08,9.35,10.03,33.536197789,34.6970069749,6a,3580.0,2510.0,20.0,70.0,0.0,3230.0,300.0,90.22,537500,580000,515000,506000,505000,477500.0,,-6.05,70.0,65.0,23.0,9.0,3.0,1.0,12.0,12.0,10.0,27.0,4.0,19.6,1.1,1.0,0.062,28.0,28.0,0.0
E02000386,Hammersmith and Fulham 015,North End,E09000013,Hammersmith and Fulham,E14001160,Chelsea and Fulham,3366.0,293.0,362.0,35.0,1539.0,1127.0,10.0,7517.0,6146.0,97.0,1131.0,143.0,349.0,724.0,1788.0,427.0,78.0,6266.0,19.46,33.48,45.72,18.24,15.0,10.37,22.7868824385,21.2173467218,5,3810.0,1840.0,120.0,90.0,40.0,3240.0,500.0,85.04,544500,610000,550000,585000,575000,563000.0,,5.6,77.0,71.0,20.0,31.0,703.0,4924.0,5.0,30.0,18.0,78.0,5627.0,20.2,1476.9,2.0,0.2,39.0,39.0,0.0
E02000387,Hammersmith and Fulham 016,Lillie Road & Greyhound Road,E09000013,Hammersmith and Fulham,E14001160,Chelsea and Fulham,2583.0,299.0,366.0,16.0,1074.0,823.0,5.0,5984.0,4615.0,168.0,969.0,232.0,488.0,600.0,1265.0,194.0,40.0,5124.0,25.75,31.86,41.58,22.88,9.06,18.89,17.8361206144,19.9342023425,4,2730.0,1310.0,30.0,80.0,50.0,1930.0,750.0,70.7,592242,641000,660000,715000,500000,440000.0,,-15.58,41.0,19.0,12.0,8.0,0.0,6.0,1.0,15.0,11.0,23.0,6.0,15.0,2.2,0.0,0.0,0.0,0.0,0.0
E02000389,Hammersmith and Fulham 018,Fulham Reach,E09000013,Hammersmith and Fulham,E14001160,Chelsea and Fulham,3678.0,837.0,922.0,42.0,533.0,1343.0,1.0,8552.0,6651.0,151.0,1503.0,247.0,1021.0,1095.0,1377.0,161.0,26.0,7175.0,47.82,36.51,14.49,22.23,5.08,27.76,12.6596403424,9.55561487551,3,4330.0,2530.0,40.0,760.0,330.0,2990.0,1300.0,69.05,988750,845000,1037000,850000,850000,736000.0,,-14.03,1218.0,1174.0,41.0,325.0,57.0,8.0,5.0,7.0,14.0,42.0,65.0,281.3,15.0,1.0,0.03,7.0,7.0,0.0
E02000385,Hammersmith and Fulham 014,Barons Court,E09000013,Hammersmith and Fulham,E14001160,Chelsea and Fulham,2853.0,408.0,497.0,21.0,494.0,1430.0,3.0,5561.0,3962.0,149.0,1258.0,192.0,344.0,673.0,1641.0,165.0,27.0,5038.0,31.72,50.12,17.32,28.75,6.73,12.06,22.3477380047,22.2637529751,5,3240.0,2930.0,20.0,20.0,10.0,2860.0,360.0,88.27,592000,582500,575000,606250,575000,567750.0,,-2.87,52.0,50.0,17.0,0.0,0.0,1.0,2.0,3.0,2.0,44.0,1.0,16.0,0.3,0.0,0.0,0.0,0.0,0.0
E02000380,Hammersmith and Fulham 009,Brackenbury,E09000013,Hammersmith and Fulham,E14001264,Hammersmith and Chiswick,2497.0,499.0,540.0,19.0,639.0,797.0,3.0,5447.0,4562.0,35.0,737.0,113.0,557.0,658.0,1129.0,126.0,28.0,4457.0,41.61,31.92,25.59,16.25,6.17,22.31,19.2440201116,18.6789114981,4,2740.0,2280.0,30.0,110.0,0.0,1690.0,1030.0,61.68,951000,1015000,875000,874000,1167500,560000.0,,22.77,23.0,19.0,22.0,0.0,4.0,3.0,3.0,6.0,47.0,17.0,7.0,8.4,2.6,1.0,0.11,9.0,9.0,0.0
E02000384,Hammersmith and Fulham 013,Hammersmith Broadway,E09000013,Hammersmith and Fulham,E14001264,Hammersmith and Chiswick,3807.0,396.0,439.0,42.0,1485.0,1431.0,14.0,8210.0,6413.0,161.0,1401.0,235.0,435.0,882.0,2108.0,327.0,57.0,6979.0,21.93,37.59,39.01,21.89,10.09,11.43,35.5931626629,36.7052916094,6a,4360.0,1930.0,40.0,830.0,180.0,3670.0,590.0,84.17,777475,520000,650000,618000,745000,520000.0,,-4.18,294.0,239.0,28.0,69.0,20.0,377.0,8.0,272.0,658.0,622.0,397.0,67.4,91.1,2.0,2.85,622.0,622.0,0.0
E02000393,Hammersmith and Fulham 022,Munster,E09000013,Hammersmith and Fulham,E14001160,Chelsea and Fulham,2587.0,554.0,652.0,18.0,306.0,1051.0,6.0,5895.0,4536.0,55.0,1133.0,171.0,653.0,894.0,944.0,81.0,16.0,4887.0,46.62,40.63,11.83,23.05,3.75,25.24,10.9745864809,9.96542111329,3,2780.0,2530.0,10.0,20.0,0.0,1800.0,920.0,64.75,782500,832500,775000,809375,827500,717250.0,,5.75,11.0,10.0,15.0,0.0,7.0,2.0,2.0,27.0,3.0,10.0,9.0,4.0,3.2,0.0,0.0,0.0,0.0,0.0
E02000374,Hammersmith and Fulham 003,Wormholt Road,E09000013,Hammersmith and Fulham,E14001207,Ealing Central and Acton,2621.0,416.0,464.0,30.0,967.0,742.0,2.0,6839.0,5636.0,75.0,938.0,190.0,587.0,657.0,1072.0,241.0,59.0,5471.0,33.57,28.31,36.89,17.59,11.45,22.4,14.6684395166,14.5066266539,3,2990.0,1640.0,170.0,320.0,10.0,1820.0,1150.0,60.87,622500,648000,625000,677125,742500,555000.0,,19.28,57.0,31.0,24.0,0.0,10.0,3.0,9.0,2.0,13.0,66.0,13.0,19.1,4.3,0.0,0.0,0.0,0.0,0.0
E02000396,Hammersmith and Fulham 025,South Park,E09000013,Hammersmith and Fulham,E14001160,Chelsea and Fulham,2769.0,506.0,559.0,45.0,764.0,893.0,2.0,6823.0,5701.0,56.0,897.0,169.0,793.0,703.0,1022.0,208.0,47.0,5337.0,38.46,32.25,27.59,16.44,9.21,28.64,8.04743912359,7.9294223715,2,3020.0,1650.0,180.0,130.0,0.0,1950.0,1030.0,64.57,840000,860500,875000,1060000,1265500,629625.0,,50.65,87.0,61.0,35.0,0.0,237.0,37.0,2.0,31.0,21.0,66.0,274.0,28.8,90.7,4.0,4.5,882.0,882.0,257.0
E02000392,Hammersmith and Fulham 021,Parsons Green West,E09000013,Hammersmith and Fulham,E14001160,Chelsea and Fulham,4039.0,664.0,741.0,46.0,1014.0,1567.0,7.0,9137.0,7162.0,113.0,1612.0,250.0,931.0,1062.0,1740.0,240.0,65.0,7507.0,34.79,38.8,25.11,21.62,7.55,23.05,14.8115687146,14.8259811365,3,4410.0,3040.0,160.0,70.0,10.0,3190.0,1180.0,72.34,866250,850000,850000,762500,1140500,625000.0,,31.66,61.0,54.0,32.0,1.0,7.0,34.0,8.0,4.0,47.0,67.0,41.0,13.8,9.3,0.0,0.0,0.0,0.0,0.0
E02000395,Hammersmith and Fulham 024,Fulham Palace & Hurlingham Park,E09000013,Hammersmith and Fulham,E14001160,Chelsea and Fulham,2642.0,738.0,529.0,31.0,311.0,1030.0,3.0,5624.0,4416.0,56.0,1006.0,146.0,833.0,719.0,980.0,95.0,13.0,4787.0,47.96,38.99,11.77,21.48,4.09,31.53,16.5851554876,15.4699789246,4,3030.0,2010.0,50.0,80.0,10.0,2110.0,890.0,69.64,877500,975000,855000,905000,946250,736000.0,,7.83,37.0,29.0,22.0,0.0,9.0,33.0,15.0,39.0,42.0,71.0,42.0,12.2,13.9,0.0,0.0,0.0,0.0,0.0
E02000373,Hammersmith and Fulham 002,White City,E09000013,Hammersmith and Fulham,E14001264,Hammersmith and Chiswick,2536.0,180.0,269.0,65.0,1579.0,426.0,17.0,6963.0,6293.0,33.0,567.0,70.0,254.0,543.0,1218.0,409.0,113.0,5223.0,17.71,16.8,62.26,9.62,20.58,10.02,13.4709939463,15.4340719917,3,2670.0,70.0,30.0,230.0,60.0,2310.0,360.0,86.52,369046,366000,505000,367875,375000,325000.0,,1.61,179.0,179.0,2.0,141.0,0.0,0.0,0.0,1.0,0.0,0.0,0.0,67.0,0.0,0.0,0.0,0.0,0.0,0.0
E02000394,Hammersmith and Fulham 023,Sands End & Chelsea Harbour,E09000013,Hammersmith and Fulham,E14001160,Chelsea and Fulham,4346.0,583.0,811.0,201.0,1191.0,1555.0,5.0,9157.0,7119.0,72.0,1696.0,270.0,504.0,1374.0,2113.0,304.0,51.0,7555.0,32.08,35.78,27.4,22.26,8.17,11.6,9.97768173591,9.20287729557,2,6470.0,1740.0,1380.0,2460.0,1140.0,5930.0,490.0,91.65,840000,875000,1192600,917700,775000,740000.0,1550000.0,-7.74,3431.0,3329.0,29.0,775.0,450.0,1.0,146.0,1.0,0.0,2428.0,451.0,530.3,69.7,4.0,1.54,673.0,673.0,219.0
E02000375,Hammersmith and Fulham 004,Shepherd's Bush North,E09000013,Hammersmith and Fulham,E14001264,Hammersmith and Chiswick,3498.0,390.0,379.0,40.0,1424.0,1249.0,16.0,7406.0,5994.0,70.0,1143.0,199.0,387.0,728.0,1910.0,404.0,70.0,6174.0,21.98,35.71,40.71,19.07,13.55,11.06,32.0184412754,35.1569826544,6a,4010.0,1930.0,280.0,590.0,160.0,3330.0,620.0,83.04,979000,891250,685000,600000,685000,607000.0,,-30.03,42.0,42.0,20.0,1.0,2440.0,1764.0,10.0,6.0,28.0,1801.0,4204.0,10.5,1048.4,0.0,0.0,0.0,0.0,0.0
E02000382,Hammersmith and Fulham 011,Ravenscourt Park South,E09000013,Hammersmith and Fulham,E14001264,Hammersmith and Chiswick,2772.0,531.0,478.0,73.0,650.0,1038.0,2.0,6121.0,4946.0,70.0,907.0,198.0,519.0,724.0,1296.0,202.0,31.0,5159.0,36.4,37.45,23.45,19.2,8.41,18.72,15.8832473159,16.5607024608,4,3330.0,1680.0,170.0,400.0,0.0,2360.0,910.0,70.87,635000,470000,663000,655000,652788,531000.0,761375.0,2.8,33.0,21.0,14.0,0.0,6.0,37.0,12.0,80.0,84.0,67.0,43.0,9.9,12.9,0.0,0.0,0.0,0.0,0.0
E02000391,Hammersmith and Fulham 020,Parsons Green East & Eel Brook Common,E09000013,Hammersmith and Fulham,E14001160,Chelsea and Fulham,3279.0,688.0,687.0,22.0,764.0,1113.0,5.0,7502.0,5953.0,59.0,1251.0,239.0,984.0,876.0,1247.0,143.0,30.0,6115.0,41.93,33.94,23.3,20.65,5.28,30.01,17.639322571,18.4294962163,4,3670.0,2490.0,80.0,50.0,10.0,2150.0,1470.0,58.58,1120000,1035000,1450000,1200000,895000,610000.0,,-20.09,53.0,47.0,24.0,0.0,5.0,79.0,1.0,45.0,5.0,87.0,84.0,14.4,22.9,2.0,0.49,49.0,49.0,31.0
E02000424,Haringey 028,Hornsey Vale,E09000014,Haringey,E14001293,Hornsey and Friern Barnet,2983.0,511.0,896.0,25.0,761.0,786.0,4.0,6676.0,5784.0,13.0,816.0,63.0,673.0,810.0,1300.0,159.0,42.0,5494.0,47.17,26.35,25.51,13.36,6.74,22.56,8.64204786949,8.63883222909,2,3120.0,2490.0,100.0,40.0,10.0,2270.0,850.0,72.76,580000,610000,649950,572500,688560,552500.0,,18.72,34.0,31.0,19.0,6.0,4.0,2.0,11.0,3.0,5.0,26.0,6.0,10.9,1.9,2.0,0.04,0.0,0.0,0.0
E02000416,Haringey 020,Hornsey East,E09000014,Haringey,E14001293,Hornsey and Friern Barnet,3919.0,461.0,800.0,144.0,1199.0,1297.0,18.0,8355.0,7155.0,18.0,1104.0,78.0,448.0,1019.0,2092.0,302.0,58.0,6908.0,32.18,33.1,30.59,14.36,9.19,11.43,8.95388072113,8.823020887,2,4140.0,1560.0,680.0,610.0,100.0,3180.0,950.0,76.81,472800,523500,487500,495000,426000,395000.0,,-9.9,126.0,122.0,20.0,28.0,84.0,443.0,24.0,2.0,525.0,129.0,527.0,30.4,127.3,6.0,2.9,43.0,43.0,40.0
E02000418,Haringey 022,Hornsey West,E09000014,Haringey,E14001293,Hornsey and Friern Barnet,2208.0,733.0,772.0,28.0,243.0,428.0,4.0,5405.0,4913.0,23.0,423.0,46.0,926.0,598.0,601.0,67.0,16.0,4301.0,68.16,19.38,11.01,9.1,3.76,41.94,7.37446438949,7.26624843697,2,2330.0,1740.0,0.0,90.0,30.0,1030.0,1300.0,44.21,825000,895000,1105000,925000,1337500,605000.0,,62.12,12.0,9.0,13.0,0.0,3.0,1.0,16.0,7.0,10.0,22.0,4.0,5.2,1.7,3.0,0.63,41.0,41.0,41.0
E02000413,Haringey 017,Fortis Green & Coldfall,E09000014,Haringey,E14001293,Hornsey and Friern Barnet,2966.0,789.0,836.0,46.0,459.0,827.0,9.0,7686.0,6854.0,32.0,702.0,98.0,1012.0,792.0,982.0,151.0,26.0,5804.0,54.79,27.88,15.48,10.82,5.97,34.12,5.34273159427,4.49893561187,2,3130.0,1170.0,400.0,210.0,110.0,1310.0,1830.0,41.85,772500,771500,835000,780000,937500,525000.0,,21.36,109.0,109.0,16.0,42.0,0.0,7.0,6.0,1.0,29.0,37.0,7.0,34.8,2.2,6.0,0.88,9.0,9.0,0.0
E02000417,Haringey 021,Muswell Hill South,E09000014,Haringey,E14001293,Hornsey and Friern Barnet,2865.0,851.0,768.0,17.0,245.0,980.0,4.0,6502.0,5616.0,23.0,788.0,75.0,902.0,794.0,1040.0,111.0,20.0,5298.0,56.51,34.21,8.55,13.63,4.57,31.48,8.134677009,7.89350057957,2,2990.0,1920.0,30.0,240.0,0.0,1920.0,1080.0,64.21,730000,857500,980000,693500,687250,600000.0,,-5.86,43.0,39.0,29.0,0.0,50.0,16.0,11.0,16.0,8.0,99.0,66.0,14.4,22.1,6.0,3.06,35.0,35.0,35.0
E02000397,Haringey 001,Bowes Park,E09000014,Haringey,E14001503,Southgate and Wood Green,3474.0,495.0,573.0,38.0,858.0,1502.0,8.0,7821.0,6738.0,18.0,963.0,102.0,435.0,786.0,1736.0,415.0,100.0,6384.0,30.74,43.24,24.7,13.85,14.82,12.52,19.4076208632,20.0481190652,4,3650.0,2400.0,130.0,110.0,40.0,2780.0,880.0,76.16,475000,470000,466500,475000,500000,400000.0,,5.26,99.0,88.0,39.0,1.0,48.0,5.0,19.0,10.0,87.0,138.0,53.0,27.1,14.5,5.0,0.17,4.0,4.0,0.0
E02000427,Haringey 031,Harringay Ladder South,E09000014,Haringey,E14001293,Hornsey and Friern Barnet,2868.0,515.0,642.0,46.0,359.0,1303.0,3.0,6541.0,5209.0,37.0,1154.0,141.0,602.0,620.0,1374.0,212.0,61.0,5686.0,40.34,45.43,12.52,20.36,9.52,20.99,21.7201947968,20.2703273493,5,3060.0,2630.0,100.0,20.0,10.0,2100.0,950.0,68.63,618000,602500,580000,555000,605875,488375.0,,-1.96,38.0,37.0,22.0,0.0,7.0,9.0,7.0,10.0,58.0,58.0,16.0,12.4,5.2,6.0,6.6,658.0,658.0,658.0
E02000429,Haringey 033,Crouch End West,E09000014,Haringey,E14001293,Hornsey and Friern Barnet,3202.0,833.0,841.0,91.0,411.0,1022.0,4.0,6716.0,5821.0,29.0,786.0,80.0,739.0,954.0,1353.0,139.0,17.0,5513.0,52.28,31.92,12.84,13.33,4.87,23.08,7.76666060066,7.25999360043,2,3470.0,1590.0,40.0,200.0,40.0,2560.0,900.0,73.78,580000,740000,645000,681250,700000,650000.0,,20.69,24.0,22.0,13.0,0.0,8.0,19.0,21.0,2.0,13.0,44.0,27.0,6.9,7.8,6.0,0.42000000000000004,2.0,2.0,0.0
E02000405,Haringey 009,Alexandra Park,E09000014,Haringey,E14001293,Hornsey and Friern Barnet,2462.0,816.0,872.0,9.0,187.0,576.0,2.0,6418.0,5710.0,18.0,641.0,49.0,1056.0,615.0,640.0,125.0,26.0,4803.0,68.56,23.4,7.6,11.03,6.13,42.89,6.99654302954,6.96673185641,2,2540.0,1840.0,30.0,20.0,0.0,1210.0,1330.0,47.64,901000,907500,842500,1212500,1167500,510000.0,,29.58,18.0,18.0,12.0,0.0,10.0,40.0,34.0,3.0,13.0,90.0,50.0,7.1,19.7,1.0,0.02,0.0,0.0,0.0
E02000426,Haringey 030,Highgate Wood,E09000014,Haringey,E14001265,Hampstead and Highgate,2747.0,819.0,650.0,22.0,444.0,808.0,4.0,6409.0,5557.0,18.0,760.0,74.0,908.0,831.0,864.0,117.0,24.0,5173.0,53.48,29.41,16.16,13.29,5.13,33.05,7.94643508678,6.53930474081,2,3070.0,1170.0,40.0,220.0,50.0,1750.0,1320.0,57.0,950000,809250,1265000,850000,810000,535000.0,,-14.74,54.0,47.0,34.0,0.0,5.0,12.0,29.0,4.0,64.0,76.0,17.0,17.6,5.5,10.0,4.4399999999999995,151.0,151.0,151.0
E02000410,Haringey 014,Muswell Hill North,E09000014,Haringey,E14001293,Hornsey and Friern Barnet,2614.0,681.0,818.0,9.0,187.0,918.0,1.0,6361.0,5383.0,29.0,845.0,104.0,827.0,671.0,981.0,120.0,15.0,5027.0,57.35,35.12,7.15,15.37,5.16,31.64,9.2362171586,8.9637347471,2,2840.0,1940.0,60.0,70.0,30.0,1820.0,1020.0,64.08,716000,793750,617500,702500,650000,520000.0,,-9.22,75.0,72.0,27.0,0.0,28.0,19.0,28.0,7.0,2.0,98.0,47.0,26.4,16.5,4.0,0.49,4.0,4.0,0.0
E02000419,Haringey 023,Harringay Ladder North,E09000014,Haringey,E14001293,Hornsey and Friern Barnet,3645.0,575.0,703.0,35.0,496.0,1831.0,5.0,8619.0,6839.0,35.0,1550.0,195.0,641.0,847.0,1690.0,390.0,77.0,7261.0,35.06,50.23,13.61,20.65,12.81,17.59,23.8258718816,21.5691604554,5,4010.0,3160.0,120.0,400.0,330.0,2820.0,1170.0,70.32,512500,584000,605000,590280,585000,468000.0,,14.15,260.0,228.0,56.0,20.0,18.0,4.0,25.0,4.0,65.0,123.0,22.0,64.8,5.5,9.0,3.1,139.0,139.0,129.0
E02000412,Haringey 016,Wood Green South,E09000014,Haringey,E14001503,Southgate and Wood Green,2870.0,357.0,368.0,97.0,995.0,1045.0,8.0,7268.0,6055.0,31.0,1048.0,134.0,380.0,589.0,1408.0,381.0,112.0,6152.0,25.26,36.41,34.67,16.69,17.18,13.24,30.7942475253,33.172545133,6a,3900.0,1710.0,310.0,1020.0,910.0,3030.0,870.0,77.69,430000,495000,543320,527500,475000,439500.0,450000.0,10.47,156.0,143.0,25.0,25.0,1898.0,1196.0,22.0,85.0,137.0,1589.0,3094.0,40.0,793.3,17.0,23.59,3351.0,3481.0,2401.0
E02000406,Haringey 010,Noel Park,E09000014,Haringey,E14001503,Southgate and Wood Green,2594.0,374.0,451.0,20.0,901.0,830.0,18.0,6670.0,5755.0,17.0,798.0,100.0,367.0,707.0,1092.0,343.0,86.0,5570.0,31.8,32.0,34.73,13.72,16.54,14.15,23.4429839217,23.3368471582,5,2710.0,2330.0,30.0,20.0,0.0,980.0,1730.0,36.16,500000,580000,565000,562500,598500,445000.0,,19.7,7.0,7.0,7.0,1.0,1.0,9.0,4.0,3.0,2.0,19.0,10.0,2.6,3.7,0.0,0.0,0.0,0.0,0.0
E02006794,Haringey 037,White Hart Lane,E09000014,Haringey,E14001553,Tottenham,3125.0,242.0,296.0,164.0,1430.0,968.0,25.0,8186.0,7485.0,8.0,586.0,107.0,258.0,566.0,1546.0,606.0,148.0,6027.0,17.22,30.98,45.76,8.56,24.13,8.26,14.875424495,15.0104974049,3,3390.0,1270.0,300.0,360.0,40.0,2540.0,850.0,74.93,258000,362500,445000,354000,416000,285000.0,,61.24,44.0,43.0,19.0,5.0,911.0,1129.0,2780.0,21.0,55.0,3945.0,2040.0,13.0,601.8,7.0,26.28,1772.0,1772.0,1772.0
E02000398,Haringey 002,Northumberland Park,E09000014,Haringey,E14001553,Tottenham,2879.0,296.0,343.0,31.0,1229.0,965.0,15.0,7427.0,6750.0,11.0,595.0,71.0,361.0,535.0,1283.0,552.0,150.0,5671.0,22.2,33.52,42.69,9.12,24.38,12.54,7.82572710489,8.21204498211,2,3010.0,970.0,80.0,40.0,10.0,1970.0,1040.0,65.45,448500,389000,371000,415000,450000,280000.0,,0.33,63.0,61.0,21.0,3.0,6.0,13.0,9.0,17.0,13.0,66.0,19.0,20.9,6.3,2.0,27.66,1929.0,1929.0,1929.0
E02000400,Haringey 004,Bounds Green,E09000014,Haringey,E14001503,Southgate and Wood Green,3122.0,635.0,634.0,70.0,921.0,847.0,15.0,7921.0,7075.0,30.0,724.0,92.0,706.0,757.0,1193.0,376.0,88.0,6140.0,40.65,27.13,29.5,10.68,14.86,22.61,13.3840659869,15.2367319906,3,3220.0,810.0,390.0,90.0,30.0,1820.0,1400.0,56.52,540000,741000,705000,820000,920000,435000.0,,70.37,90.0,87.0,24.0,35.0,13.0,15.0,10.0,10.0,17.0,94.0,28.0,28.0,8.7,9.0,2.06,168.0,168.0,160.0
E02000414,Haringey 018,Bruce Grove South,E09000014,Haringey,E14001553,Tottenham,2717.0,499.0,558.0,19.0,449.0,1185.0,7.0,7004.0,6066.0,22.0,817.0,99.0,579.0,681.0,1092.0,294.0,72.0,5688.0,38.9,43.61,16.53,13.39,13.47,21.31,10.2076397769,7.194559597,3,2900.0,2480.0,10.0,30.0,30.0,1340.0,1560.0,46.21,520000,547000,590000,607500,625000,410000.0,,20.19,46.0,45.0,20.0,0.0,4.0,4.0,5.0,2.0,4.0,55.0,8.0,15.9,2.8,2.0,0.0,1.0,1.0,0.0
E02000407,Haringey 011,Bruce Grove North,E09000014,Haringey,E14001553,Tottenham,3006.0,353.0,441.0,60.0,913.0,1225.0,14.0,7536.0,6614.0,10.0,785.0,127.0,380.0,607.0,1443.0,455.0,120.0,6000.0,26.41,40.75,30.37,12.23,19.13,12.64,18.375673893,19.2028130949,4,3210.0,2330.0,190.0,30.0,10.0,2180.0,1020.0,67.91,375000,411252,556000,532000,390000,337500.0,,4.0,43.0,36.0,26.0,0.0,15.0,11.0,7.0,6.0,8.0,50.0,26.0,13.4,8.1,7.0,1.744,144.0,144.0,131.0
E02000430,Haringey 034,Crouch End East,E09000014,Haringey,E14001293,Hornsey and Friern Barnet,3249.0,629.0,833.0,35.0,418.0,1331.0,3.0,6835.0,5737.0,29.0,998.0,71.0,597.0,890.0,1591.0,148.0,23.0,5725.0,45.0,40.97,12.87,16.06,5.26,18.37,10.2889396052,10.1948321468,3,3680.0,2670.0,220.0,280.0,210.0,2930.0,750.0,79.62,545000,717500,695000,583500,625000,580000.0,,14.68,268.0,254.0,45.0,11.0,12.0,5.0,23.0,13.0,30.0,103.0,17.0,72.8,4.6,7.0,0.43000000000000005,1.0,1.0,0.0
E02000431,Haringey 035,Highgate East,E09000014,Haringey,E14001265,Hampstead and Highgate,2846.0,670.0,699.0,8.0,196.0,1268.0,5.0,5792.0,4799.0,24.0,901.0,68.0,661.0,940.0,1150.0,91.0,6.0,4971.0,48.1,44.55,6.89,17.14,3.41,23.23,15.5343248862,16.3173429447,4,3200.0,2270.0,20.0,80.0,50.0,2450.0,750.0,76.56,665000,700000,690000,725000,745000,602500.0,,12.03,58.0,47.0,19.0,5.0,16.0,8.0,13.0,1.0,14.0,51.0,24.0,18.1,7.5,5.0,4.1899999999999995,74.0,74.0,68.0
E02000422,Haringey 026,West Green & St Ann's,E09000014,Haringey,E14001553,Tottenham,2887.0,420.0,511.0,47.0,838.0,1041.0,30.0,7371.0,6508.0,11.0,747.0,105.0,424.0,684.0,1279.0,398.0,99.0,5863.0,32.25,36.06,29.03,11.71,17.22,14.69,10.9337234067,9.38546163864,3,3030.0,1630.0,180.0,50.0,0.0,1820.0,1210.0,60.07,483500,537500,500000,521500,577829,405000.0,,19.51,56.0,52.0,20.0,0.0,0.0,10.0,39.0,5.0,16.0,97.0,10.0,18.5,3.3,3.0,2.08,191.0,191.0,191.0
E02000423,Haringey 027,Harringay East,E09000014,Haringey,E14001553,Tottenham,2672.0,480.0,549.0,27.0,432.0,1180.0,4.0,6841.0,5451.0,24.0,1220.0,146.0,543.0,641.0,1143.0,260.0,84.0,5855.0,38.51,44.16,16.17,20.32,12.87,20.32,12.034229639,11.1129733689,3,2690.0,2260.0,30.0,30.0,20.0,1480.0,1210.0,55.02,492500,695000,660000,618500,745250,442585.0,,51.32,39.0,34.0,20.0,0.0,1546.0,5.0,7.0,2.0,312.0,1588.0,1551.0,14.5,576.6,3.0,4.609999999999999,28.0,28.0,28.0
E02000428,Haringey 032,Harringay Warehouse District & Vartry,E09000014,Haringey,E14001553,Tottenham,2920.0,303.0,367.0,45.0,1114.0,1083.0,8.0,8332.0,7131.0,24.0,1017.0,160.0,362.0,593.0,1397.0,447.0,123.0,6650.0,22.95,37.09,38.15,14.41,19.52,12.4,12.0145089872,11.9180233051,3,3120.0,1320.0,110.0,130.0,60.0,2360.0,760.0,75.64,403000,450000,473000,480000,482500,450000.0,,19.73,91.0,87.0,20.0,57.0,73.0,7.0,12.0,9.0,104.0,90.0,80.0,29.2,25.6,3.0,0.94,63.0,63.0,63.0
E02000409,Haringey 013,Lordship Lane & Broadwater Farm,E09000014,Haringey,E14001553,Tottenham,2367.0,343.0,412.0,19.0,1023.0,545.0,25.0,6004.0,5298.0,16.0,621.0,69.0,355.0,480.0,1058.0,374.0,102.0,4859.0,31.9,23.02,43.22,11.76,20.11,15.0,7.82781864498,7.29320767531,2,2600.0,630.0,30.0,190.0,180.0,1660.0,940.0,63.85,502500,512500,465000,556250,546000,307500.0,,8.66,183.0,178.0,14.0,101.0,306.0,0.0,34.0,3.0,1.0,336.0,306.0,70.4,117.7,3.0,1.02,70.0,70.0,70.0
E02000408,Haringey 012,Tottenham North West,E09000014,Haringey,E14001553,Tottenham,3000.0,348.0,390.0,71.0,1201.0,973.0,17.0,8162.0,7330.0,13.0,686.0,133.0,355.0,691.0,1335.0,474.0,146.0,6271.0,24.6,32.43,40.03,10.19,20.67,11.83,21.3061595769,18.7774805822,5,3310.0,1020.0,100.0,550.0,270.0,2140.0,1170.0,64.65,422500,420000,510500,522800,457500,335000.0,,8.28,156.0,105.0,25.0,77.0,21.0,50.0,4.0,14.0,31.0,81.0,71.0,47.1,21.5,13.0,2.15,332.0,332.0,328.0
E02000425,Haringey 029,South Tottenham,E09000014,Haringey,E14001553,Tottenham,2160.0,367.0,236.0,48.0,422.0,1081.0,6.0,7977.0,7214.0,8.0,683.0,72.0,488.0,442.0,792.0,334.0,106.0,4815.0,27.92,50.05,19.54,9.56,20.37,22.59,14.7138029089,15.4387832371,3,2320.0,1310.0,100.0,30.0,30.0,880.0,1440.0,37.93,782500,891400,880000,561250,912500,,,16.61,19.0,14.0,16.0,0.0,47.0,0.0,13.0,4.0,8.0,75.0,47.0,8.2,20.3,3.0,1.49,68.0,68.0,65.0
E02000404,Haringey 008,Scotch Estate,E09000014,Haringey,E14001503,Southgate and Wood Green,2665.0,468.0,441.0,27.0,805.0,909.0,15.0,7058.0,6204.0,13.0,703.0,138.0,446.0,687.0,1065.0,372.0,95.0,5709.0,34.11,34.11,30.21,12.1,17.52,16.74,14.4725034562,11.5564089137,3,2740.0,1030.0,250.0,50.0,30.0,1360.0,1370.0,49.64,509500,476500,423000,560000,590000,367500.0,,15.8,42.0,28.0,20.0,0.0,4.0,6.0,2.0,15.0,15.0,38.0,10.0,15.3,3.6,1.0,0.01,0.0,0.0,0.0
E02000421,Haringey 025,Tottenham Green East,E09000014,Haringey,E14001553,Tottenham,3141.0,286.0,354.0,105.0,1252.0,1125.0,19.0,8394.0,7132.0,53.0,969.0,240.0,334.0,589.0,1582.0,457.0,176.0,6841.0,20.38,35.82,39.86,15.03,20.15,10.63,27.8953114475,30.1162942349,6a,3610.0,1430.0,240.0,490.0,240.0,2740.0,880.0,75.9,334000,414250,410000,450000,380000,360000.0,,13.77,263.0,260.0,22.0,61.0,2.0,34.0,59.0,25.0,62.0,120.0,36.0,72.9,10.0,9.0,8.16,1125.0,1125.0,1124.0
E02000432,Haringey 036,Stroud Green,E09000014,Haringey,E14001293,Hornsey and Friern Barnet,2800.0,416.0,669.0,11.0,706.0,992.0,6.0,6044.0,4965.0,16.0,1000.0,63.0,452.0,766.0,1372.0,175.0,34.0,5242.0,38.75,35.43,25.21,17.85,7.46,16.14,18.2460211007,11.2072406775,4,3010.0,2520.0,10.0,30.0,20.0,2480.0,530.0,82.39,500000,606000,575000,625000,650000,575000.0,,30.0,60.0,60.0,24.0,0.0,7.0,6.0,5.0,4.0,10.0,64.0,13.0,19.9,4.3,3.0,0.47,63.0,63.0,63.0
E02000415,Haringey 019,Downhills Park,E09000014,Haringey,E14001553,Tottenham,2836.0,550.0,536.0,49.0,446.0,1251.0,4.0,7148.0,5987.0,21.0,1020.0,120.0,548.0,683.0,1205.0,320.0,79.0,5909.0,38.29,44.11,15.73,16.24,14.07,19.32,18.4923703951,15.8658811166,4,2900.0,1860.0,110.0,100.0,30.0,1670.0,1220.0,57.59,455000,574375,446600,519000,561250,425000.0,,23.35,85.0,49.0,33.0,4.0,7.0,16.0,17.0,16.0,27.0,107.0,23.0,29.3,7.9,4.0,1.7600000000000002,115.0,115.0,115.0
E02000420,Haringey 024,Tottenham Green West,E09000014,Haringey,E14001553,Tottenham,3434.0,424.0,557.0,58.0,1078.0,1294.0,23.0,7901.0,6831.0,23.0,921.0,126.0,392.0,814.0,1722.0,412.0,96.0,6610.0,28.57,37.68,31.39,13.54,14.79,11.42,17.4766840553,13.3791564796,4,3860.0,2070.0,70.0,610.0,160.0,2360.0,1480.0,61.14,480000,492500,572500,576500,576750,430000.0,,20.16,363.0,251.0,32.0,33.0,69.0,11.0,22.0,6.0,40.0,125.0,80.0,94.0,20.7,10.0,2.73,403.0,403.0,395.0
E02000402,Haringey 006,Tottenham Bruce Castle Park,E09000014,Haringey,E14001503,Southgate and Wood Green,2426.0,260.0,400.0,30.0,1104.0,612.0,20.0,6409.0,5857.0,12.0,469.0,71.0,306.0,599.0,1046.0,359.0,116.0,5010.0,27.21,25.23,45.51,8.61,19.58,12.61,9.44920408118,9.11554928584,2,2530.0,690.0,90.0,20.0,20.0,850.0,1680.0,33.6,390000,440000,373000,425000,460000,290000.0,,17.95,52.0,52.0,7.0,22.0,76.0,0.0,2.0,2.0,212.0,98.0,76.0,20.6,30.0,5.0,0.61,64.0,64.0,56.0
E02000401,Haringey 005,Roundway,E09000014,Haringey,E14001503,Southgate and Wood Green,2477.0,341.0,526.0,20.0,1088.0,488.0,14.0,6810.0,6156.0,6.0,568.0,80.0,377.0,693.0,972.0,341.0,91.0,5370.0,35.0,19.7,43.92,9.6,17.44,15.22,9.14579547098,9.78089105262,2,2610.0,420.0,20.0,160.0,140.0,640.0,1950.0,24.52,435000,463500,452500,469000,492500,,,13.22,154.0,154.0,7.0,29.0,9.0,4.0,3.0,1.0,5.0,23.0,13.0,59.0,5.0,5.0,1.14,0.0,0.0,0.0
E02000403,Haringey 007,Wood Green North,E09000014,Haringey,E14001503,Southgate and Wood Green,2991.0,492.0,538.0,30.0,462.0,1466.0,3.0,7357.0,6253.0,27.0,967.0,110.0,469.0,703.0,1350.0,364.0,104.0,6073.0,34.44,49.01,15.45,15.01,15.65,15.68,18.6103671476,15.9691239941,4,3090.0,2450.0,30.0,80.0,0.0,2050.0,1030.0,66.34,475000,502500,435000,450000,466000,426500.0,,-1.89,48.0,42.0,31.0,0.0,7.0,23.0,12.0,5.0,9.0,65.0,30.0,15.5,9.7,6.0,3.9,765.0,765.0,765.0
E02000411,Haringey 015,Tottenham Lea Valley,E09000014,Haringey,E14001553,Tottenham,3952.0,502.0,702.0,129.0,1209.0,1387.0,23.0,11249.0,9294.0,133.0,1509.0,313.0,407.0,936.0,1852.0,561.0,196.0,9112.0,30.47,35.1,30.59,17.38,19.15,10.3,14.6227414332,13.7586439522,3,5990.0,1000.0,20.0,3090.0,1880.0,4560.0,1410.0,76.13,400000,510000,454705,440000,440000,369000.0,,10.0,2071.0,1799.0,28.0,575.0,1424.0,711.0,134.0,1.0,3.0,2614.0,2135.0,345.7,356.4,9.0,21.71,1242.0,1242.0,1239.0
E02000440,Harrow 008,Belmont,E09000015,Harrow,E14001270,Harrow East,3055.0,1183.0,1152.0,6.0,99.0,612.0,3.0,9528.0,8907.0,22.0,519.0,80.0,1344.0,880.0,582.0,195.0,53.0,7430.0,76.43,20.03,3.24,6.52,8.12,43.99,4.70459598864,4.25107002006,1b,3210.0,40.0,30.0,40.0,30.0,390.0,2810.0,12.15,600000,654000,592500,620000,635000,,,5.83,36.0,34.0,12.0,3.0,6.0,0.0,3.0,3.0,3.0,36.0,6.0,11.2,1.9,0.0,0.0,0.0,0.0,0.0
E02000444,Harrow 012,Queensbury West,E09000015,Harrow,E14001270,Harrow East,2670.0,946.0,814.0,9.0,73.0,824.0,4.0,8624.0,7899.0,19.0,616.0,90.0,849.0,734.0,699.0,296.0,93.0,6691.0,65.92,30.86,2.73,8.41,14.57,31.8,5.65555384214,5.10684781956,2,2770.0,0.0,40.0,40.0,30.0,670.0,2090.0,24.19,527500,582500,625000,595000,535000,308500.0,,1.42,40.0,40.0,9.0,26.0,3.0,6.0,0.0,17.0,5.0,11.0,9.0,14.4,3.2,2.0,0.940029,0.0,0.0,0.0
E02000434,Harrow 002,Canons Park,E09000015,Harrow,E14001270,Harrow East,3638.0,1180.0,960.0,100.0,310.0,1083.0,5.0,9735.0,8785.0,26.0,780.0,144.0,1255.0,935.0,1092.0,274.0,82.0,7874.0,58.82,29.77,8.52,9.76,9.79,34.5,6.68713196855,6.24946481382,2,4050.0,160.0,60.0,980.0,170.0,1990.0,2050.0,49.14,510000,530000,547500,552500,607500,355000.0,,19.12,22.0,15.0,16.0,2.0,12.0,12.0,0.0,29.0,45.0,39.0,24.0,5.4,5.9,2.0,1.876971,0.0,0.0,0.0
E02000433,Harrow 001,Stanmore Park,E09000015,Harrow,E14001270,Harrow East,3542.0,1251.0,942.0,31.0,410.0,906.0,2.0,8529.0,7627.0,24.0,746.0,132.0,1171.0,1104.0,992.0,223.0,54.0,6967.0,61.91,25.58,11.58,10.58,7.82,33.06,2.92188301861,2.32405782444,1b,3960.0,210.0,620.0,420.0,210.0,2210.0,1740.0,55.81,577500,568000,575000,590000,479000,356500.0,,-17.06,219.0,166.0,32.0,0.0,300.0,27.0,29.0,17.0,70.0,116.0,327.0,55.3,82.6,10.0,35.602188999999996,0.0,0.0,0.0
E02000445,Harrow 013,Wealdstone South,E09000015,Harrow,E14001271,Harrow West,3820.0,874.0,899.0,116.0,524.0,1399.0,8.0,11599.0,10382.0,22.0,1048.0,147.0,739.0,931.0,1452.0,527.0,171.0,8818.0,46.41,36.62,13.72,10.49,18.27,19.35,9.89423382037,8.51025452111,2,4300.0,1000.0,190.0,590.0,340.0,2170.0,2110.0,50.47,370000,518100,510000,312000,510000,272000.0,,37.84,609.0,584.0,47.0,198.0,55.0,3.0,16.0,47.0,20.0,634.0,58.0,141.6,13.5,9.0,12.335425,0.0,0.0,0.0
E02000447,Harrow 015,Headstone Lane,E09000015,Harrow,E14001271,Harrow West,2744.0,873.0,1111.0,19.0,201.0,539.0,1.0,8097.0,7243.0,25.0,720.0,109.0,1054.0,751.0,711.0,196.0,34.0,6269.0,72.3,19.64,7.33,10.55,8.38,38.41,4.94280278917,4.79408373191,1b,2850.0,180.0,60.0,380.0,190.0,680.0,2170.0,23.86,550000,618000,591500,675000,625000,332000.0,,13.64,323.0,323.0,14.0,64.0,2.0,0.0,2.0,11.0,9.0,6.0,2.0,113.3,0.7,2.0,9.624012,0.0,0.0,0.0
E02000449,Harrow 017,Kenton East,E09000015,Harrow,E14001270,Harrow East,2527.0,771.0,564.0,15.0,425.0,742.0,10.0,8215.0,7521.0,17.0,573.0,104.0,626.0,705.0,780.0,297.0,119.0,6625.0,52.83,29.36,16.82,8.45,16.46,24.77,7.16912618113,5.55454367888,2,2600.0,0.0,10.0,10.0,10.0,560.0,2030.0,21.54,408000,571750,520000,550000,485000,397500.0,,18.87,17.0,15.0,16.0,0.0,3.0,2.0,3.0,13.0,0.0,18.0,5.0,6.5,1.9,0.0,0.0,0.0,0.0,0.0
E02000455,Harrow 023,Greenhill South,E09000015,Harrow,E14001271,Harrow West,4758.0,761.0,1078.0,80.0,636.0,2193.0,10.0,11462.0,9360.0,50.0,1666.0,386.0,618.0,1176.0,2334.0,534.0,95.0,9337.0,38.65,46.09,13.37,18.34,13.22,12.99,24.3963210974,25.6205432271,5,5990.0,610.0,510.0,2590.0,1190.0,4780.0,1210.0,79.8,406225,415000,450000,387500,403000,340000.0,,-0.79,1968.0,1884.0,52.0,418.0,137.0,40.0,33.0,46.0,14.0,786.0,177.0,328.5,29.5,28.0,5.461342999999999,0.0,0.0,0.0
E02000459,Harrow 027,South Harrow,E09000015,Harrow,E14001271,Harrow West,3418.0,701.0,792.0,59.0,593.0,1266.0,7.0,9200.0,8067.0,18.0,985.0,130.0,549.0,784.0,1489.0,494.0,102.0,7127.0,43.68,37.04,17.35,12.32,17.44,16.06,11.3209736739,9.58266275748,3,3700.0,260.0,560.0,490.0,290.0,2140.0,1550.0,57.84,330000,375500,340000,470000,359000,292500.0,,8.79,222.0,220.0,24.0,47.0,530.0,0.0,14.0,5.0,8.0,609.0,530.0,60.0,143.2,4.0,4.439368,0.0,0.0,0.0
E02000438,Harrow 006,Hatch End South,E09000015,Harrow,E14001454,"Ruislip, Northwood and Pinner",3046.0,894.0,815.0,12.0,626.0,690.0,9.0,8426.0,7697.0,24.0,628.0,77.0,889.0,815.0,990.0,250.0,100.0,6469.0,56.11,22.65,20.55,8.65,11.49,29.19,6.53210637385,6.94641821146,2,3150.0,150.0,80.0,60.0,20.0,1080.0,2060.0,34.29,417500,450000,416000,461500,440000,375000.0,,5.39,39.0,38.0,16.0,0.0,6.0,6.0,1.0,7.0,2.0,44.0,12.0,12.4,3.8,1.0,0.024433,0.0,0.0,0.0
E02000441,Harrow 009,Pinner Green,E09000015,Harrow,E14001454,"Ruislip, Northwood and Pinner",2795.0,888.0,780.0,23.0,501.0,593.0,10.0,7390.0,6700.0,22.0,557.0,111.0,856.0,797.0,879.0,216.0,46.0,5800.0,59.68,21.22,17.92,9.34,9.37,30.63,2.49029535157,1.92537594167,1a,2990.0,120.0,50.0,210.0,30.0,1200.0,1790.0,40.13,515000,655000,617500,597500,550000,365000.0,,6.8,39.0,22.0,5.0,1.0,9.0,2.0,4.0,5.0,0.0,54.0,11.0,13.0,3.7,0.0,0.0,0.0,0.0,0.0
E02000448,Harrow 016,Pinner Central,E09000015,Harrow,E14001454,"Ruislip, Northwood and Pinner",2759.0,1081.0,846.0,29.0,212.0,589.0,2.0,7016.0,6306.0,28.0,567.0,115.0,1253.0,745.0,594.0,129.0,35.0,5472.0,69.84,21.35,7.68,10.12,5.94,45.42,8.02487086463,9.32731616172,2,2950.0,570.0,120.0,180.0,30.0,1110.0,1830.0,37.63,751950,852500,823000,873017,875000,370000.0,,16.36,78.0,71.0,24.0,13.0,15.0,3.0,14.0,26.0,1.0,46.0,18.0,26.4,6.1,4.0,0.734967,0.0,0.0,0.0
E02000454,Harrow 022,Pinner South,E09000015,Harrow,E14001454,"Ruislip, Northwood and Pinner",2524.0,1014.0,1042.0,3.0,101.0,362.0,2.0,7298.0,6684.0,26.0,501.0,87.0,1230.0,780.0,431.0,71.0,12.0,5552.0,81.46,14.34,4.0,8.41,3.29,48.73,4.37218440637,3.81687425442,1b,2590.0,30.0,140.0,20.0,20.0,320.0,2270.0,12.36,675000,772500,724250,732500,715000,,,5.93,15.0,15.0,9.0,0.0,0.0,1.0,2.0,1.0,0.0,8.0,1.0,5.8,0.4,1.0,0.069094,0.0,0.0,0.0
E02000453,Harrow 021,Pinner Road,E09000015,Harrow,E14001271,Harrow West,3046.0,820.0,821.0,56.0,226.0,1116.0,7.0,8290.0,7297.0,27.0,838.0,128.0,840.0,746.0,1105.0,294.0,62.0,6484.0,53.87,36.64,7.42,11.98,11.69,27.58,10.5125496638,8.99207613549,3,3230.0,1450.0,160.0,350.0,70.0,1650.0,1580.0,51.08,420000,460000,385000,463000,585000,342000.0,,39.29,115.0,108.0,33.0,66.0,26.0,39.0,15.0,85.0,6.0,93.0,65.0,35.6,20.1,2.0,0.363174,0.0,0.0,0.0
E02006882,Harrow 033,Kenton West,E09000015,Harrow,E14001270,Harrow East,4396.0,1845.0,1331.0,53.0,137.0,1028.0,2.0,14228.0,13213.0,41.0,811.0,163.0,1741.0,1216.0,958.0,347.0,134.0,11608.0,72.25,23.38,3.12,7.13,10.94,39.6,6.94540371117,6.05629991181,2,4580.0,0.0,50.0,80.0,10.0,680.0,3900.0,14.85,565000,635000,580000,622500,615000,342750.0,,8.85,110.0,105.0,34.0,3.0,58.0,0.0,3.0,42.0,225.0,125.0,58.0,24.0,12.7,2.0,1.51946,0.0,0.0,0.0
E02000436,Harrow 004,Hatch End North,E09000015,Harrow,E14001454,"Ruislip, Northwood and Pinner",2043.0,934.0,786.0,6.0,70.0,246.0,1.0,5703.0,5308.0,26.0,307.0,62.0,1168.0,503.0,295.0,61.0,21.0,4701.0,84.19,12.04,3.43,6.93,4.01,57.17,1.56370942464,0.0,1a,2140.0,140.0,50.0,50.0,30.0,250.0,1890.0,11.68,740000,845000,785000,885000,860000,,,16.22,32.0,32.0,19.0,2.0,3.0,1.0,17.0,3.0,0.0,28.0,4.0,15.0,1.9,1.0,0.386034,0.0,0.0,0.0
E02000451,Harrow 019,North Harrow,E09000015,Harrow,E14001454,"Ruislip, Northwood and Pinner",2329.0,949.0,842.0,21.0,44.0,470.0,3.0,6669.0,6022.0,16.0,541.0,90.0,1033.0,665.0,479.0,112.0,40.0,5334.0,76.9,20.18,1.89,9.7,6.53,44.35,6.6043198601,4.70395582462,2,2430.0,140.0,40.0,0.0,0.0,440.0,1990.0,18.11,603500,689000,653000,670000,715000,322500.0,,18.48,10.0,8.0,11.0,0.0,1.0,3.0,1.0,8.0,1.0,10.0,4.0,4.1,1.6,0.0,0.0,0.0,0.0,0.0
E02000452,Harrow 020,Greenhill North,E09000015,Harrow,E14001271,Harrow West,3451.0,655.0,829.0,41.0,227.0,1695.0,4.0,9371.0,7700.0,28.0,1441.0,202.0,612.0,805.0,1480.0,466.0,89.0,7337.0,43.0,49.12,6.58,17.83,16.08,17.73,13.7910789339,12.7273391365,3,4660.0,1700.0,300.0,1410.0,1060.0,3490.0,1170.0,74.89,365000,385000,350000,425000,364080,351065.0,358000.0,-0.25,764.0,670.0,36.0,300.0,2562.0,379.0,18.0,44.0,1102.0,2206.0,2941.0,163.9,631.1,13.0,20.654052,0.0,0.0,0.0
E02000439,Harrow 007,Edgware West,E09000015,Harrow,E14001270,Harrow East,2948.0,847.0,738.0,31.0,304.0,1022.0,6.0,9138.0,8209.0,25.0,760.0,144.0,679.0,771.0,986.0,372.0,141.0,7097.0,53.77,34.67,10.31,10.17,17.4,23.03,8.61247846699,8.15540859178,2,3290.0,60.0,40.0,480.0,200.0,1210.0,2070.0,36.78,470000,525000,518500,527500,550000,342500.0,,17.02,222.0,220.0,19.0,0.0,1.0,7.0,6.0,26.0,12.0,230.0,8.0,67.5,2.4,2.0,0.5554129999999999,0.0,0.0,0.0
E02000442,Harrow 010,Queensbury East,E09000015,Harrow,E14001270,Harrow East,2667.0,840.0,701.0,9.0,111.0,1006.0,0.0,9409.0,8429.0,20.0,830.0,130.0,641.0,682.0,827.0,332.0,184.0,7390.0,57.78,37.72,4.16,10.42,19.35,24.03,6.63357068991,6.10437821754,2,2680.0,30.0,10.0,80.0,30.0,390.0,2280.0,14.55,450000,558500,500000,550000,530000,255000.0,,17.78,45.0,44.0,15.0,0.0,4.0,3.0,3.0,21.0,9.0,40.0,7.0,16.8,2.6,1.0,0.283744,0.0,0.0,0.0
E02000461,Harrow 029,Harrow-on-the-Hill,E09000015,Harrow,E14001271,Harrow West,2557.0,632.0,717.0,30.0,138.0,1037.0,3.0,7205.0,6048.0,106.0,927.0,124.0,588.0,784.0,920.0,225.0,42.0,5366.0,52.76,40.56,5.4,16.06,10.44,23.0,8.31580696411,6.98242954528,2,2840.0,670.0,230.0,160.0,0.0,1650.0,1170.0,58.1,430750,491000,449975,480000,420000,338750.0,,-2.5,27.0,13.0,21.0,0.0,17.0,2.0,1.0,12.0,19.0,41.0,19.0,9.5,6.7,2.0,0.813166,0.0,0.0,0.0
E02000437,Harrow 005,Harrow Weald,E09000015,Harrow,E14001270,Harrow East,3088.0,1039.0,917.0,23.0,338.0,767.0,4.0,8658.0,7888.0,22.0,657.0,91.0,1027.0,855.0,893.0,262.0,52.0,6867.0,63.34,24.84,10.95,8.89,10.17,33.26,7.89707972203,8.18409081069,2,3220.0,130.0,50.0,30.0,10.0,810.0,2400.0,25.16,493500,581000,510000,550000,551000,282500.0,,11.65,12.0,10.0,16.0,0.0,10.0,6.0,2.0,24.0,19.0,24.0,16.0,3.7,5.0,0.0,0.0,0.0,0.0,0.0
E02000480,Havering 017,Rush Green,E09000016,Havering,E14001448,Romford,5012.0,1110.0,1549.0,84.0,948.0,1311.0,10.0,13604.0,11890.0,23.0,1471.0,220.0,1041.0,1446.0,1937.0,499.0,90.0,10297.0,53.05,26.16,18.91,12.6,11.75,20.77,6.11601177132,3.67169061581,2,5380.0,290.0,390.0,1390.0,190.0,2370.0,2970.0,44.05,325000,400000,400000,405000,415000,235000.0,,27.69,122.0,108.0,25.0,7.0,349.0,974.0,177.0,132.0,7.0,1271.0,1323.0,22.7,245.9,7.0,12.11,0.0,0.0,0.0
E02000474,Havering 011,Romford North West,E09000016,Havering,E14001448,Romford,3531.0,1038.0,1279.0,56.0,516.0,639.0,3.0,9063.0,8269.0,15.0,710.0,69.0,940.0,1105.0,1217.0,233.0,37.0,6974.0,65.62,18.1,14.61,8.76,7.65,26.62,4.45126346276,3.54157038475,1b,3790.0,670.0,270.0,210.0,130.0,1030.0,2740.0,27.18,353000,440000,415000,425000,430000,258000.0,,21.81,141.0,136.0,27.0,32.0,19.0,7.0,10.0,58.0,22.0,151.0,26.0,37.2,6.9,5.0,1.17,0.0,0.0,0.0
E02000476,Havering 013,Central Romford,E09000016,Havering,E14001448,Romford,4198.0,758.0,999.0,150.0,752.0,1537.0,2.0,9179.0,7898.0,16.0,1117.0,148.0,672.0,1087.0,2017.0,375.0,47.0,7367.0,41.85,36.61,17.91,13.96,10.05,16.01,22.0482369887,24.5084299452,5,4820.0,660.0,1370.0,440.0,310.0,3390.0,1410.0,70.33,270000,315000,305000,315000,273500,220000.0,,1.3,600.0,539.0,74.0,37.0,751.0,66.0,2458.0,93.0,347.0,2865.0,817.0,124.5,169.5,22.0,14.530000000000001,0.0,0.0,0.0
E02000481,Havering 018,Cranham East,E09000016,Havering,E14001292,Hornchurch and Upminster,3246.0,1484.0,1152.0,19.0,239.0,349.0,3.0,8151.0,7537.0,16.0,570.0,28.0,1360.0,1180.0,591.0,102.0,13.0,6477.0,81.21,10.75,7.36,7.53,3.54,41.9,0.635491571882,0.0,1a,3430.0,80.0,70.0,70.0,30.0,530.0,2860.0,15.45,400000,485000,440000,477500,480000,295000.0,,20.0,32.0,29.0,21.0,1.0,2.0,5.0,1.0,17.0,15.0,26.0,7.0,9.3,2.0,2.0,2.62,0.0,0.0,0.0
E02000482,Havering 019,Upminster North & Cranham West,E09000016,Havering,E14001292,Hornchurch and Upminster,2577.0,1308.0,1009.0,4.0,49.0,207.0,0.0,6537.0,6106.0,12.0,396.0,23.0,1441.0,783.0,321.0,31.0,1.0,5221.0,89.91,8.03,1.9,6.59,1.24,55.92,6.54627413795,3.53898826917,2,2670.0,380.0,30.0,50.0,0.0,240.0,2430.0,8.99,506750,627500,570000,635000,590000,350000.0,,16.43,26.0,20.0,15.0,0.0,38.0,4.0,0.0,23.0,8.0,59.0,42.0,9.7,15.7,2.0,1.75,0.0,0.0,0.0
E02000463,Harrow 031,Earlsmead,E09000015,Harrow,E14001271,Harrow West,2834.0,740.0,910.0,14.0,518.0,640.0,12.0,8631.0,8058.0,16.0,493.0,64.0,643.0,824.0,979.0,302.0,88.0,6638.0,58.22,22.58,18.28,6.64,13.76,22.69,5.08604979037,5.32367547015,2,2880.0,0.0,10.0,50.0,10.0,590.0,2280.0,20.49,445000,510000,500000,500000,515000,,,15.73,20.0,19.0,12.0,9.0,47.0,0.0,3.0,10.0,0.0,22.0,47.0,6.9,16.3,1.0,0.145018,0.0,0.0,0.0
E02006795,Harrow 032,Rayners Lane South,E09000015,Harrow,E14001271,Harrow West,2644.0,879.0,868.0,11.0,80.0,805.0,1.0,8190.0,7393.0,29.0,663.0,105.0,875.0,789.0,695.0,218.0,67.0,6360.0,66.07,30.45,3.03,9.73,10.78,33.09,8.96686350373,11.0526322196,2,2720.0,0.0,30.0,0.0,0.0,490.0,2220.0,18.01,475000,555375,545000,568000,560000,,,17.89,13.0,13.0,14.0,0.0,4.0,10.0,1.0,15.0,8.0,18.0,14.0,4.8,5.1,1.0,0.11,0.0,0.0,0.0
E02000462,Harrow 030,Alexandra Park,E09000015,Harrow,E14001271,Harrow West,2285.0,652.0,610.0,20.0,182.0,821.0,0.0,6892.0,6233.0,19.0,539.0,101.0,554.0,611.0,757.0,283.0,81.0,5468.0,55.23,35.93,7.96,9.56,15.93,24.25,12.7000114738,11.8985352261,3,2430.0,290.0,30.0,130.0,20.0,810.0,1610.0,33.33,420000,500000,487500,520000,513000,310000.0,,22.14,30.0,17.0,22.0,0.0,15.0,4.0,2.0,37.0,8.0,33.0,19.0,12.3,7.8,3.0,0.614475,0.0,0.0,0.0
E02000435,Harrow 003,Stanmore Uxbridge Road,E09000015,Harrow,E14001270,Harrow East,2809.0,870.0,753.0,36.0,541.0,599.0,10.0,8114.0,7331.0,15.0,655.0,113.0,934.0,816.0,714.0,244.0,105.0,6362.0,57.78,21.32,19.26,9.65,12.42,33.25,3.50068102157,3.32094343446,1b,2900.0,50.0,270.0,100.0,10.0,890.0,2010.0,30.69,543500,592500,557500,615000,655000,438500.0,,20.52,20.0,18.0,12.0,0.0,8.0,12.0,3.0,16.0,3.0,37.0,20.0,6.9,6.9,0.0,0.0,0.0,0.0,0.0
E02000456,Harrow 024,West Harrow,E09000015,Harrow,E14001271,Harrow West,2716.0,820.0,764.0,32.0,273.0,818.0,9.0,7718.0,6962.0,37.0,610.0,109.0,815.0,701.0,839.0,232.0,130.0,6208.0,58.32,30.12,10.05,9.8,13.33,30.01,12.824677241,10.9852907035,3,2660.0,960.0,20.0,50.0,10.0,900.0,1750.0,33.83,410000,540000,545000,538800,597885,264000.0,,45.83,25.0,17.0,18.0,5.0,37.0,14.0,4.0,6.0,0.0,28.0,51.0,9.4,19.2,1.0,0.13,0.0,0.0,0.0
E02000457,Harrow 025,Rayners Lane North,E09000015,Harrow,E14001271,Harrow West,2563.0,827.0,776.0,65.0,190.0,701.0,4.0,6989.0,6355.0,30.0,494.0,110.0,848.0,684.0,775.0,213.0,43.0,5627.0,62.54,27.35,7.41,9.07,9.99,33.09,8.35383809323,8.39344195116,2,2830.0,10.0,40.0,400.0,20.0,940.0,1880.0,33.22,451000,655000,635000,650000,687500,,,52.44,4.0,3.0,6.0,0.0,6.0,1.0,1.0,7.0,3.0,10.0,7.0,1.4,2.5,4.0,1.7656,0.0,0.0,0.0
E02000460,Harrow 028,Newton Farm,E09000015,Harrow,E14001271,Harrow West,2415.0,431.0,728.0,19.0,659.0,574.0,4.0,7223.0,6493.0,23.0,637.0,70.0,417.0,693.0,922.0,290.0,91.0,5473.0,47.99,23.77,27.29,10.11,15.78,17.27,6.73130797525,6.06086098533,2,2560.0,0.0,420.0,430.0,110.0,970.0,1590.0,37.89,415000,410000,403500,387250,386800,288000.0,,-6.8,109.0,106.0,17.0,21.0,0.0,2.0,0.0,26.0,15.0,18.0,2.0,42.6,0.8,4.0,3.833502,0.0,0.0,0.0
E02000485,Havering 022,Upminster Bridge,E09000016,Havering,E14001292,Hornchurch and Upminster,3458.0,1315.0,1294.0,10.0,198.0,640.0,1.0,8389.0,7637.0,14.0,716.0,22.0,1162.0,1424.0,747.0,104.0,18.0,6716.0,75.45,18.51,5.73,8.96,3.53,33.6,7.53174128618,7.06272797807,2,3640.0,40.0,80.0,140.0,80.0,980.0,2650.0,26.92,401500,522500,440000,460000,450000,311000.0,,12.08,100.0,84.0,27.0,0.0,43.0,7.0,12.0,31.0,470.0,99.0,50.0,27.5,13.7,2.0,1.01,0.0,0.0,0.0
E02000489,Havering 026,Elm Park West,E09000016,Havering,E14001189,Dagenham and Rainham,3260.0,1138.0,1174.0,27.0,488.0,430.0,3.0,8539.0,7925.0,24.0,546.0,44.0,1243.0,991.0,851.0,146.0,30.0,6669.0,70.92,13.19,14.97,7.19,5.4,38.13,3.92703518982,3.11361299673,1b,3380.0,0.0,110.0,150.0,0.0,670.0,2700.0,19.82,355000,445750,435000,440000,440000,258000.0,,23.94,15.0,14.0,13.0,0.0,5.0,4.0,3.0,23.0,2.0,18.0,9.0,4.4,2.7,1.0,0.74,0.0,0.0,0.0
E02000488,Havering 025,Hacton,E09000016,Havering,E14001292,Hornchurch and Upminster,3014.0,1497.0,1145.0,17.0,87.0,268.0,0.0,7507.0,6879.0,12.0,599.0,17.0,1359.0,1041.0,544.0,51.0,15.0,6193.0,87.66,8.89,2.89,8.37,2.19,45.09,4.42286792265,3.44206365578,1b,3370.0,10.0,110.0,350.0,340.0,340.0,3020.0,10.09,420000,430000,421000,435000,482000,282500.0,,14.76,947.0,946.0,10.0,795.0,1.0,6.0,2.0,1.0,5.0,178.0,7.0,281.0,2.1,1.0,2.75,0.0,0.0,0.0
E02000490,Havering 027,South Hornchurch,E09000016,Havering,E14001189,Dagenham and Rainham,3227.0,1216.0,1150.0,16.0,428.0,414.0,3.0,8381.0,7758.0,11.0,567.0,45.0,1162.0,1065.0,823.0,142.0,34.0,6567.0,73.32,12.83,13.26,7.43,5.45,36.01,3.64479451208,4.59029296079,1b,3280.0,10.0,20.0,50.0,0.0,410.0,2860.0,12.5,345000,430000,415000,420000,430000,309000.0,,24.64,19.0,17.0,18.0,1.0,1.0,9.0,1.0,30.0,2.0,23.0,10.0,5.8,3.0,0.0,0.0,0.0,0.0,0.0
E02000443,Harrow 011,Wealdstone North,E09000015,Harrow,E14001271,Harrow West,3546.0,751.0,855.0,34.0,545.0,1352.0,9.0,10625.0,9345.0,20.0,1114.0,146.0,662.0,894.0,1372.0,487.0,131.0,8108.0,45.29,38.13,15.37,12.05,17.43,18.67,8.20689429131,7.86752977,2,3710.0,980.0,90.0,290.0,20.0,1490.0,2200.0,40.16,415000,490000,452500,490000,457500,263500.0,,10.24,267.0,30.0,39.0,22.0,63.0,13.0,13.0,45.0,19.0,135.0,76.0,72.0,20.5,2.0,0.201802,0.0,0.0,0.0
E02000465,Havering 002,Petersfield Avenue & Duck Wood,E09000016,Havering,E14001292,Hornchurch and Upminster,3494.0,679.0,1166.0,29.0,1150.0,466.0,4.0,9225.0,8546.0,16.0,627.0,36.0,763.0,1101.0,1296.0,281.0,51.0,6875.0,52.8,13.34,32.91,7.36,9.5,21.84,4.12152942304,4.98394524773,1b,3630.0,0.0,190.0,290.0,10.0,840.0,2790.0,23.14,320000,410000,405000,402500,416000,205500.0,495000.0,30.0,8.0,8.0,6.0,0.0,1.0,3.0,2.0,5.0,8.0,9.0,4.0,2.2,1.1,1.0,3.26,0.0,0.0,0.0
E02000467,Havering 004,Harold Hill East,E09000016,Havering,E14001292,Hornchurch and Upminster,4289.0,573.0,1043.0,51.0,2040.0,563.0,19.0,11304.0,10427.0,24.0,799.0,54.0,648.0,994.0,2110.0,481.0,56.0,8018.0,37.68,13.13,47.56,7.76,12.52,15.11,6.40325107481,6.28628883324,2,4530.0,0.0,70.0,350.0,40.0,1620.0,2910.0,35.76,295000,340000,326400,367500,360000,200000.0,,22.03,40.0,40.0,5.0,46.0,0.0,112.0,21.0,11.0,4.0,136.0,112.0,8.8,24.7,3.0,1.1300000000000001,0.0,0.0,0.0
E02000486,Havering 023,Elm Park East,E09000016,Havering,E14001292,Hornchurch and Upminster,2990.0,1299.0,1123.0,4.0,100.0,463.0,1.0,7276.0,6680.0,15.0,534.0,47.0,1154.0,1051.0,670.0,95.0,20.0,6020.0,81.0,15.48,3.34,8.19,3.85,38.6,8.87111014255,9.2162436361,2,3130.0,70.0,60.0,20.0,10.0,520.0,2600.0,16.61,388998,465000,475000,446000,460000,222500.0,,18.25,22.0,17.0,10.0,0.0,41.0,18.0,5.0,16.0,9.0,82.0,59.0,7.0,18.8,5.0,1.0,0.0,0.0,0.0
E02000470,Havering 007,Harold Park & Harold Wood,E09000016,Havering,E14001292,Hornchurch and Upminster,4132.0,1438.0,1574.0,43.0,322.0,752.0,3.0,9642.0,8830.0,12.0,735.0,65.0,1373.0,1435.0,1174.0,134.0,16.0,7879.0,72.89,18.2,7.79,8.42,3.63,33.23,2.2018191649,0.0,1a,4360.0,210.0,150.0,750.0,40.0,1170.0,3160.0,26.83,375000,433000,425000,430000,435000,280000.0,,16.0,153.0,130.0,25.0,27.0,108.0,19.0,9.0,72.0,86.0,150.0,127.0,35.1,29.1,0.0,0.0,0.0,0.0,0.0
E02000473,Havering 010,Ardleigh Green,E09000016,Havering,E14001448,Romford,4022.0,1439.0,1665.0,97.0,247.0,572.0,2.0,10356.0,9524.0,13.0,772.0,47.0,1603.0,1316.0,922.0,159.0,21.0,8165.0,77.18,14.22,6.14,8.03,4.48,39.86,2.79661638869,3.00058032563,1b,4240.0,20.0,190.0,360.0,90.0,890.0,3330.0,20.99,382500,440000,450000,480000,475000,255000.0,,24.18,50.0,40.0,20.0,3.0,52.0,20.0,4.0,23.0,15.0,83.0,72.0,11.8,17.0,1.0,0.43,0.0,0.0,0.0
E02000472,Havering 009,Romford North,E09000016,Havering,E14001448,Romford,3527.0,1356.0,1425.0,20.0,242.0,484.0,0.0,9379.0,8638.0,9.0,688.0,44.0,1274.0,1246.0,826.0,147.0,33.0,7325.0,78.85,13.72,6.86,7.9,5.1,36.12,8.2166441952,8.0410708027,2,3660.0,50.0,40.0,40.0,10.0,560.0,3090.0,15.3,369000,460000,462000,460000,457500,280000.0,,23.98,28.0,27.0,18.0,0.0,5.0,5.0,2.0,62.0,29.0,35.0,10.0,7.7,2.7,2.0,0.33,0.0,0.0,0.0
E02000478,Havering 015,Emerson Park,E09000016,Havering,E14001292,Hornchurch and Upminster,2150.0,1111.0,791.0,3.0,114.0,130.0,1.0,5947.0,5567.0,14.0,352.0,14.0,1317.0,539.0,245.0,40.0,9.0,4949.0,88.47,6.05,5.3,6.39,2.28,61.26,2.62704929658,2.32688195172,1b,2260.0,160.0,110.0,130.0,50.0,250.0,1990.0,11.06,806000,860000,940000,925000,810000,,,0.5,20.0,20.0,42.0,3.0,1.0,27.0,17.0,9.0,5.0,53.0,28.0,8.8,12.4,0.0,0.0,0.0,0.0,0.0
E02000466,Havering 003,Havering-atte-Bower & Chase Cross,E09000016,Havering,E14001448,Romford,3293.0,1037.0,1074.0,37.0,760.0,384.0,1.0,8952.0,8344.0,14.0,569.0,25.0,1034.0,1060.0,947.0,224.0,28.0,6894.0,64.11,11.66,23.08,6.79,7.65,31.4,1.29284766912,0.559126942598,1a,3440.0,50.0,250.0,90.0,20.0,850.0,2560.0,24.71,350000,425000,425000,444000,438500,265000.0,,25.29,24.0,11.0,18.0,1.0,17.0,52.0,25.0,36.0,12.0,99.0,69.0,7.0,20.1,2.0,2.5,0.0,0.0,0.0
E02000468,Havering 005,Collier Row & Park Farm,E09000016,Havering,E14001448,Romford,3167.0,1121.0,1203.0,25.0,366.0,447.0,5.0,8554.0,7942.0,10.0,581.0,21.0,1127.0,1042.0,816.0,145.0,36.0,6589.0,73.38,14.11,11.56,7.15,5.72,35.59,2.15282299443,0.0,1a,3300.0,10.0,70.0,90.0,0.0,400.0,2880.0,12.12,350000,440000,416250,427000,428000,202000.0,,22.29,37.0,35.0,25.0,0.0,8.0,10.0,7.0,41.0,7.0,54.0,18.0,11.2,5.5,0.0,0.0,0.0,0.0,0.0
E02000469,Havering 006,Harold Hill West,E09000016,Havering,E14001292,Hornchurch and Upminster,2699.0,615.0,888.0,17.0,815.0,357.0,7.0,7174.0,6543.0,8.0,593.0,30.0,549.0,909.0,1009.0,189.0,43.0,5391.0,55.69,13.23,30.2,8.8,8.6,20.34,3.47225817621,3.54164689929,1b,2790.0,0.0,120.0,80.0,20.0,710.0,2080.0,25.45,320000,380000,381500,407000,385000,285000.0,,20.31,28.0,27.0,9.0,0.0,0.0,1.0,49.0,13.0,4.0,55.0,1.0,10.0,0.4,0.0,0.0,0.0,0.0,0.0
E02000484,Havering 021,Hylands,E09000016,Havering,E14001448,Romford,3253.0,1363.0,1300.0,13.0,194.0,380.0,3.0,8396.0,7785.0,10.0,569.0,32.0,1344.0,1078.0,707.0,102.0,22.0,6781.0,81.86,11.68,5.96,7.28,3.81,41.32,3.50795744867,3.37920731586,1b,3380.0,20.0,240.0,90.0,10.0,370.0,3000.0,10.95,398000,470000,458500,465000,495000,268500.0,,24.37,34.0,34.0,15.0,0.0,1.0,8.0,6.0,24.0,279.0,22.0,9.0,10.1,2.7,1.0,0.04,0.0,0.0,0.0
E02000477,Havering 014,Romford East,E09000016,Havering,E14001448,Romford,3714.0,1615.0,1522.0,6.0,99.0,472.0,0.0,9444.0,8704.0,14.0,696.0,30.0,1724.0,1305.0,585.0,86.0,15.0,7660.0,84.46,12.71,2.67,7.84,2.72,46.42,6.13733475465,5.98358056629,2,3870.0,320.0,200.0,80.0,30.0,410.0,3440.0,10.59,446150,531000,510000,518000,547500,312500.0,,22.72,35.0,32.0,22.0,0.0,13.0,8.0,5.0,28.0,6.0,48.0,21.0,9.0,5.4,0.0,0.0,0.0,0.0,0.0
E02000479,Havering 016,Romford South,E09000016,Havering,E14001448,Romford,3789.0,907.0,1234.0,47.0,460.0,1133.0,8.0,9315.0,8214.0,14.0,1001.0,86.0,850.0,1183.0,1441.0,278.0,36.0,7253.0,56.51,29.9,12.14,11.82,8.29,22.43,13.5848744543,8.35767005145,3,4090.0,1320.0,190.0,420.0,110.0,1610.0,2470.0,39.36,321575,410000,365000,415000,402750,235000.0,,25.24,247.0,239.0,35.0,12.0,8.0,141.0,13.0,50.0,10.0,381.0,149.0,60.4,36.4,13.0,10.790000000000001,0.0,0.0,0.0
E02000471,Havering 008,Rise Park,E09000016,Havering,E14001448,Romford,2943.0,1507.0,1137.0,9.0,58.0,230.0,2.0,7764.0,7170.0,11.0,552.0,31.0,1443.0,991.0,408.0,80.0,19.0,6312.0,89.84,7.82,1.97,7.65,3.36,49.03,2.46356640907,2.854757555,1a,3040.0,0.0,40.0,30.0,10.0,110.0,2930.0,3.62,415000,548000,482500,547000,547500,,,31.93,16.0,15.0,17.0,0.0,14.0,8.0,0.0,29.0,0.0,35.0,22.0,5.3,7.2,1.0,0.11,0.0,0.0,0.0
E02000475,Havering 012,Gidea Park,E09000016,Havering,E14001448,Romford,3958.0,1433.0,1332.0,35.0,412.0,742.0,4.0,9496.0,8661.0,11.0,753.0,71.0,1636.0,1198.0,961.0,150.0,13.0,7721.0,69.86,18.75,10.41,8.79,4.12,41.33,5.45639519752,5.21928307216,2,4250.0,190.0,380.0,190.0,40.0,1760.0,2480.0,41.41,420000,450000,521250,550000,526250,294500.0,,25.3,47.0,40.0,14.0,0.0,10.0,15.0,2.0,41.0,8.0,55.0,25.0,11.1,5.9,6.0,3.9899999999999998,0.0,0.0,0.0
E02000464,Havering 001,Dagnam Park & Noak Hill,E09000016,Havering,E14001292,Hornchurch and Upminster,2873.0,756.0,970.0,15.0,799.0,331.0,2.0,7676.0,7128.0,10.0,510.0,28.0,646.0,931.0,1054.0,206.0,36.0,5863.0,60.08,11.52,27.81,7.14,8.42,22.49,1.66281765039,0.0,1a,3080.0,30.0,130.0,380.0,60.0,470.0,2310.0,15.26,315000,402000,405000,412500,405000,230000.0,,28.57,11.0,6.0,8.0,0.0,161.0,1.0,0.0,6.0,7.0,143.0,162.0,3.6,52.6,4.0,4.78,0.0,0.0,0.0
E02000493,Havering 030,Rainham West,E09000016,Havering,E14001189,Dagenham and Rainham,2497.0,668.0,843.0,23.0,352.0,609.0,2.0,6644.0,6107.0,9.0,491.0,37.0,632.0,754.0,873.0,199.0,39.0,5010.0,60.51,24.39,14.1,8.08,9.53,25.31,3.89602996333,3.43307577038,1b,2680.0,250.0,90.0,120.0,50.0,650.0,2020.0,24.25,306500,420000,382000,385000,408000,215000.0,,33.12,81.0,81.0,16.0,6.0,4.0,1.0,4.0,64.0,16.0,75.0,5.0,30.2,1.9,1.0,0.75,0.0,0.0,0.0
E02000492,Havering 029,Rainham East & Wennington,E09000016,Havering,E14001189,Dagenham and Rainham,2625.0,1244.0,952.0,10.0,128.0,287.0,4.0,6765.0,6295.0,13.0,431.0,26.0,1115.0,885.0,520.0,78.0,24.0,5459.0,83.66,10.93,4.88,6.95,3.89,42.48,0.708215031788,0.0,1a,2770.0,80.0,80.0,220.0,100.0,200.0,2550.0,7.22,360000,455000,428000,430000,460000,,,27.78,85.0,82.0,29.0,4.0,9.0,52.0,2.0,32.0,437.0,95.0,61.0,30.7,22.0,2.0,0.33,0.0,0.0,0.0
E02000483,Havering 020,Hornchurch,E09000016,Havering,E14001292,Hornchurch and Upminster,3473.0,1272.0,1011.0,6.0,470.0,712.0,2.0,7923.0,7187.0,17.0,674.0,45.0,1025.0,1170.0,1111.0,152.0,15.0,6494.0,65.74,20.5,13.53,9.29,4.81,29.51,9.56345432284,9.18939617753,2,3890.0,130.0,150.0,290.0,250.0,1800.0,2070.0,46.27,395000,415000,415000,416250,475000,275000.0,,20.25,214.0,209.0,16.0,0.0,26.0,61.0,11.0,62.0,26.0,257.0,87.0,55.0,22.4,5.0,1.76,0.0,0.0,0.0
E02000491,Havering 028,Hornchurch Marshes,E09000016,Havering,E14001189,Dagenham and Rainham,3931.0,1018.0,1320.0,102.0,936.0,550.0,5.0,10509.0,9256.0,9.0,1184.0,60.0,999.0,1243.0,1337.0,318.0,37.0,7951.0,59.48,13.99,23.81,11.92,9.03,25.41,3.21424651209,2.88636838061,1b,5460.0,90.0,210.0,2140.0,1620.0,2460.0,2990.0,45.05,335000,325000,370000,412500,400000,248000.0,,19.4,495.0,489.0,25.0,83.0,66.0,22.0,220.0,27.0,59.0,263.0,88.0,90.7,16.1,17.0,36.019999999999996,0.0,0.0,0.0
E02000513,Hillingdon 020,Yeading North,E09000017,Hillingdon,E14001276,Hayes and Harlington,3320.0,535.0,870.0,42.0,959.0,910.0,4.0,9605.0,8822.0,10.0,685.0,88.0,362.0,818.0,1460.0,555.0,127.0,6908.0,42.32,27.41,28.89,8.15,20.54,10.9,4.5937982326,4.34146430667,1b,3440.0,20.0,50.0,130.0,60.0,1700.0,1740.0,49.42,355000,397000,347500,342500,345000,291000.0,,-2.82,59.0,58.0,13.0,34.0,0.0,0.0,112.0,16.0,9.0,119.0,0.0,17.2,0.0,3.0,1.862,0.0,0.0,0.0
E02000515,Hillingdon 022,Yiewsley West,E09000017,Hillingdon,E14001558,Uxbridge and South Ruislip,5345.0,887.0,1326.0,148.0,1144.0,1831.0,9.0,13046.0,11088.0,190.0,1536.0,232.0,724.0,1239.0,2618.0,654.0,110.0,10177.0,41.4,34.26,21.4,15.01,14.29,13.55,3.53254574563,2.94959442629,1b,5940.0,250.0,360.0,1370.0,680.0,3430.0,2450.0,57.74,322500,295000,375000,366000,377500,238000.0,,17.05,818.0,808.0,35.0,182.0,115.0,15.0,178.0,50.0,634.0,465.0,130.0,137.7,21.9,20.0,18.869,0.0,0.0,0.0
E02000487,Havering 024,Upminster South & Corbets Tey,E09000016,Havering,E14001292,Hornchurch and Upminster,2944.0,1603.0,1137.0,5.0,39.0,160.0,0.0,7865.0,7352.0,17.0,475.0,21.0,1700.0,895.0,305.0,42.0,3.0,6411.0,93.07,5.43,1.32,6.52,1.53,57.74,0.88206579325,0.0,1a,3070.0,250.0,10.0,30.0,30.0,70.0,2990.0,2.28,610000,730000,662675,740000,744000,,,21.97,21.0,21.0,7.0,0.0,4.0,4.0,1.0,23.0,3.0,25.0,8.0,6.8,2.6,0.0,0.0,0.0,0.0,0.0
E02000512,Hillingdon 019,Hillingdon Heath,E09000017,Hillingdon,E14001558,Uxbridge and South Ruislip,3106.0,607.0,828.0,35.0,804.0,828.0,4.0,8686.0,7857.0,28.0,700.0,101.0,509.0,898.0,1229.0,383.0,87.0,6579.0,46.2,26.66,25.89,9.54,15.13,16.39,5.28665463789,5.40426600103,2,3200.0,170.0,260.0,110.0,40.0,890.0,2310.0,27.81,390000,400000,450000,415000,400000,250000.0,,2.56,65.0,54.0,29.0,0.0,23.0,9.0,11.0,56.0,5.0,86.0,32.0,20.3,10.0,7.0,0.6160000000000001,0.0,0.0,0.0
E02000510,Hillingdon 017,Hillingdon South,E09000017,Hillingdon,E14001558,Uxbridge and South Ruislip,3260.0,1011.0,1072.0,14.0,410.0,750.0,3.0,9027.0,8163.0,60.0,715.0,89.0,1036.0,967.0,995.0,229.0,34.0,7102.0,63.9,23.01,12.58,9.57,8.07,31.78,5.97239308993,6.12138363327,2,3420.0,90.0,370.0,100.0,30.0,650.0,2770.0,19.01,420000,525000,510000,517500,532500,,,26.79,54.0,50.0,28.0,0.0,3.0,340.0,14.0,22.0,5.0,57.0,343.0,15.8,100.3,5.0,0.528,0.0,0.0,0.0
E02000508,Hillingdon 015,Uxbridge Central & Brunel,E09000017,Hillingdon,E14001558,Uxbridge and South Ruislip,4340.0,772.0,1262.0,98.0,733.0,1471.0,4.0,11786.0,8808.0,194.0,2244.0,540.0,846.0,1191.0,1917.0,329.0,57.0,9565.0,46.87,33.89,16.89,25.27,8.89,19.49,10.3779894909,9.07270153943,3,5100.0,390.0,450.0,1450.0,720.0,2780.0,2310.0,54.51,450000,390000,395000,410000,355000,306000.0,,-21.11,980.0,940.0,35.0,166.0,1740.0,64.0,184.0,46.0,675.0,841.0,1804.0,192.2,353.7,16.0,56.64900000000001,0.0,0.0,0.0
E02000501,Hillingdon 008,Ruislip Manor,E09000017,Hillingdon,E14001454,"Ruislip, Northwood and Pinner",3274.0,1211.0,1303.0,12.0,239.0,506.0,3.0,8392.0,7709.0,19.0,595.0,69.0,1137.0,1202.0,798.0,116.0,20.0,6631.0,76.79,15.46,7.3,8.14,4.15,34.73,5.37789048762,6.12553743577,2,3400.0,10.0,30.0,120.0,30.0,580.0,2820.0,17.06,481250,575000,558750,610000,650000,304500.0,,35.06,76.0,71.0,16.0,0.0,2.0,14.0,0.0,22.0,2.0,45.0,16.0,22.4,4.7,3.0,0.31,0.0,0.0,0.0
E02000499,Hillingdon 006,Eastcote,E09000017,Hillingdon,E14001454,"Ruislip, Northwood and Pinner",3014.0,1338.0,1068.0,10.0,171.0,427.0,0.0,7658.0,7100.0,19.0,500.0,39.0,1289.0,998.0,610.0,99.0,18.0,6198.0,79.83,14.17,5.67,7.29,3.88,42.77,6.25877831983,7.21590239564,2,3230.0,30.0,10.0,90.0,80.0,730.0,2500.0,22.6,615000,640000,673000,675000,690000,385000.0,,12.2,145.0,145.0,18.0,0.0,2.0,5.0,3.0,1.0,0.0,92.0,7.0,44.9,2.2,9.0,1.496,0.0,0.0,0.0
E02000503,Hillingdon 010,Ruislip Gardens,E09000017,Hillingdon,E14001558,Uxbridge and South Ruislip,3255.0,1184.0,1371.0,22.0,113.0,563.0,2.0,8567.0,7806.0,29.0,665.0,67.0,997.0,1318.0,795.0,125.0,19.0,6781.0,78.49,17.3,3.47,8.88,4.42,30.63,5.85081348792,6.61397937648,2,3330.0,0.0,210.0,30.0,10.0,260.0,3060.0,7.81,476000,550000,525000,550000,550000,,,15.55,14.0,9.0,12.0,0.0,4.0,0.0,1.0,11.0,2.0,12.0,4.0,4.2,1.2,0.0,0.0,0.0,0.0,0.0
E02000514,Hillingdon 021,Yeading West,E09000017,Hillingdon,E14001276,Hayes and Harlington,3180.0,856.0,956.0,26.0,237.0,1104.0,1.0,10530.0,9561.0,17.0,793.0,159.0,616.0,922.0,1086.0,431.0,125.0,7940.0,56.98,34.72,7.45,9.2,17.48,19.37,6.31035486325,5.78083950605,2,3330.0,10.0,60.0,80.0,30.0,560.0,2740.0,16.82,390000,465000,475000,512500,467500,,,19.87,39.0,39.0,20.0,2.0,30.0,3.0,3.0,65.0,3.0,66.0,33.0,11.7,9.9,3.0,0.383,0.0,0.0,0.0
E02000523,Hillingdon 030,Hayes South,E09000017,Hillingdon,E14001276,Hayes and Harlington,3683.0,746.0,927.0,87.0,415.0,1497.0,11.0,11222.0,9855.0,18.0,1102.0,247.0,647.0,890.0,1482.0,512.0,152.0,8775.0,45.42,40.65,11.27,12.18,18.03,17.57,10.3886849735,7.46283203254,3,4670.0,200.0,270.0,1630.0,970.0,2250.0,2360.0,48.18,368975,429370,351000,450000,451120,372400.0,427140.0,22.26,291.0,290.0,26.0,40.0,3235.0,210.0,268.0,46.0,9.0,3878.0,3445.0,62.3,737.7,9.0,31.458,0.0,0.0,0.0
E02000517,Hillingdon 024,Hayes End,E09000017,Hillingdon,E14001276,Hayes and Harlington,3320.0,588.0,945.0,38.0,831.0,916.0,2.0,10339.0,9358.0,21.0,859.0,101.0,562.0,865.0,1306.0,475.0,113.0,7621.0,46.17,27.59,25.03,9.49,17.71,16.93,5.2271072452,5.01995198775,2,3500.0,270.0,160.0,430.0,50.0,1050.0,2430.0,30.0,348500,460000,390000,460000,400000,312500.0,,14.78,70.0,63.0,34.0,0.0,10.0,8.0,0.0,38.0,0.0,73.0,18.0,20.0,5.1,4.0,0.433,0.0,0.0,0.0
E02000520,Hillingdon 027,Hayes Town & Lake Farm,E09000017,Hillingdon,E14001276,Hayes and Harlington,4455.0,720.0,1067.0,96.0,942.0,1619.0,11.0,13874.0,12326.0,31.0,1261.0,256.0,700.0,1028.0,1799.0,694.0,234.0,10414.0,40.11,36.34,21.14,11.16,20.83,15.71,6.04824758146,4.39390907104,2,5370.0,140.0,200.0,1670.0,750.0,2660.0,2670.0,49.53,380000,426000,370000,320000,520000,299950.0,,36.84,1422.0,998.0,48.0,332.0,944.0,43.0,7.0,83.0,266.0,1700.0,987.0,264.8,183.8,15.0,17.263,0.0,0.0,0.0
E02000519,Hillingdon 026,Hayes Town North,E09000017,Hillingdon,E14001276,Hayes and Harlington,3024.0,508.0,706.0,49.0,1019.0,723.0,19.0,9462.0,8711.0,14.0,641.0,96.0,460.0,700.0,1261.0,447.0,154.0,7048.0,40.15,23.91,33.7,7.94,19.87,15.21,7.3029386074,7.5003903826,2,3110.0,20.0,110.0,150.0,20.0,950.0,2150.0,30.55,405000,450000,457500,362526,340000,,,-16.05,16.0,16.0,14.0,1.0,121.0,8.0,0.0,14.0,132.0,119.0,129.0,5.1,41.5,2.0,0.312,0.0,0.0,0.0
E02000495,Hillingdon 002,Northwood,E09000017,Hillingdon,E14001454,"Ruislip, Northwood and Pinner",4304.0,1238.0,1069.0,18.0,571.0,1408.0,0.0,10293.0,9234.0,34.0,886.0,139.0,1063.0,1331.0,1558.0,303.0,51.0,8163.0,53.6,32.71,13.27,10.29,8.22,24.7,7.75138735124,9.66399488016,2,4640.0,870.0,120.0,240.0,70.0,2230.0,2410.0,48.06,485000,625000,530000,567500,525000,325000.0,,8.25,104.0,60.0,37.0,6.0,83.0,56.0,19.0,76.0,12.0,232.0,139.0,22.4,30.0,7.0,1.87,0.0,0.0,0.0
E02000497,Hillingdon 004,Northwood Hills,E09000017,Hillingdon,E14001454,"Ruislip, Northwood and Pinner",3695.0,1172.0,1223.0,39.0,700.0,558.0,3.0,9438.0,8658.0,23.0,662.0,95.0,1146.0,1230.0,1070.0,201.0,46.0,7414.0,64.82,15.1,18.94,8.26,6.68,31.01,3.03624222831,2.28811456404,1b,3860.0,80.0,190.0,430.0,20.0,1110.0,2730.0,28.76,499950,580500,580000,562500,560000,360000.0,,12.01,25.0,21.0,13.0,0.0,13.0,7.0,7.0,23.0,3.0,45.0,20.0,6.5,5.2,3.0,0.266,0.0,0.0,0.0
E02000525,Hillingdon 032,Harlington & Cranford Cross,E09000017,Hillingdon,E14001276,Hayes and Harlington,3318.0,609.0,737.0,22.0,537.0,1396.0,17.0,9917.0,8747.0,16.0,993.0,161.0,431.0,709.0,1344.0,636.0,199.0,7446.0,40.57,42.07,16.18,11.8,25.17,12.99,5.33622417595,4.75188815493,2,3510.0,100.0,130.0,160.0,40.0,1520.0,1960.0,43.3,350000,370000,319950,382500,417500,308000.0,,19.29,91.0,90.0,12.0,2.0,7.0,8.0,0.0,72.0,77.0,19.0,15.0,25.9,4.3,7.0,0.791,0.0,0.0,0.0
E02000521,Hillingdon 028,West Drayton East,E09000017,Hillingdon,E14001276,Hayes and Harlington,4352.0,658.0,1220.0,129.0,1156.0,1184.0,5.0,13013.0,11683.0,38.0,1091.0,201.0,673.0,1196.0,1833.0,517.0,132.0,9689.0,43.15,27.21,26.56,10.22,14.91,15.46,3.19805577847,3.13909073678,1b,4610.0,0.0,370.0,1180.0,10.0,1640.0,2950.0,35.57,357998,365000,360000,415000,395000,260000.0,,10.34,18.0,15.0,20.0,0.0,6.0,9.0,1.0,12.0,1.0,28.0,15.0,3.9,3.3,0.0,0.0,0.0,0.0,0.0
E02000502,Hillingdon 009,West Ruislip South,E09000017,Hillingdon,E14001558,Uxbridge and South Ruislip,3534.0,1114.0,1233.0,52.0,193.0,940.0,2.0,8781.0,7921.0,22.0,787.0,51.0,937.0,1364.0,1035.0,170.0,24.0,6854.0,66.41,26.6,5.46,9.79,5.49,26.51,3.7850443727,3.14248900558,1b,3720.0,20.0,30.0,520.0,10.0,1340.0,2370.0,36.02,420000,485000,452500,500000,435000,287000.0,,3.57,10.0,5.0,8.0,0.0,0.0,0.0,0.0,99.0,144.0,8.0,0.0,2.7,0.0,1.0,8.59,0.0,0.0,0.0
E02006796,Hillingdon 033,South Ruislip,E09000017,Hillingdon,E14001558,Uxbridge and South Ruislip,3579.0,1025.0,1274.0,37.0,334.0,902.0,7.0,9557.0,8593.0,22.0,845.0,97.0,834.0,1218.0,1206.0,277.0,44.0,7502.0,64.24,25.2,9.33,10.09,8.97,23.3,3.20765826416,2.47756880957,1b,3910.0,0.0,90.0,470.0,210.0,1510.0,2390.0,38.62,415000,475250,445000,525000,405000,343000.0,,-2.41,190.0,186.0,27.0,33.0,5.0,5.0,30.0,25.0,118.0,167.0,10.0,48.6,2.6,10.0,3.016,0.0,0.0,0.0
E02000500,Hillingdon 007,Ruislip,E09000017,Hillingdon,E14001454,"Ruislip, Northwood and Pinner",3306.0,1322.0,1035.0,35.0,195.0,719.0,0.0,8213.0,7374.0,27.0,710.0,102.0,1421.0,992.0,766.0,110.0,18.0,6744.0,71.29,21.75,5.9,10.22,3.87,42.98,5.62906493266,2.83310642734,2,3510.0,160.0,320.0,290.0,80.0,1140.0,2380.0,32.48,658500,668000,720000,811500,650000,331000.0,,-1.29,119.0,105.0,37.0,0.0,22.0,30.0,5.0,81.0,24.0,107.0,52.0,33.9,14.8,8.0,1.055,0.0,0.0,0.0
E02000494,Hillingdon 001,Ducks Hill,E09000017,Hillingdon,E14001454,"Ruislip, Northwood and Pinner",3219.0,1161.0,1002.0,8.0,426.0,622.0,0.0,7888.0,7084.0,25.0,676.0,103.0,1473.0,820.0,812.0,99.0,15.0,6416.0,67.19,19.32,13.23,10.19,3.54,45.76,2.37863997336,1.50819876354,1a,3460.0,150.0,230.0,210.0,80.0,1160.0,2280.0,33.53,823000,852500,922500,835000,680000,490000.0,,-17.38,58.0,56.0,49.0,3.0,21.0,5.0,3.0,8.0,0.0,76.0,26.0,16.8,7.5,10.0,2.222,0.0,0.0,0.0
E02000524,Hillingdon 031,"Heathrow, Hardmonsworth & Sipson",E09000017,Hillingdon,E14001276,Hayes and Harlington,2639.0,601.0,523.0,14.0,362.0,1136.0,3.0,7432.0,6454.0,20.0,788.0,170.0,511.0,656.0,1054.0,313.0,106.0,5921.0,42.59,43.05,13.72,13.16,15.88,19.36,3.89443736054,2.19524329012,1b,2940.0,150.0,210.0,160.0,70.0,990.0,1810.0,33.67,255375,295000,382500,450000,300000,227500.0,,17.47,104.0,101.0,18.0,1.0,10.0,13.0,3.0,32.0,3.0,112.0,23.0,35.4,7.8,7.0,2.05,0.0,0.0,0.0
E02000496,Hillingdon 003,Harefield,E09000017,Hillingdon,E14001454,"Ruislip, Northwood and Pinner",3176.0,1049.0,1040.0,20.0,637.0,428.0,2.0,7727.0,7088.0,15.0,567.0,57.0,903.0,1042.0,1018.0,188.0,25.0,6180.0,65.77,13.48,20.06,8.27,6.71,28.43,0.630083774736,0.0,1a,3290.0,340.0,190.0,130.0,10.0,810.0,2450.0,24.62,378750,437000,440000,420000,495000,320000.0,,30.69,27.0,25.0,16.0,8.0,33.0,153.0,133.0,7.0,74.0,316.0,186.0,8.2,56.5,2.0,0.9,0.0,0.0,0.0
E02000522,Hillingdon 029,West Drayton West,E09000017,Hillingdon,E14001276,Hayes and Harlington,3490.0,745.0,934.0,47.0,867.0,894.0,3.0,9439.0,8478.0,22.0,816.0,123.0,791.0,933.0,1305.0,379.0,81.0,7166.0,48.11,25.62,24.84,10.18,13.18,22.66,5.50855280283,4.64261839219,2,3700.0,280.0,260.0,260.0,60.0,1530.0,2170.0,41.35,410000,440000,410000,460000,467500,273000.0,,14.02,60.0,57.0,28.0,16.0,4.0,14.0,1.0,50.0,0.0,34.0,18.0,16.2,4.9,2.0,0.796,0.0,0.0,0.0
E02000511,Hillingdon 018,Charville,E09000017,Hillingdon,E14001276,Hayes and Harlington,3262.0,990.0,1206.0,68.0,267.0,730.0,1.0,9805.0,9044.0,20.0,663.0,78.0,860.0,949.0,1106.0,280.0,67.0,7521.0,67.32,22.38,8.19,7.76,10.64,26.36,3.8012942149,4.00300924905,1b,3450.0,20.0,100.0,170.0,90.0,790.0,2640.0,22.9,420000,500000,497500,535000,510000,285000.0,,21.43,159.0,87.0,21.0,0.0,2.0,128.0,3.0,19.0,53.0,289.0,130.0,46.1,37.7,3.0,1.047,0.0,0.0,0.0
E02000507,Hillingdon 014,Hillingdon North East,E09000017,Hillingdon,E14001558,Uxbridge and South Ruislip,2785.0,866.0,1157.0,17.0,262.0,483.0,0.0,8143.0,7505.0,25.0,555.0,58.0,908.0,942.0,711.0,186.0,37.0,6176.0,72.64,17.34,9.41,7.83,8.01,32.6,2.39230894955,2.09312827081,1a,2900.0,0.0,20.0,50.0,0.0,350.0,2540.0,12.07,410000,519975,498750,505000,515000,345000.0,,25.61,21.0,17.0,17.0,0.0,2.0,2.0,2.0,16.0,0.0,24.0,4.0,7.2,1.4,2.0,3.73,0.0,0.0,0.0
E02000504,Hillingdon 011,Ickenham,E09000017,Hillingdon,E14001558,Uxbridge and South Ruislip,2922.0,1287.0,1098.0,9.0,112.0,414.0,2.0,7568.0,6925.0,17.0,537.0,89.0,1367.0,962.0,524.0,57.0,11.0,5992.0,81.62,14.17,3.83,8.5,2.33,46.78,3.78237783606,2.24066028118,1b,3080.0,20.0,40.0,90.0,30.0,420.0,2660.0,13.64,590000,695000,683500,660000,735000,366500.0,,24.58,34.0,33.0,18.0,0.0,7.0,1.0,2.0,36.0,0.0,34.0,8.0,11.0,2.6,7.0,0.703,0.0,0.0,0.0
E02000506,Hillingdon 013,Uxbridge Common & Swakeleys,E09000017,Hillingdon,E14001558,Uxbridge and South Ruislip,2899.0,1287.0,1041.0,5.0,175.0,391.0,0.0,7907.0,7242.0,24.0,592.0,49.0,1520.0,712.0,572.0,81.0,13.0,6402.0,80.3,13.49,6.04,8.41,3.24,52.43,3.12811567992,2.29151313731,1b,3150.0,100.0,150.0,300.0,130.0,660.0,2480.0,20.95,690000,802500,790000,755000,840000,317500.0,,21.74,163.0,152.0,50.0,3.0,9.0,17.0,11.0,59.0,11.0,124.0,26.0,51.7,8.3,11.0,3.975,0.0,0.0,0.0
E02000547,Hounslow 022,North Feltham & Hatton,E09000018,Hounslow,E14001236,Feltham and Heston,3852.0,844.0,1076.0,31.0,920.0,944.0,37.0,10798.0,9736.0,11.0,911.0,140.0,650.0,1052.0,1578.0,420.0,152.0,8376.0,49.84,24.51,23.88,9.84,14.85,16.87,6.47307966487,4.92517457308,2,4050.0,340.0,60.0,360.0,310.0,1640.0,2380.0,40.49,355750,426262,450000,421000,418000,310000.0,,17.5,256.0,250.0,21.0,226.0,9.0,5.0,122.0,11.0,2.0,255.0,14.0,63.2,3.5,6.0,3.46,169.0,169.0,9.0
E02000548,Hounslow 023,Bedfont,E09000018,Hounslow,E14001236,Feltham and Heston,3726.0,549.0,884.0,269.0,1237.0,777.0,10.0,10452.0,9444.0,16.0,806.0,186.0,561.0,885.0,1671.0,465.0,145.0,7876.0,38.46,20.85,33.2,9.64,16.37,15.06,2.49786398746,2.16925837808,1a,3880.0,100.0,570.0,330.0,140.0,1580.0,2310.0,40.72,270000,381500,430000,410000,450000,257000.0,,66.67,138.0,112.0,21.0,135.0,6.0,67.0,15.0,10.0,15.0,171.0,73.0,35.6,18.8,10.0,3.34,46.0,47.0,9.0
E02000531,Hounslow 006,Brentford Central,E09000018,Hounslow,E14001124,Brentford and Isleworth,4936.0,950.0,1299.0,204.0,1059.0,1412.0,12.0,11428.0,10012.0,45.0,1205.0,166.0,951.0,1388.0,2194.0,345.0,58.0,9190.0,45.56,28.61,21.45,12.39,8.16,19.27,7.8492369564,9.44794353999,2,5930.0,1490.0,820.0,1370.0,520.0,3700.0,2210.0,62.39,500000,547750,544100,540000,615000,370000.0,780000.0,23.0,453.0,355.0,46.0,126.0,1699.0,422.0,172.0,65.0,135.0,2621.0,2121.0,76.4,357.7,20.0,7.14,1821.0,1821.0,19.0
E02006973,Hounslow 031,Brentford East,E09000018,Hounslow,E14001124,Brentford and Isleworth,3726.0,537.0,720.0,122.0,1259.0,1067.0,21.0,8392.0,7382.0,19.0,815.0,176.0,349.0,1002.0,1880.0,426.0,67.0,6657.0,33.74,28.64,33.79,12.04,13.23,9.37,10.245121789,10.613966293,3,4060.0,220.0,860.0,850.0,100.0,3300.0,710.0,81.28,415000,416500,395000,410000,386500,369000.0,444500.0,-6.87,15.0,8.0,10.0,8.0,437.0,126.0,9.0,3.0,119.0,583.0,563.0,3.7,138.7,8.0,6.569999999999999,941.0,941.0,7.0
E02000518,Hillingdon 025,Yiewsley East,E09000017,Hillingdon,E14001558,Uxbridge and South Ruislip,3330.0,649.0,895.0,39.0,1031.0,710.0,6.0,9467.0,8680.0,44.0,680.0,63.0,664.0,946.0,1343.0,299.0,77.0,7063.0,46.37,21.32,30.96,8.31,11.29,19.94,4.77635870609,4.63296163428,1b,3410.0,250.0,80.0,140.0,120.0,830.0,2560.0,24.34,390000,465000,425000,465000,483500,334500.0,,23.97,67.0,55.0,35.0,4.0,102.0,5.0,2.0,12.0,5.0,146.0,107.0,19.6,31.4,7.0,0.611,0.0,0.0,0.0
E02000516,Hillingdon 023,Yeading Brookside,E09000017,Hillingdon,E14001276,Hayes and Harlington,2818.0,657.0,807.0,54.0,537.0,760.0,3.0,8546.0,7880.0,10.0,551.0,105.0,469.0,777.0,1095.0,362.0,113.0,6468.0,51.95,26.97,19.06,7.79,16.86,16.64,2.55978058166,2.33631910301,1b,2930.0,10.0,130.0,20.0,20.0,530.0,2360.0,18.09,384250,425000,480000,435000,507500,,,32.08,19.0,18.0,8.0,10.0,13.0,0.0,1.0,20.0,6.0,19.0,13.0,6.5,4.4,3.0,2.693,0.0,0.0,0.0
E02000509,Hillingdon 016,Uxbridge West,E09000017,Hillingdon,E14001558,Uxbridge and South Ruislip,3402.0,661.0,725.0,66.0,813.0,1127.0,10.0,10450.0,7322.0,704.0,1967.0,457.0,590.0,833.0,1544.0,358.0,77.0,8673.0,40.74,33.13,23.9,29.93,12.79,17.34,6.98124264612,4.07159077841,2,4380.0,1010.0,650.0,640.0,460.0,2510.0,1860.0,57.31,309498,405250,385000,410000,445000,265000.0,,43.78,634.0,540.0,39.0,33.0,78.0,212.0,50.0,42.0,18.0,693.0,290.0,144.7,66.2,16.0,15.455,0.0,0.0,0.0
E02006972,Hounslow 030,Kew Bridge & Gunnersbury Park,E09000018,Hounslow,E14001124,Brentford and Isleworth,2334.0,292.0,384.0,87.0,853.0,712.0,6.0,5328.0,4401.0,22.0,739.0,166.0,236.0,655.0,1125.0,263.0,55.0,4193.0,28.96,30.51,36.55,17.4,13.62,10.11,6.38508854091,4.42442977031,2,3640.0,80.0,380.0,1970.0,1170.0,3140.0,480.0,86.26,501500,577500,597500,590000,475000,460750.0,462000.0,-5.28,2035.0,1173.0,18.0,503.0,518.0,1195.0,426.0,178.0,0.0,2405.0,1713.0,559.1,470.6,8.0,14.559999999999999,2429.0,2429.0,0.0
E02000526,Hounslow 001,Chiswick North East,E09000018,Hounslow,E14001264,Hammersmith and Chiswick,3617.0,978.0,903.0,48.0,407.0,1280.0,1.0,8549.0,7195.0,50.0,1096.0,208.0,1326.0,1002.0,1133.0,137.0,21.0,6966.0,52.0,35.39,11.25,15.84,4.37,36.66,12.8789994883,13.3918979137,3,3830.0,3050.0,50.0,260.0,20.0,2080.0,1740.0,54.31,940000,1100000,975000,1100000,1161750,626000.0,,23.59,123.0,110.0,30.0,21.0,7.0,33.0,252.0,6.0,105.0,339.0,40.0,32.1,10.4,3.0,0.36,44.0,44.0,16.0
E02000532,Hounslow 007,Chiswick South East,E09000018,Hounslow,E14001264,Hammersmith and Chiswick,3819.0,1079.0,1027.0,15.0,769.0,917.0,12.0,8888.0,7722.0,47.0,935.0,184.0,1349.0,1042.0,1202.0,187.0,38.0,7089.0,55.15,24.01,20.14,13.12,5.89,35.32,5.65411946103,5.84586313227,2,4080.0,1650.0,70.0,100.0,30.0,1980.0,2070.0,48.53,870000,1225000,1100000,995000,1192500,495000.0,,37.07,70.0,59.0,32.0,28.0,1.0,5.0,10.0,6.0,8.0,66.0,6.0,17.2,1.5,2.0,0.16,6.0,6.0,1.0
E02000498,Hillingdon 005,West Ruislip North,E09000017,Hillingdon,E14001454,"Ruislip, Northwood and Pinner",2637.0,943.0,917.0,22.0,424.0,329.0,2.0,6316.0,5848.0,18.0,410.0,40.0,840.0,831.0,829.0,119.0,19.0,5035.0,70.53,12.48,16.08,7.41,5.23,31.85,2.07968874618,1.83835838353,1a,2750.0,70.0,40.0,100.0,10.0,690.0,2060.0,25.09,515000,540000,575000,580000,593500,302500.0,,15.24,19.0,17.0,10.0,2.0,0.0,0.0,0.0,0.0,0.0,15.0,0.0,6.9,0.0,0.0,0.0,0.0,0.0,0.0
E02000549,Hounslow 024,Feltham East,E09000018,Hounslow,E14001236,Feltham and Heston,4078.0,1033.0,1302.0,50.0,738.0,946.0,9.0,12418.0,11101.0,25.0,1095.0,197.0,902.0,1197.0,1406.0,448.0,130.0,9753.0,57.26,23.2,18.1,10.61,14.17,22.12,7.27888980131,6.43144761071,2,4780.0,460.0,50.0,740.0,610.0,1640.0,3100.0,34.31,385000,400000,455000,445026,472500,255000.0,,22.73,709.0,703.0,29.0,381.0,50.0,17.0,4.0,18.0,15.0,532.0,67.0,148.3,14.0,10.0,2.24,390.0,398.0,4.0
E02000552,Hounslow 027,Lower Feltham,E09000018,Hounslow,E14001236,Feltham and Heston,3360.0,738.0,1176.0,106.0,387.0,947.0,6.0,9147.0,8210.0,17.0,840.0,80.0,566.0,977.0,1371.0,377.0,68.0,6948.0,56.96,28.18,11.52,10.24,13.24,16.85,2.60995595801,2.01935261197,1b,3520.0,60.0,370.0,240.0,60.0,1270.0,2200.0,36.08,327000,384500,401250,400000,418750,235000.0,,28.06,38.0,34.0,13.0,21.0,7.0,16.0,2.0,4.0,3.0,35.0,23.0,10.8,6.5,3.0,0.36000000000000004,21.0,23.0,0.0
E02000550,Hounslow 025,Feltham Central,E09000018,Hounslow,E14001236,Feltham and Heston,3718.0,494.0,943.0,128.0,1226.0,922.0,5.0,10599.0,9522.0,11.0,853.0,213.0,500.0,907.0,1680.0,513.0,120.0,7949.0,38.65,24.8,32.97,10.16,17.03,13.45,7.0775424371,6.17194568261,2,3990.0,20.0,940.0,180.0,110.0,1680.0,2300.0,42.11,323500,385500,382000,401500,410000,271000.0,,26.74,145.0,144.0,12.0,88.0,0.0,2.0,5.0,1.0,11.0,143.0,2.0,36.3,0.5,4.0,1.83,162.0,162.0,0.0
E02000553,Hounslow 028,Hanworth South,E09000018,Hounslow,E14001236,Feltham and Heston,2599.0,691.0,861.0,52.0,550.0,439.0,6.0,7025.0,6499.0,9.0,457.0,60.0,623.0,775.0,920.0,223.0,61.0,5359.0,59.72,16.89,21.16,7.49,10.93,23.97,3.14165418192,2.97964439481,1b,2740.0,200.0,80.0,90.0,40.0,780.0,1950.0,28.47,367500,450000,415000,425000,432500,345000.0,,17.69,58.0,45.0,20.0,33.0,27.0,4.0,7.0,9.0,3.0,88.0,31.0,21.2,11.3,5.0,0.37,36.0,36.0,0.0
E02000538,Hounslow 013,Cranford,E09000018,Hounslow,E14001236,Feltham and Heston,3004.0,669.0,597.0,38.0,449.0,1243.0,8.0,10012.0,8915.0,20.0,907.0,170.0,681.0,684.0,975.0,451.0,214.0,7919.0,42.14,41.38,14.95,10.96,22.14,22.67,4.49840134085,3.9771369893,1b,3060.0,40.0,30.0,270.0,30.0,870.0,2130.0,28.43,355000,492000,475250,468000,450000,255000.0,,26.76,143.0,136.0,23.0,102.0,174.0,36.0,1.0,18.0,7.0,318.0,210.0,46.7,68.6,4.0,4.3100000000000005,843.0,843.0,0.0
E02000551,Hounslow 026,Hanworth North,E09000018,Hounslow,E14001236,Feltham and Heston,3415.0,500.0,753.0,68.0,1473.0,605.0,16.0,9634.0,8858.0,18.0,689.0,69.0,448.0,785.0,1600.0,460.0,122.0,7181.0,36.69,17.72,43.13,8.05,17.04,13.12,4.71419725245,4.89266071781,1b,3620.0,40.0,10.0,420.0,190.0,1830.0,1770.0,50.55,305000,387500,380000,410000,420000,240000.0,,37.7,252.0,243.0,16.0,118.0,11.0,301.0,50.0,10.0,0.0,373.0,312.0,69.6,86.2,7.0,0.5800000000000001,97.0,97.0,29.0
E02000529,Hounslow 004,Heston North,E09000018,Hounslow,E14001124,Brentford and Isleworth,3037.0,643.0,871.0,52.0,555.0,906.0,10.0,9620.0,8818.0,14.0,699.0,89.0,599.0,747.0,1124.0,438.0,127.0,7307.0,49.85,29.83,18.27,8.34,18.6,19.72,4.16622784692,3.97922392105,1b,3100.0,80.0,50.0,310.0,10.0,1260.0,1810.0,40.65,372500,525000,402500,500000,403500,277500.0,,8.32,27.0,20.0,16.0,0.0,0.0,5.0,1.0,2.0,79.0,17.0,5.0,8.7,1.6,1.0,0.08,9.0,9.0,9.0
E02000541,Hounslow 016,Hounslow Meadows,E09000018,Hounslow,E14001236,Feltham and Heston,3281.0,682.0,468.0,28.0,952.0,1137.0,14.0,10477.0,9371.0,21.0,876.0,209.0,577.0,767.0,1151.0,528.0,258.0,8186.0,35.05,34.65,29.02,10.56,23.96,17.59,10.1152871732,9.79112334938,3,3310.0,200.0,80.0,300.0,180.0,1460.0,1800.0,44.11,417000,495000,545000,510000,481750,,,15.53,259.0,233.0,47.0,178.0,0.0,18.0,10.0,56.0,9.0,95.0,18.0,78.2,5.4,4.0,0.31,155.0,157.0,6.0
E02000540,Hounslow 015,Spring Grove,E09000018,Hounslow,E14001124,Brentford and Isleworth,4487.0,767.0,1024.0,204.0,919.0,1561.0,12.0,11937.0,10204.0,30.0,1472.0,231.0,665.0,1014.0,2061.0,581.0,165.0,9261.0,39.92,34.79,20.48,14.52,16.63,14.82,19.0193009976,15.2726107105,4,5040.0,1100.0,420.0,1260.0,640.0,3150.0,1880.0,62.5,360000,391500,400000,420000,396250,289500.0,,10.07,1332.0,1316.0,46.0,455.0,129.0,50.0,30.0,316.0,1.0,894.0,179.0,264.3,35.5,11.0,2.16,203.0,203.0,73.0
E02000544,Hounslow 019,Hounslow East,E09000018,Hounslow,E14001124,Brentford and Isleworth,2923.0,1007.0,982.0,22.0,142.0,765.0,5.0,8479.0,7728.0,26.0,624.0,101.0,1057.0,870.0,745.0,202.0,48.0,6789.0,68.05,26.17,4.86,8.86,8.55,36.16,4.67453466246,4.45298374295,1b,2900.0,90.0,30.0,20.0,0.0,380.0,2500.0,13.1,485000,562500,538000,535000,560000,,,15.46,13.0,8.0,16.0,0.0,1.0,5.0,3.0,5.0,0.0,18.0,6.0,4.5,2.1,2.0,0.18,13.0,11.0,6.0
E02000537,Hounslow 012,Osterley & Lampton East,E09000018,Hounslow,E14001124,Brentford and Isleworth,3158.0,909.0,743.0,8.0,86.0,1408.0,4.0,9740.0,8327.0,29.0,1048.0,336.0,995.0,756.0,924.0,314.0,169.0,7961.0,52.31,44.59,2.72,14.51,15.29,31.51,9.67221968846,8.77416984774,2,3090.0,410.0,40.0,120.0,20.0,860.0,2220.0,27.83,465000,570000,522500,539500,500000,305000.0,,7.53,55.0,38.0,34.0,0.0,10.0,59.0,4.0,10.0,1.0,109.0,69.0,17.8,22.3,2.0,0.15,11.0,11.0,0.0
E02000543,Hounslow 018,Hounslow High Street,E09000018,Hounslow,E14001124,Brentford and Isleworth,4894.0,759.0,801.0,113.0,648.0,2564.0,9.0,13744.0,11395.0,25.0,1894.0,430.0,659.0,919.0,2144.0,918.0,252.0,10585.0,31.88,52.39,13.24,17.09,23.91,13.47,20.6850702611,21.5733875032,5,5780.0,1770.0,980.0,1380.0,980.0,3880.0,1860.0,67.13,295000,438000,326000,410500,337500,295000.0,,14.41,324.0,285.0,54.0,44.0,32.0,118.0,185.0,68.0,102.0,420.0,150.0,56.1,26.0,14.0,1.41,206.0,206.0,7.0
E02000546,Hounslow 021,Hounslow Heath,E09000018,Hounslow,E14001124,Brentford and Isleworth,3157.0,727.0,744.0,54.0,486.0,1144.0,2.0,10321.0,9276.0,14.0,870.0,161.0,551.0,747.0,1217.0,478.0,166.0,7899.0,46.59,36.24,15.39,10.12,20.4,17.45,4.14016641617,4.3809830554,1b,3210.0,450.0,280.0,160.0,110.0,970.0,2220.0,30.22,351000,407500,517500,456500,410000,279975.0,,16.81,95.0,92.0,18.0,27.0,0.0,8.0,1630.0,1.0,8.0,1658.0,8.0,29.6,2.5,4.0,0.27999999999999997,30.0,30.0,9.0
E02000542,Hounslow 017,Hounslow West,E09000018,Hounslow,E14001236,Feltham and Heston,3952.0,635.0,614.0,116.0,950.0,1623.0,14.0,12116.0,10610.0,32.0,1172.0,302.0,546.0,666.0,1759.0,717.0,264.0,9270.0,31.6,41.07,24.04,12.43,24.82,13.82,17.1141624138,16.9315681875,4,4260.0,780.0,150.0,1070.0,210.0,2560.0,1690.0,60.09,318750,307500,391250,320000,433750,185000.0,,36.08,502.0,492.0,33.0,133.0,360.0,37.0,10.0,10.0,5.0,838.0,397.0,117.8,93.2,13.0,1.8900000000000001,581.0,581.0,10.0
E02000533,Hounslow 008,Chiswick South West,E09000018,Hounslow,E14001264,Hammersmith and Chiswick,3689.0,925.0,1022.0,16.0,643.0,1073.0,10.0,8293.0,7208.0,27.0,945.0,113.0,1115.0,1076.0,1308.0,160.0,29.0,6583.0,52.78,29.09,17.43,13.08,5.12,30.22,6.87571790438,5.66310497517,2,3930.0,1780.0,160.0,90.0,20.0,2280.0,1650.0,58.02,675000,600000,830000,815000,685000,450000.0,,1.48,23.0,18.0,15.0,38.0,14.0,7.0,22.0,9.0,3.0,58.0,21.0,5.9,5.3,4.0,0.27999999999999997,32.0,32.0,0.0
E02000535,Hounslow 010,Heston West,E09000018,Hounslow,E14001236,Feltham and Heston,3006.0,909.0,755.0,27.0,408.0,897.0,10.0,9957.0,9053.0,20.0,674.0,210.0,805.0,712.0,989.0,337.0,159.0,7888.0,55.36,29.84,13.57,9.08,16.5,26.78,5.85625223065,5.54116515855,2,2990.0,20.0,110.0,120.0,10.0,590.0,2360.0,19.73,485000,540000,580000,540000,575000,,,18.56,17.0,12.0,27.0,0.0,11.0,5.0,6.0,10.0,0.0,36.0,16.0,5.7,5.4,3.0,0.13,13.0,13.0,4.0
E02000536,Hounslow 011,Heston Central & Lampton West,E09000018,Hounslow,E14001236,Feltham and Heston,3246.0,839.0,786.0,78.0,523.0,1004.0,16.0,10695.0,9441.0,17.0,929.0,308.0,720.0,786.0,1181.0,389.0,169.0,8374.0,50.06,30.93,16.11,11.73,17.19,22.18,7.20282589701,6.06127415298,2,3560.0,80.0,80.0,520.0,330.0,1290.0,2220.0,36.24,456500,460000,449100,537500,570000,295000.0,,24.86,62.0,59.0,15.0,0.0,1702.0,3.0,14.0,5.0,0.0,1732.0,1705.0,17.4,478.9,6.0,9.73,1740.0,1740.0,14.0
E02000539,Hounslow 014,Syon Green,E09000018,Hounslow,E14001124,Brentford and Isleworth,4737.0,815.0,1400.0,131.0,1085.0,1302.0,4.0,12080.0,10794.0,22.0,1126.0,138.0,756.0,1452.0,1970.0,469.0,87.0,9342.0,46.76,27.49,22.9,10.65,11.74,15.96,9.90849828178,10.4623231596,2,4890.0,970.0,810.0,650.0,80.0,2330.0,2550.0,47.65,401500,467500,450000,454500,430000,325000.0,,7.1,94.0,85.0,18.0,28.0,58.0,35.0,6.0,20.0,114.0,122.0,93.0,19.2,19.0,3.0,0.26,27.0,27.0,3.0
E02000545,Hounslow 020,Isleworth & Ivybridge,E09000018,Hounslow,E14001124,Brentford and Isleworth,3548.0,648.0,943.0,40.0,1180.0,733.0,4.0,9140.0,8168.0,19.0,819.0,134.0,702.0,990.0,1402.0,382.0,72.0,6893.0,44.84,20.66,33.26,10.63,12.8,19.79,5.66172092434,6.19043685856,2,3740.0,510.0,90.0,360.0,50.0,2130.0,1600.0,56.95,565000,595000,535000,525000,525250,305000.0,,-7.04,229.0,219.0,26.0,44.0,158.0,21.0,8.0,111.0,32.0,235.0,179.0,61.2,47.9,9.0,1.55,196.0,196.0,5.0
E02000530,Hounslow 005,North Hyde & North Cranford,E09000018,Hounslow,E14001236,Feltham and Heston,2516.0,355.0,491.0,35.0,1066.0,551.0,18.0,8020.0,7454.0,7.0,478.0,81.0,279.0,512.0,1109.0,461.0,156.0,5793.0,33.62,21.9,42.37,7.06,24.52,11.09,3.55928649555,3.95416251795,1b,2480.0,10.0,30.0,150.0,0.0,1280.0,1140.0,51.61,380000,345000,480000,482500,315000,272500.0,,-17.11,13.0,13.0,13.0,2.0,0.0,0.0,0.0,0.0,1.0,12.0,0.0,5.2,0.0,1.0,0.04,2.0,2.0,2.0
E02006792,Hounslow 029,Chiswick Park,E09000018,Hounslow,E14001264,Hammersmith and Chiswick,4148.0,953.0,837.0,33.0,447.0,1873.0,5.0,8889.0,7199.0,59.0,1417.0,214.0,871.0,1129.0,1919.0,204.0,24.0,7490.0,43.15,45.15,10.78,19.01,5.5,21.0,16.4550409888,16.9745074957,4,4570.0,1940.0,140.0,420.0,200.0,3270.0,1290.0,71.55,600000,665016,590000,699200,610000,494000.0,600000.0,1.67,453.0,372.0,65.0,98.0,3.0,1274.0,56.0,63.0,2.0,1520.0,1277.0,99.1,279.4,6.0,0.61,134.0,134.0,3.0
E02000534,Hounslow 009,Brentford West & Osterley Park,E09000018,Hounslow,E14001124,Brentford and Isleworth,3001.0,833.0,878.0,53.0,200.0,1037.0,0.0,8469.0,7451.0,23.0,843.0,152.0,961.0,794.0,944.0,252.0,51.0,6742.0,57.01,34.56,6.66,12.02,10.1,32.02,2.71091283517,0.0,1b,3240.0,300.0,470.0,170.0,160.0,1530.0,1710.0,47.22,455000,442000,581500,552500,680000,340000.0,,49.45,349.0,337.0,23.0,0.0,478.0,1687.0,7.0,69.0,2.0,2200.0,2165.0,107.7,668.2,1.0,0.11,5.0,5.0,0.0
E02000570,Islington 017,Barnsbury East,E09000019,Islington,E14001306,Islington South and Finsbury,3990.0,738.0,760.0,14.0,1077.0,1397.0,4.0,8192.0,6600.0,66.0,1360.0,166.0,729.0,1116.0,1922.0,190.0,34.0,7036.0,37.54,35.01,26.99,19.43,5.61,18.27,16.7216806793,15.4474603737,4,4500.0,3340.0,200.0,200.0,0.0,3340.0,1130.0,74.22,785000,822500,840000,788500,880000,660000.0,,12.1,40.0,40.0,32.0,1.0,5.0,7.0,9.0,17.0,6.0,45.0,12.0,8.9,2.7,1.0,0.05,6.0,6.0,0.0
E02000576,Islington 023,Old Street & St Luke's,E09000019,Islington,E14001306,Islington South and Finsbury,4949.0,354.0,468.0,129.0,2581.0,1403.0,14.0,10565.0,8214.0,185.0,1728.0,438.0,287.0,1270.0,2897.0,446.0,54.0,8777.0,16.61,28.35,52.15,22.25,10.1,5.8,48.381829115,43.8960152691,6b,6800.0,1110.0,610.0,1980.0,1000.0,6500.0,40.0,95.59,675000,830000,977760,822500,740000,740000.0,,9.63,2066.0,1998.0,17.0,787.0,64.0,15.0,0.0,17.0,233.0,62.0,79.0,303.8,11.6,7.0,4.76,1241.0,1241.0,134.0
E02000572,Islington 019,Barnsbury West,E09000019,Islington,E14001306,Islington South and Finsbury,3523.0,209.0,255.0,46.0,2147.0,854.0,12.0,8510.0,7189.0,167.0,978.0,176.0,312.0,813.0,1929.0,368.0,101.0,6957.0,13.17,24.24,60.94,15.52,13.31,8.86,30.0175586251,26.2754701229,6a,3780.0,500.0,540.0,120.0,0.0,3360.0,340.0,88.89,850850,460000,595000,513500,485000,470000.0,,-43.0,7.0,7.0,2.0,0.0,6.0,552.0,0.0,3.0,176.0,559.0,558.0,1.9,147.6,3.0,7.07,538.0,538.0,532.0
E02000574,Islington 021,Pentonville,E09000019,Islington,E14001306,Islington South and Finsbury,3605.0,445.0,449.0,54.0,1331.0,1318.0,8.0,7760.0,5668.0,173.0,1388.0,531.0,302.0,1085.0,1968.0,209.0,41.0,6934.0,24.8,36.56,36.92,26.96,6.93,8.38,42.7845277932,40.4337448168,6b,5370.0,3030.0,470.0,110.0,20.0,4990.0,310.0,92.92,742500,790000,669789,715000,760000,745000.0,,2.36,35.0,20.0,16.0,0.0,12.0,6.0,0.0,4.0,2.0,27.0,18.0,6.5,3.4,3.0,0.76,71.0,71.0,64.0
E02000568,Islington 015,Caledonian Road,E09000019,Islington,E14001306,Islington South and Finsbury,4669.0,325.0,507.0,140.0,2426.0,1252.0,19.0,11254.0,8770.0,174.0,1922.0,388.0,362.0,1066.0,2728.0,440.0,73.0,9395.0,17.82,26.82,51.96,22.07,10.99,7.75,20.2081687066,21.1042201568,5,5380.0,780.0,930.0,1270.0,270.0,4500.0,840.0,83.64,540000,485000,578000,553050,492500,460000.0,,-8.8,287.0,282.0,16.0,114.0,97.0,9.0,1.0,10.0,4.0,110.0,106.0,53.3,19.7,6.0,9.38,1329.0,1329.0,1206.0
E02000569,Islington 016,Islington North & Canonbury West,E09000019,Islington,E14001306,Islington South and Finsbury,4603.0,536.0,634.0,73.0,2171.0,1176.0,13.0,9817.0,8234.0,66.0,1304.0,213.0,610.0,1239.0,2321.0,395.0,37.0,8052.0,25.42,25.55,47.16,16.13,9.39,13.25,26.0368045553,26.8617583395,6a,5160.0,1510.0,280.0,140.0,40.0,4150.0,940.0,80.43,662250,650000,675000,728060,725000,650000.0,,9.48,59.0,55.0,15.0,29.0,6.0,22.0,6.0,45.0,20.0,45.0,28.0,11.4,5.4,1.0,0.51,41.0,41.0,0.0
E02000567,Islington 014,Canonbury East & Mildmay Park,E09000019,Islington,E14001306,Islington South and Finsbury,4894.0,551.0,871.0,51.0,1970.0,1442.0,9.0,10285.0,8484.0,47.0,1607.0,147.0,514.0,1364.0,2625.0,330.0,62.0,8785.0,29.06,29.46,40.25,17.51,8.01,10.5,19.7255105664,20.7661106902,4,5320.0,3340.0,390.0,250.0,50.0,4570.0,710.0,85.9,600000,692500,671000,649375,748000,635000.0,,24.67,71.0,59.0,17.0,51.0,16.0,2.0,1.0,9.0,4.0,29.0,18.0,13.3,3.4,1.0,2.9,52.0,52.0,0.0
E02000573,Islington 020,Angel,E09000019,Islington,E14001306,Islington South and Finsbury,4920.0,798.0,710.0,178.0,1433.0,1799.0,2.0,10217.0,7702.0,101.0,2021.0,393.0,720.0,1376.0,2540.0,239.0,46.0,8914.0,30.65,36.57,29.13,24.62,5.79,14.63,23.8342400443,25.1246587083,5,5890.0,3290.0,460.0,1050.0,180.0,4460.0,1340.0,75.72,700000,894000,925000,805050,875250,685000.0,,25.04,432.0,323.0,58.0,177.0,13.0,94.0,2.0,56.0,20.0,148.0,107.0,73.3,18.2,4.0,1.97,272.0,272.0,0.0
E02000575,Islington 022,Clerkenwell,E09000019,Islington,E14001306,Islington South and Finsbury,5170.0,559.0,650.0,64.0,2028.0,1855.0,14.0,11165.0,8085.0,238.0,2112.0,730.0,427.0,1486.0,2836.0,379.0,42.0,9756.0,23.38,35.88,39.23,27.59,8.14,8.26,44.7544184357,44.9051789437,6b,7790.0,2030.0,1200.0,1340.0,360.0,7360.0,280.0,94.48,700000,762500,1000000,744000,660000,636250.0,,-5.71,264.0,236.0,24.0,149.0,355.0,217.0,7.0,92.0,17.0,328.0,572.0,33.9,73.4,3.0,3.76,390.0,390.0,45.0
E02000571,Islington 018,Islington East & Arlington,E09000019,Islington,E14001306,Islington South and Finsbury,4122.0,419.0,616.0,45.0,1888.0,1139.0,15.0,8773.0,7310.0,61.0,1244.0,158.0,398.0,1194.0,2189.0,308.0,35.0,7339.0,25.11,27.63,45.8,16.68,8.32,9.66,16.170328813,16.0984514889,4,4340.0,1570.0,270.0,650.0,40.0,3420.0,880.0,78.8,693775,757750,770000,676000,800000,630500.0,,15.31,32.0,32.0,10.0,10.0,4.0,59.0,0.0,11.0,4.0,75.0,63.0,7.4,14.5,2.0,1.28,57.0,57.0,50.0
E02000565,Islington 012,Newington Green,E09000019,Islington,E14001305,Islington North,3496.0,317.0,492.0,34.0,1633.0,1009.0,11.0,8459.0,7086.0,89.0,1122.0,162.0,305.0,854.0,1897.0,335.0,104.0,6937.0,23.14,28.86,46.71,16.23,12.56,8.72,20.9256279231,20.3557955399,5,3800.0,1730.0,240.0,20.0,0.0,3380.0,360.0,88.95,560000,560000,525000,662500,665750,660000.0,,18.88,16.0,16.0,13.0,0.0,61.0,10.0,4.0,11.0,8.0,27.0,71.0,4.2,18.7,4.0,3.3600000000000003,264.0,264.0,219.0
E02000555,Islington 002,Archway East,E09000019,Islington,E14001305,Islington North,4032.0,589.0,777.0,74.0,1489.0,1093.0,10.0,9480.0,7917.0,68.0,1316.0,179.0,758.0,1009.0,1884.0,327.0,55.0,7781.0,33.88,27.11,36.93,16.49,9.47,18.8,20.7522379816,18.2952044516,5,4340.0,1940.0,170.0,270.0,90.0,3090.0,1110.0,71.2,500000,575000,630000,651500,717500,576000.0,,43.5,146.0,53.0,22.0,86.0,4.0,15.0,0.0,51.0,2.0,94.0,19.0,33.6,4.4,5.0,5.29,235.0,235.0,180.0
E02000564,Islington 011,Lower Holloway,E09000019,Islington,E14001306,Islington South and Finsbury,5663.0,493.0,863.0,276.0,1906.0,2115.0,10.0,12273.0,9347.0,138.0,2332.0,456.0,365.0,1409.0,3356.0,470.0,64.0,10651.0,23.94,37.35,33.66,23.84,9.43,6.45,27.0256566145,27.6758156108,6a,6770.0,2230.0,1700.0,1340.0,10.0,6270.0,410.0,92.61,521500,605000,498500,539000,550000,520000.0,,5.47,44.0,40.0,17.0,0.0,3.0,9.0,15.0,88.0,299.0,59.0,12.0,6.5,1.8,1.0,0.07,6.0,6.0,0.0
E02000563,Islington 010,Hilldrop,E09000019,Islington,E14001305,Islington North,3859.0,337.0,529.0,48.0,1857.0,1070.0,18.0,8599.0,7026.0,94.0,1255.0,224.0,338.0,902.0,2174.0,383.0,61.0,7074.0,22.44,27.73,48.12,18.29,11.51,8.76,17.6110055226,16.5816852089,4,4280.0,1160.0,90.0,310.0,220.0,3720.0,350.0,86.92,490000,599000,525000,520000,492500,477500.0,,0.51,192.0,192.0,17.0,77.0,988.0,47.0,0.0,0.0,7.0,1126.0,1035.0,44.9,241.8,6.0,9.63,1993.0,1993.0,1875.0
E02000561,Islington 008,Tufnell Park East,E09000019,Islington,E14001305,Islington North,3158.0,691.0,751.0,19.0,758.0,937.0,2.0,7312.0,6031.0,55.0,1077.0,149.0,734.0,805.0,1424.0,170.0,25.0,6125.0,45.66,29.67,24.0,17.52,6.17,23.24,14.0423612133,13.5823327584,3,3650.0,2930.0,330.0,40.0,0.0,2650.0,890.0,72.6,690000,650000,719000,660000,709500,613000.0,,2.83,26.0,6.0,21.0,6.0,5.0,15.0,1.0,8.0,0.0,37.0,20.0,7.1,5.5,0.0,0.0,0.0,0.0,0.0
E02000558,Islington 005,Finsbury Park West,E09000019,Islington,E14001305,Islington North,3957.0,257.0,319.0,28.0,2308.0,1020.0,25.0,9298.0,7719.0,48.0,1356.0,175.0,328.0,702.0,2243.0,557.0,127.0,7400.0,14.56,25.78,58.33,16.98,17.29,8.29,37.2491527544,35.5259829499,6a,4330.0,1420.0,130.0,380.0,110.0,3860.0,460.0,89.15,441250,500000,547500,512600,481546,450000.0,,9.13,38.0,34.0,23.0,0.0,104.0,6.0,11.0,4.0,150.0,69.0,110.0,8.8,25.4,5.0,17.23,173.0,173.0,48.0
E02000554,Islington 001,Highcroft & Holly Park,E09000019,Islington,E14001305,Islington North,4200.0,385.0,597.0,36.0,2173.0,973.0,36.0,9247.0,7948.0,43.0,1133.0,123.0,463.0,931.0,2293.0,458.0,55.0,7448.0,23.38,23.17,51.74,14.05,12.21,11.02,11.7708544575,11.3581994492,3,4440.0,1690.0,80.0,160.0,10.0,3800.0,540.0,85.59,462500,511250,505000,530000,580000,525000.0,,25.41,33.0,30.0,14.0,0.0,33.0,18.0,3.0,23.0,0.0,42.0,51.0,7.4,11.5,0.0,0.0,0.0,0.0,0.0
E02000562,Islington 009,Highbury,E09000019,Islington,E14001305,Islington North,3488.0,503.0,690.0,34.0,1321.0,923.0,17.0,7781.0,6635.0,32.0,1005.0,109.0,525.0,972.0,1723.0,229.0,38.0,6478.0,34.2,26.46,37.87,14.73,7.65,15.05,15.5686116418,15.8297726181,4,3830.0,1650.0,60.0,170.0,30.0,3190.0,580.0,83.29,630000,685000,987500,660000,682500,573500.0,,8.33,7.0,7.0,4.0,0.0,83.0,2.0,8.0,9.0,0.0,87.0,85.0,1.8,22.2,5.0,4.02,133.0,133.0,79.0
E02000560,Islington 007,Holloway Nag's Head,E09000019,Islington,E14001305,Islington North,3273.0,400.0,545.0,30.0,817.0,1474.0,7.0,7285.0,5568.0,123.0,1361.0,233.0,382.0,761.0,1807.0,279.0,45.0,6324.0,28.87,45.04,24.96,23.57,9.9,11.67,27.9616421354,29.9371041223,6a,3870.0,2000.0,390.0,150.0,90.0,2990.0,620.0,77.26,490000,488185,547500,550000,517500,510000.0,,5.61,141.0,139.0,33.0,48.0,39.0,16.0,4.0,57.0,48.0,104.0,55.0,36.4,14.2,2.0,1.0899999999999999,325.0,325.0,325.0
E02000566,Islington 013,Highbury Fields,E09000019,Islington,E14001305,Islington North,3839.0,666.0,739.0,62.0,1070.0,1294.0,8.0,8413.0,6724.0,63.0,1475.0,151.0,783.0,1080.0,1751.0,189.0,34.0,7112.0,36.6,33.71,27.87,20.08,5.81,20.4,27.3229491568,27.2485964186,6a,4130.0,2700.0,290.0,180.0,10.0,2930.0,1080.0,70.94,755000,819500,850000,876000,955125,680000.0,,26.51,23.0,17.0,17.0,0.0,20.0,6.0,0.0,37.0,31.0,26.0,26.0,5.6,6.3,0.0,0.0,0.0,0.0,0.0
E02000559,Islington 006,Gillespie Road,E09000019,Islington,E14001305,Islington North,3998.0,635.0,897.0,53.0,1039.0,1372.0,2.0,9474.0,7749.0,38.0,1549.0,138.0,738.0,1072.0,1872.0,270.0,43.0,7778.0,38.32,34.32,25.99,18.21,7.83,18.46,29.457090088,28.646337835,6a,4280.0,2490.0,810.0,170.0,0.0,2950.0,1310.0,68.93,630000,945514,675000,605050,778500,580000.0,,23.57,25.0,19.0,22.0,0.0,8.0,13.0,2.0,14.0,10.0,28.0,21.0,5.8,4.9,0.0,0.0,0.0,0.0,0.0
E02000557,Islington 004,Archway West,E09000019,Islington,E14001305,Islington North,4139.0,388.0,580.0,38.0,1811.0,1311.0,11.0,8695.0,7214.0,69.0,1258.0,154.0,387.0,945.0,2398.0,345.0,64.0,7331.0,23.39,31.67,43.75,17.03,9.88,9.35,24.7289150234,26.3086811305,5,4530.0,2100.0,40.0,240.0,20.0,3610.0,500.0,79.69,446250,541250,622500,508750,546000,475000.0,,22.35,43.0,42.0,13.0,12.0,9.0,3.0,0.0,26.0,505.0,22.0,12.0,9.5,2.6,3.0,2.57,421.0,421.0,402.0
E02000556,Islington 003,Tollington,E09000019,Islington,E14001305,Islington North,4949.0,555.0,889.0,58.0,1552.0,1855.0,40.0,11274.0,8680.0,96.0,2231.0,267.0,578.0,1132.0,2746.0,379.0,114.0,9673.0,29.18,37.48,31.36,23.01,9.96,11.68,21.2426381594,17.1279872718,5,5610.0,3880.0,70.0,550.0,340.0,4480.0,1060.0,79.86,560000,665888,610000,583125,562500,500000.0,,0.45,459.0,449.0,40.0,58.0,6.0,11.0,5.0,18.0,33.0,52.0,17.0,81.8,3.0,3.0,0.76,138.0,138.0,130.0
E02000580,Kensington and Chelsea 004,Portobello,E09000020,Kensington and Chelsea,E14001310,Kensington and Bayswater,3989.0,349.0,328.0,33.0,2185.0,1082.0,12.0,7835.0,6788.0,27.0,868.0,152.0,317.0,927.0,2301.0,332.0,111.0,6833.0,16.97,27.12,54.78,13.36,11.11,7.95,17.6649177845,16.5229229712,4,4630.0,3510.0,30.0,20.0,0.0,4250.0,260.0,91.79,910000,1062500,810000,850000,721000,610000.0,,-20.77,35.0,20.0,27.0,1.0,0.0,1.0,0.0,13.0,1.0,20.0,1.0,7.6,0.2,0.0,0.0,0.0,0.0,0.0
E02000587,Kensington and Chelsea 011,Kensington Abingdon,E09000020,Kensington and Chelsea,E14001310,Kensington and Bayswater,3026.0,871.0,433.0,6.0,153.0,1561.0,2.0,6425.0,5143.0,55.0,970.0,257.0,823.0,990.0,1082.0,107.0,25.0,5438.0,43.09,51.59,5.06,19.95,4.36,27.2,24.5731099063,28.6015717195,5,3990.0,2920.0,20.0,80.0,0.0,2990.0,970.0,74.94,1423800,1925000,2680000,1682500,1775050,1150000.0,3967112.0,24.67,67.0,59.0,35.0,0.0,130.0,8.0,3.0,7.0,0.0,184.0,138.0,16.8,34.6,3.0,0.770106,187.0,187.0,0.0
E02000584,Kensington and Chelsea 008,Notting Hill South,E09000020,Kensington and Chelsea,E14001310,Kensington and Bayswater,3331.0,1015.0,513.0,22.0,277.0,1501.0,3.0,7101.0,5665.0,44.0,1028.0,364.0,768.0,1063.0,1317.0,152.0,33.0,5829.0,45.87,45.06,8.32,20.22,5.55,23.06,24.081403205,23.7500758305,5,4650.0,3140.0,230.0,190.0,70.0,3430.0,1090.0,73.76,1900000,1900000,1750000,1650000,1300000,1073000.0,,-31.58,86.0,83.0,37.0,15.0,4.0,0.0,3.0,0.0,1.0,32.0,4.0,18.5,0.9,2.0,0.940523,94.0,94.0,46.0
E02000589,Kensington and Chelsea 013,Kensington Gardens,E09000020,Kensington and Chelsea,E14001310,Kensington and Bayswater,3660.0,665.0,458.0,17.0,372.0,2148.0,0.0,7200.0,5136.0,232.0,1370.0,462.0,427.0,1135.0,1900.0,145.0,51.0,6357.0,30.68,58.69,10.16,28.67,5.36,11.67,30.1149943042,30.4751038173,6a,5010.0,3820.0,30.0,40.0,30.0,4510.0,350.0,90.02,907500,1175000,1002500,1025000,1035000,950000.0,,14.05,38.0,29.0,21.0,0.0,4.0,0.0,8.0,14.0,3.0,40.0,4.0,7.6,0.8,0.0,0.0,0.0,0.0,0.0
E02000590,Kensington and Chelsea 014,Brompton,E09000020,Kensington and Chelsea,E14001310,Kensington and Bayswater,3047.0,576.0,244.0,8.0,984.0,1231.0,4.0,5921.0,4729.0,89.0,870.0,233.0,451.0,802.0,1589.0,158.0,49.0,5128.0,26.91,40.4,32.29,20.13,6.79,14.8,34.2312833459,34.4765460756,6a,4730.0,2310.0,10.0,10.0,10.0,4070.0,630.0,86.05,840000,1330000,1493500,1375000,1150000,1000000.0,,36.9,152.0,141.0,21.0,81.0,0.0,18.0,1.0,0.0,23.0,33.0,18.0,32.1,3.8,6.0,2.421598,187.0,199.0,60.0
E02000592,Kensington and Chelsea 016,South Kensington,E09000020,Kensington and Chelsea,E14001310,Kensington and Bayswater,2840.0,723.0,358.0,8.0,226.0,1525.0,0.0,5714.0,4233.0,107.0,1040.0,334.0,511.0,1042.0,1184.0,87.0,15.0,4856.0,38.06,53.7,7.96,25.92,3.59,17.99,34.7914515163,34.9394859923,6a,4290.0,3580.0,90.0,10.0,0.0,3500.0,550.0,81.59,1650000,1564975,1550000,1320000,1455000,1150000.0,,-11.82,113.0,59.0,32.0,0.0,1.0,3.0,0.0,6.0,1.0,75.0,4.0,26.3,0.9,2.0,0.827778,90.0,150.0,150.0
E02000588,Kensington and Chelsea 012,Hans Town,E09000020,Kensington and Chelsea,E14001310,Kensington and Bayswater,3077.0,728.0,336.0,17.0,145.0,1849.0,2.0,5941.0,4535.0,126.0,934.0,346.0,706.0,1085.0,1179.0,90.0,17.0,5100.0,34.58,60.09,4.71,23.67,3.48,22.94,29.6281605409,29.6769824889,6a,5830.0,4650.0,100.0,60.0,10.0,4560.0,1140.0,78.22,2396200,2275000,2450000,2150000,1700000,1250000.0,,-29.05,79.0,64.0,62.0,0.0,4.0,13.0,2.0,9.0,11.0,41.0,17.0,13.6,2.9,3.0,0.603048,36.0,36.0,0.0
E02000596,Kensington and Chelsea 020,Fulham Road,E09000020,Kensington and Chelsea,E14001160,Chelsea and Fulham,3073.0,790.0,462.0,11.0,354.0,1454.0,2.0,6550.0,4993.0,93.0,1122.0,342.0,610.0,970.0,1301.0,167.0,25.0,5697.0,40.74,47.32,11.52,23.77,6.25,19.85,20.5945342054,17.0166571655,5,4010.0,2900.0,150.0,100.0,10.0,3090.0,830.0,77.06,1025000,1300000,1082500,1060000,992500,802500.0,,-3.17,10.0,9.0,14.0,0.0,2.0,0.0,8.0,1.0,1.0,17.0,2.0,2.5,0.5,0.0,0.0,0.0,0.0,0.0
E02000591,Kensington and Chelsea 015,Earl's Court,E09000020,Kensington and Chelsea,E14001310,Kensington and Bayswater,3241.0,456.0,311.0,36.0,1019.0,1415.0,4.0,6165.0,4721.0,98.0,962.0,384.0,222.0,895.0,1859.0,216.0,49.0,5344.0,23.67,43.66,31.44,23.42,8.18,6.85,32.2929274059,32.4720889363,6a,4660.0,2890.0,300.0,940.0,250.0,4420.0,80.0,94.85,1175000,950000,839000,873500,857500,850000.0,,-27.02,495.0,492.0,22.0,52.0,734.0,6.0,1.0,5.0,4.0,567.0,740.0,106.2,158.8,7.0,6.634841000000001,1743.0,1995.0,0.0
E02000597,Kensington and Chelsea 021,Chelsea Riverside West,E09000020,Kensington and Chelsea,E14001160,Chelsea and Fulham,2997.0,456.0,357.0,38.0,1448.0,694.0,4.0,6297.0,5547.0,52.0,597.0,101.0,363.0,822.0,1486.0,288.0,38.0,5213.0,27.13,23.16,48.31,11.91,10.88,12.11,14.4441045408,13.799056861,3,3610.0,1500.0,330.0,140.0,20.0,3030.0,370.0,83.93,822500,1002500,900000,1150000,776250,632500.0,,-5.62,432.0,426.0,15.0,166.0,0.0,0.0,1.0,0.0,3.0,9.0,0.0,119.7,0.0,7.0,4.960623,1079.0,1079.0,221.0
E02000595,Kensington and Chelsea 019,Chelsea Riverside East,E09000020,Kensington and Chelsea,E14001160,Chelsea and Fulham,3025.0,914.0,439.0,10.0,499.0,1156.0,7.0,6114.0,4887.0,91.0,860.0,276.0,780.0,831.0,1263.0,124.0,31.0,5186.0,44.73,38.21,16.5,20.07,5.12,25.79,22.1203641005,18.3945738698,5,4480.0,2860.0,200.0,110.0,80.0,3210.0,1210.0,71.65,1288889,1895000,1400000,1900000,1525000,940000.0,,18.32,133.0,78.0,25.0,5.0,28.0,1.0,1.0,1.0,0.0,17.0,29.0,29.7,6.5,7.0,2.453731,247.0,265.0,124.0
E02000583,Kensington and Chelsea 007,Notting Hill West,E09000020,Kensington and Chelsea,E14001310,Kensington and Bayswater,3119.0,786.0,483.0,21.0,693.0,1135.0,1.0,6357.0,5199.0,40.0,873.0,245.0,713.0,897.0,1367.0,119.0,20.0,5416.0,40.69,36.39,22.22,18.22,4.46,22.86,22.657841477,21.1719036023,5,3740.0,3050.0,60.0,10.0,0.0,2550.0,1100.0,68.18,1605000,1575000,1840000,1276250,1295000,851250.0,,-19.31,10.0,10.0,24.0,0.0,2.0,1.0,0.0,5.0,6.0,10.0,3.0,2.7,0.8,0.0,0.0,0.0,0.0,0.0
E02000579,Kensington and Chelsea 003,North Kensington,E09000020,Kensington and Chelsea,E14001310,Kensington and Bayswater,3820.0,583.0,506.0,88.0,1740.0,895.0,8.0,8859.0,7739.0,42.0,900.0,178.0,571.0,946.0,1814.0,337.0,152.0,7287.0,28.51,23.43,45.55,12.64,12.8,14.95,12.847588349,10.9943092964,3,4140.0,2810.0,40.0,170.0,10.0,3340.0,700.0,80.68,875000,1072000,736000,872500,915000,725000.0,,4.57,23.0,19.0,23.0,9.0,84.0,22.0,11.0,12.0,7.0,125.0,106.0,5.6,25.6,2.0,0.68,56.0,90.0,90.0
E02000577,Kensington and Chelsea 001,Golborne & Swinbrook,E09000020,Kensington and Chelsea,E14001310,Kensington and Bayswater,3175.0,156.0,196.0,67.0,2252.0,491.0,13.0,7654.0,6838.0,84.0,589.0,143.0,212.0,640.0,1749.0,419.0,155.0,6400.0,11.09,15.46,70.93,10.66,18.08,6.68,13.5590956293,13.8027527972,3,3990.0,440.0,250.0,950.0,200.0,3730.0,150.0,93.48,520000,565000,770000,623750,658750,607500.0,807200.0,26.68,294.0,287.0,20.0,442.0,26.0,30.0,3.0,0.0,2582.0,143.0,56.0,73.7,14.0,15.0,36.742837,7745.0,7795.0,7246.0
E02000586,Kensington and Chelsea 010,Queen's Gate,E09000020,Kensington and Chelsea,E14001310,Kensington and Bayswater,2883.0,843.0,368.0,14.0,130.0,1526.0,2.0,6430.0,5050.0,91.0,887.0,402.0,695.0,1017.0,993.0,98.0,77.0,5477.0,42.0,52.93,4.51,21.46,6.07,24.11,24.2453532877,25.9010511307,5,4550.0,3850.0,40.0,160.0,0.0,3610.0,710.0,79.34,2260000,1700000,1545000,1760000,1487500,1240000.0,,-34.18,58.0,23.0,38.0,0.0,30.0,151.0,4.0,7.0,2.0,205.0,181.0,12.7,39.8,3.0,2.124971,198.0,198.0,0.0
E02000578,Kensington and Chelsea 002,Ladbroke Grove,E09000020,Kensington and Chelsea,E14001310,Kensington and Bayswater,2309.0,140.0,134.0,87.0,1676.0,246.0,26.0,5950.0,5526.0,10.0,332.0,82.0,221.0,537.0,1122.0,325.0,104.0,4678.0,11.87,10.65,72.59,7.13,18.58,9.57,9.89507020153,10.8583468512,2,2480.0,510.0,100.0,80.0,20.0,2110.0,290.0,85.08,398000,710000,712500,725000,650000,600000.0,,63.32,24.0,23.0,5.0,10.0,7.0,0.0,0.0,0.0,0.0,25.0,7.0,9.7,2.8,6.0,0.842972,163.0,183.0,143.0
E02000593,Kensington and Chelsea 017,West Brompton,E09000020,Kensington and Chelsea,E14001160,Chelsea and Fulham,3684.0,640.0,531.0,16.0,639.0,1851.0,7.0,7283.0,5534.0,174.0,1242.0,333.0,357.0,1151.0,1966.0,166.0,45.0,6284.0,31.79,50.24,17.35,24.01,5.73,9.69,33.465464055,32.8020282319,6a,4490.0,3890.0,90.0,80.0,60.0,4180.0,200.0,93.1,885000,975000,963680,850000,880000,877500.0,,-0.56,58.0,40.0,22.0,2.0,1576.0,0.0,0.0,1.0,1103.0,90.0,1576.0,12.9,351.0,5.0,12.58318,1950.0,2130.0,50.0
E02000581,Kensington and Chelsea 005,Notting Dale,E09000020,Kensington and Chelsea,E14001310,Kensington and Bayswater,3011.0,199.0,151.0,88.0,2098.0,458.0,17.0,7348.0,6629.0,55.0,545.0,119.0,313.0,619.0,1619.0,310.0,149.0,5967.0,11.62,15.21,69.68,9.78,15.24,10.4,14.5865124244,14.7139510581,3,3260.0,580.0,120.0,50.0,40.0,2470.0,410.0,75.77,461250,1087500,1459500,1285000,520000,337500.0,,12.74,68.0,42.0,10.0,12.0,2.0,1.0,0.0,8.0,0.0,27.0,3.0,20.9,0.9,3.0,0.253137,61.0,61.0,43.0
E02000594,Kensington and Chelsea 018,Chelsea Manor & Royal Hospital,E09000020,Kensington and Chelsea,E14001160,Chelsea and Fulham,2922.0,805.0,378.0,8.0,487.0,1240.0,4.0,6452.0,5464.0,61.0,692.0,235.0,692.0,915.0,1167.0,95.0,56.0,5678.0,40.49,42.44,16.67,15.31,5.17,23.68,17.6136610333,19.606171815,4,4320.0,2680.0,120.0,70.0,20.0,3330.0,920.0,77.08,1800000,1995000,1500000,1350000,1285000,1000000.0,,-28.61,92.0,85.0,27.0,78.0,9.0,0.0,0.0,0.0,43.0,12.0,9.0,21.3,2.1,0.0,0.0,0.0,0.0,0.0
E02000582,Kensington and Chelsea 006,Notting Hill Gate,E09000020,Kensington and Chelsea,E14001310,Kensington and Bayswater,3270.0,763.0,414.0,46.0,484.0,1557.0,6.0,6485.0,5029.0,62.0,1040.0,354.0,478.0,970.0,1660.0,145.0,17.0,5656.0,35.99,47.61,14.8,22.45,4.95,14.62,27.1956366769,27.0625683133,6a,4140.0,3260.0,20.0,40.0,20.0,3280.0,690.0,79.23,1425000,1285000,1284388,1175000,1300500,955000.0,,-8.74,113.0,65.0,31.0,1.0,23.0,2.0,0.0,21.0,1.0,95.0,25.0,27.3,6.0,1.0,0.09,9.0,9.0,0.0
E02000585,Kensington and Chelsea 009,Holland Park,E09000020,Kensington and Chelsea,E14001310,Kensington and Bayswater,3387.0,844.0,489.0,34.0,572.0,1446.0,2.0,8024.0,6614.0,69.0,1032.0,309.0,666.0,1043.0,1352.0,228.0,95.0,6543.0,39.36,42.69,16.89,17.57,9.54,19.66,19.5436058539,18.0955682197,4,4280.0,2850.0,90.0,100.0,50.0,3350.0,800.0,78.27,1041250,1900000,975000,1364975,1275000,1100000.0,,22.45,58.0,48.0,30.0,2.0,0.0,1.0,0.0,13.0,1.0,47.0,1.0,13.6,0.2,2.0,0.04,60.0,60.0,60.0
E02000611,Kingston upon Thames 014,Berrylands South,E09000021,Kingston upon Thames,E14001312,Kingston and Surbiton,2652.0,1200.0,1099.0,12.0,68.0,272.0,1.0,7374.0,6893.0,36.0,396.0,49.0,1451.0,744.0,390.0,52.0,11.0,5741.0,86.69,10.26,2.56,6.52,2.38,54.71,4.12593164267,3.65853142742,1b,2730.0,50.0,10.0,20.0,10.0,200.0,2530.0,7.33,627500,765000,740000,725000,730000,,,16.33,17.0,17.0,7.0,0.0,16.0,32.0,9.0,67.0,2.0,71.0,48.0,6.2,17.6,0.0,0.0,0.0,0.0,0.0
E02000614,Kingston upon Thames 017,Tolworth,E09000021,Kingston upon Thames,E14001312,Kingston and Surbiton,3374.0,863.0,1231.0,35.0,295.0,946.0,4.0,9191.0,8277.0,42.0,758.0,114.0,990.0,1044.0,1064.0,225.0,52.0,7154.0,62.06,28.04,8.74,9.94,8.21,29.34,4.35674336098,3.64170959524,1b,3770.0,150.0,20.0,480.0,250.0,1160.0,2540.0,30.77,497500,492500,480500,462500,500000,260000.0,,0.5,258.0,257.0,18.0,0.0,24.0,36.0,5.0,42.0,966.0,283.0,60.0,68.4,15.9,0.0,0.0,0.0,0.0,0.0
E02000616,Kingston upon Thames 019,Chessington North,E09000021,Kingston upon Thames,E14001312,Kingston and Surbiton,2390.0,843.0,1072.0,21.0,132.0,321.0,1.0,5990.0,5498.0,10.0,454.0,28.0,829.0,905.0,557.0,88.0,11.0,4733.0,80.13,13.43,5.52,8.21,4.14,34.69,3.82432657141,4.06897494607,1b,2430.0,10.0,80.0,20.0,10.0,290.0,2130.0,11.93,373500,455000,437500,456750,450000,,,20.48,12.0,11.0,8.0,0.0,1.0,10.0,0.0,31.0,5.0,19.0,11.0,4.9,4.5,0.0,0.0,0.0,0.0,0.0
E02000612,Kingston upon Thames 015,Motspur Park,E09000021,Kingston upon Thames,E14001586,Wimbledon,3080.0,1277.0,1176.0,8.0,135.0,483.0,1.0,8183.0,7511.0,28.0,573.0,71.0,1506.0,903.0,562.0,90.0,17.0,6569.0,79.64,15.68,4.38,8.21,3.47,48.9,4.73906011366,4.65099866813,1b,3200.0,30.0,120.0,10.0,0.0,420.0,2780.0,13.12,566000,675500,700000,625000,707500,272500.0,,25.0,7.0,7.0,7.0,0.0,6.0,10.0,1.0,5.0,586.0,21.0,16.0,2.2,5.0,0.0,0.0,0.0,0.0,0.0
E02000606,Kingston upon Thames 009,Kingston Riverside,E09000021,Kingston upon Thames,E14001312,Kingston and Surbiton,4811.0,1018.0,1193.0,25.0,336.0,2236.0,3.0,10451.0,7892.0,339.0,1855.0,365.0,974.0,1578.0,2012.0,211.0,34.0,9003.0,45.96,46.48,6.98,24.49,5.09,20.25,19.4481246575,17.057337442,4,5760.0,1790.0,630.0,770.0,450.0,4530.0,1190.0,78.65,450000,610000,535000,455000,475000,436000.0,,5.56,192.0,189.0,34.0,19.0,1145.0,780.0,451.0,126.0,22.0,1714.0,1925.0,33.3,334.2,0.0,0.0,0.0,0.0,0.0
E02000603,Kingston upon Thames 006,Norbiton East,E09000021,Kingston upon Thames,E14001312,Kingston and Surbiton,2953.0,648.0,796.0,53.0,689.0,762.0,5.0,8540.0,7578.0,88.0,735.0,139.0,837.0,810.0,1037.0,236.0,33.0,6574.0,48.9,25.8,23.33,11.26,9.11,28.34,4.43141113956,4.05394260783,1b,3340.0,200.0,170.0,450.0,380.0,940.0,2400.0,28.14,436500,470000,550000,545000,550000,369000.0,,26.0,371.0,340.0,24.0,90.0,13.0,43.0,86.0,84.0,40.0,468.0,56.0,111.1,16.8,0.0,0.0,0.0,0.0,0.0
E02000602,Kingston upon Thames 005,Kingston East & Norbiton West,E09000021,Kingston upon Thames,E14001312,Kingston and Surbiton,4049.0,660.0,954.0,35.0,1159.0,1225.0,16.0,10193.0,8180.0,261.0,1493.0,259.0,806.0,1034.0,1765.0,384.0,56.0,8068.0,39.86,30.25,28.62,19.75,10.87,19.91,15.6522828666,14.8098933629,4,4500.0,1440.0,250.0,570.0,110.0,2970.0,1520.0,66.0,481250,500000,475000,475000,530000,332500.0,,10.13,49.0,44.0,17.0,1.0,2396.0,314.0,3.0,39.0,5.0,2706.0,2710.0,10.9,602.2,0.0,0.0,0.0,0.0,0.0
E02000604,Kingston upon Thames 007,New Malden East,E09000021,Kingston upon Thames,E14001312,Kingston and Surbiton,3559.0,1011.0,1178.0,36.0,236.0,1096.0,2.0,9124.0,8088.0,38.0,874.0,124.0,1308.0,932.0,1071.0,214.0,34.0,7054.0,61.51,30.8,6.63,11.35,6.97,36.75,7.62829283039,7.25408299089,2,3840.0,1300.0,80.0,430.0,280.0,1520.0,2320.0,39.58,527500,624500,622500,650000,620000,385000.0,,17.54,233.0,231.0,31.0,26.0,146.0,87.0,4.0,157.0,53.0,295.0,233.0,60.7,60.7,0.0,0.0,0.0,0.0,0.0
E02000601,Kingston upon Thames 004,Kingston North,E09000021,Kingston upon Thames,E14001445,Richmond Park,4857.0,1129.0,1426.0,95.0,571.0,1628.0,8.0,11767.0,10076.0,76.0,1241.0,374.0,1271.0,1518.0,1761.0,275.0,33.0,8931.0,52.6,33.52,11.76,14.37,6.34,26.17,11.8539998372,7.25054852812,3,5170.0,2160.0,720.0,960.0,50.0,2910.0,2250.0,56.29,586950,650000,670000,640000,695000,416250.0,,18.41,334.0,334.0,9.0,51.0,57.0,58.0,5.0,54.0,277.0,99.0,115.0,64.6,22.2,0.0,0.0,0.0,0.0,0.0
E02000609,Kingston upon Thames 012,Malden Manor,E09000021,Kingston upon Thames,E14001586,Wimbledon,2740.0,980.0,881.0,10.0,342.0,522.0,5.0,7568.0,6932.0,31.0,510.0,95.0,1120.0,753.0,680.0,144.0,39.0,6005.0,67.92,19.05,12.48,8.4,6.68,40.88,6.08607406262,5.60903775305,2,2820.0,140.0,40.0,90.0,60.0,670.0,2140.0,23.76,520000,650000,627500,672500,692500,342500.0,,33.17,26.0,25.0,12.0,0.0,6.0,31.0,0.0,45.0,2.0,52.0,37.0,9.2,13.1,0.0,0.0,0.0,0.0,0.0
E02000610,Kingston upon Thames 013,Surbiton South,E09000021,Kingston upon Thames,E14001312,Kingston and Surbiton,3871.0,661.0,970.0,21.0,650.0,1561.0,8.0,7836.0,6562.0,65.0,1109.0,100.0,654.0,1192.0,1814.0,192.0,18.0,6599.0,42.13,40.33,16.79,16.26,5.42,16.89,9.99805989004,10.6018091946,2,4100.0,1070.0,110.0,250.0,190.0,3060.0,1040.0,74.63,429950,420000,430000,437000,427500,373750.0,,-0.57,171.0,170.0,22.0,15.0,21.0,30.0,7.0,71.0,6.0,78.0,51.0,41.7,12.4,0.0,0.0,0.0,0.0,0.0
E02000617,Kingston upon Thames 020,Chessington South & Malden Rushett,E09000021,Kingston upon Thames,E14001312,Kingston and Surbiton,3344.0,994.0,1211.0,18.0,656.0,463.0,2.0,8768.0,8145.0,12.0,580.0,31.0,986.0,1147.0,979.0,201.0,32.0,6891.0,65.94,13.85,19.62,7.11,6.97,29.49,1.7349675002,1.09278773362,1a,3440.0,110.0,110.0,140.0,20.0,880.0,2530.0,25.58,380500,500000,475000,475000,480500,320000.0,,26.28,9.0,8.0,8.0,0.0,30.0,13.0,40.0,66.0,263.0,83.0,43.0,2.6,12.5,0.0,0.0,0.0,0.0,0.0
E02000605,Kingston upon Thames 008,New Malden West,E09000021,Kingston upon Thames,E14001312,Kingston and Surbiton,3115.0,1103.0,1100.0,7.0,184.0,718.0,3.0,8408.0,7595.0,25.0,696.0,92.0,1281.0,875.0,776.0,162.0,21.0,6531.0,70.72,23.05,5.91,9.67,5.87,41.12,4.04316187328,3.32904093816,1b,3230.0,1010.0,50.0,90.0,0.0,700.0,2520.0,21.67,570000,613030,625000,650000,689200,353500.0,,20.91,27.0,23.0,13.0,0.0,48.0,23.0,4.0,20.0,185.0,78.0,71.0,8.4,22.0,0.0,0.0,0.0,0.0,0.0
E02000599,Kingston upon Thames 002,Kingston Vale & Coombe Hill,E09000021,Kingston upon Thames,E14001445,Richmond Park,2354.0,996.0,810.0,5.0,80.0,461.0,2.0,6974.0,6205.0,41.0,537.0,191.0,1487.0,502.0,286.0,61.0,17.0,5556.0,76.72,19.58,3.4,11.03,3.31,63.17,2.88807301951,3.11637348588,1b,2650.0,170.0,100.0,300.0,190.0,410.0,2200.0,15.47,1033750,1325000,1410000,1250000,1140000,382500.0,,10.28,192.0,64.0,39.0,0.0,182.0,29.0,1.0,18.0,6.0,386.0,211.0,72.5,79.6,2.0,0.29000000000000004,0.0,0.0,0.0
E02000607,Kingston upon Thames 010,Berrylands North,E09000021,Kingston upon Thames,E14001312,Kingston and Surbiton,2583.0,750.0,913.0,5.0,205.0,709.0,1.0,6719.0,5510.0,162.0,932.0,115.0,1046.0,731.0,703.0,88.0,14.0,5439.0,64.38,27.45,7.94,17.99,3.95,40.5,3.60102838819,3.72926219374,1b,2790.0,690.0,210.0,90.0,80.0,1070.0,1730.0,38.35,557500,682500,630000,617500,667500,364000.0,,19.73,30.0,22.0,14.0,0.0,3.0,8.0,93.0,100.0,48.0,122.0,11.0,10.8,3.9,0.0,0.0,0.0,0.0,0.0
E02000600,Kingston upon Thames 003,Kingston Hill,E09000021,Kingston upon Thames,E14001445,Richmond Park,3377.0,798.0,934.0,8.0,418.0,1211.0,8.0,8247.0,6985.0,84.0,934.0,244.0,924.0,972.0,1224.0,235.0,23.0,6350.0,51.29,35.86,12.38,15.3,7.64,27.36,8.51608258081,7.24028392972,2,3580.0,1150.0,30.0,140.0,100.0,2090.0,1490.0,58.38,520000,715975,692500,570000,621500,364000.0,,19.52,90.0,88.0,17.0,41.0,28.0,65.0,57.0,79.0,158.0,192.0,93.0,25.1,26.0,0.0,0.0,0.0,0.0,0.0
E02000615,Kingston upon Thames 018,Hook,E09000021,Kingston upon Thames,E14001312,Kingston and Surbiton,2956.0,1053.0,1186.0,18.0,209.0,488.0,2.0,7795.0,7133.0,20.0,579.0,63.0,1051.0,1024.0,732.0,121.0,28.0,6091.0,75.74,16.51,7.07,8.49,5.04,35.55,4.15923309262,4.72055453219,1b,3010.0,170.0,20.0,20.0,0.0,470.0,2530.0,15.61,408000,500000,458750,508000,510000,247500.0,,25.0,220.0,220.0,7.0,0.0,44.0,22.0,10.0,28.0,15.0,51.0,66.0,73.1,21.9,0.0,0.0,0.0,0.0,0.0
E02000608,Kingston upon Thames 011,Surbiton North,E09000021,Kingston upon Thames,E14001312,Kingston and Surbiton,3405.0,599.0,896.0,13.0,313.0,1582.0,2.0,7088.0,5501.0,67.0,1307.0,213.0,409.0,1128.0,1684.0,170.0,17.0,6153.0,43.91,46.46,9.19,22.39,5.49,12.01,12.8096737449,13.2253151979,3,3640.0,1540.0,150.0,290.0,70.0,2980.0,670.0,81.87,441250,450000,419500,450000,425000,395000.0,,-3.68,81.0,81.0,16.0,9.0,71.0,52.0,49.0,80.0,92.0,171.0,123.0,22.3,33.8,0.0,0.0,0.0,0.0,0.0
E02000630,Lambeth 013,Clapham Old Town,E09000022,Lambeth,E14001175,Clapham and Brixton Hill,3431.0,545.0,726.0,39.0,835.0,1281.0,5.0,7475.0,5753.0,63.0,1513.0,146.0,576.0,978.0,1644.0,188.0,44.0,6516.0,37.04,37.34,24.34,23.04,6.76,16.79,19.7839432977,20.4822065571,4,3800.0,1750.0,380.0,230.0,60.0,2810.0,900.0,73.95,650000,700000,627500,680000,620000,567000.0,,-4.62,47.0,37.0,29.0,8.0,17.0,36.0,11.0,48.0,0.0,101.0,53.0,12.4,13.9,1.0,0.19,9.0,9.0,0.0
E02000634,Lambeth 017,Clapham Common North,E09000022,Lambeth,E14001175,Clapham and Brixton Hill,3108.0,276.0,461.0,28.0,1323.0,1015.0,5.0,6715.0,5202.0,72.0,1326.0,115.0,376.0,754.0,1644.0,268.0,62.0,5782.0,23.71,32.66,42.57,22.53,10.62,12.1,23.0413532619,24.9044923589,5,3300.0,910.0,210.0,60.0,10.0,2690.0,540.0,81.52,522500,550000,540000,490000,500500,475000.0,,-4.21,69.0,40.0,17.0,0.0,316.0,15.0,12.0,41.0,1064.0,98.0,331.0,20.9,100.3,2.0,0.1,14.0,14.0,0.0
E02000629,Lambeth 012,Clapham North,E09000022,Lambeth,E14001175,Clapham and Brixton Hill,4017.0,480.0,830.0,79.0,1122.0,1503.0,3.0,9030.0,6716.0,97.0,2034.0,183.0,552.0,1046.0,2097.0,249.0,73.0,7975.0,32.61,37.42,27.93,25.63,8.02,13.74,20.4314998572,20.5844034313,5,4450.0,2510.0,350.0,470.0,240.0,3520.0,830.0,79.1,600000,540000,575558,577500,625000,573900.0,,4.17,190.0,184.0,44.0,82.0,221.0,25.0,3.0,15.0,3.0,306.0,246.0,42.7,55.3,1.0,0.03,4.0,4.0,0.0
E02000628,Lambeth 011,Brixton North,E09000022,Lambeth,E14001175,Clapham and Brixton Hill,4481.0,249.0,635.0,146.0,2342.0,1094.0,15.0,10712.0,8877.0,58.0,1638.0,139.0,449.0,1041.0,2391.0,418.0,185.0,9000.0,19.73,24.41,52.27,17.13,13.46,10.02,33.4566939401,35.1201436125,6a,4660.0,900.0,440.0,880.0,250.0,4130.0,480.0,88.63,461250,475000,465000,457500,423500,413500.0,,-8.18,246.0,238.0,18.0,143.0,45.0,10.0,4.0,53.0,333.0,46.0,55.0,52.8,11.8,1.0,0.47,240.0,240.0,240.0
E02000633,Lambeth 016,Brixton Central,E09000022,Lambeth,E14001205,Dulwich and West Norwood,3962.0,366.0,599.0,92.0,1753.0,1142.0,10.0,9106.0,7491.0,75.0,1425.0,115.0,456.0,918.0,2143.0,343.0,102.0,7695.0,24.36,28.82,44.25,17.74,11.23,11.51,31.1625809761,32.4187537781,6a,4190.0,1540.0,350.0,300.0,90.0,3460.0,720.0,82.58,500000,517500,600000,511250,575000,525000.0,,15.0,114.0,112.0,12.0,37.0,390.0,428.0,2.0,20.0,0.0,457.0,818.0,27.2,195.2,2.0,0.38999999999999996,57.0,57.0,0.0
E02000635,Lambeth 018,Poets' Corner & Brockwell Park,E09000022,Lambeth,E14001205,Dulwich and West Norwood,4335.0,485.0,913.0,211.0,1585.0,1139.0,2.0,9724.0,8088.0,66.0,1457.0,113.0,643.0,1057.0,2264.0,305.0,67.0,8299.0,32.25,26.27,36.56,16.82,8.58,14.83,15.9721156734,15.4781145349,4,4660.0,2400.0,330.0,990.0,200.0,3360.0,1270.0,72.1,559000,590000,569000,595000,586500,515000.0,,4.92,210.0,189.0,32.0,297.0,221.0,53.0,6.0,29.0,3.0,304.0,274.0,45.1,58.8,2.0,0.62,224.0,224.0,0.0
E02000626,Lambeth 009,Loughborough Road,E09000022,Lambeth,E14001205,Dulwich and West Norwood,3449.0,170.0,477.0,31.0,2176.0,578.0,17.0,8309.0,7419.0,47.0,710.0,133.0,395.0,752.0,1682.0,488.0,131.0,6585.0,18.76,16.76,63.09,10.71,17.95,11.45,10.5599536496,10.2879759357,3,3540.0,880.0,140.0,50.0,10.0,3000.0,520.0,84.75,405000,485000,420000,556250,475500,426500.0,,17.41,18.0,10.0,11.0,0.0,39.0,3.0,1.0,9.0,2.0,60.0,42.0,5.1,11.9,0.0,0.0,0.0,0.0,0.0
E02000637,Lambeth 020,Brixton Hill East,E09000022,Lambeth,E14001175,Clapham and Brixton Hill,3704.0,566.0,960.0,22.0,718.0,1438.0,0.0,8325.0,6456.0,45.0,1714.0,110.0,661.0,981.0,1779.0,228.0,56.0,7298.0,41.2,38.82,19.38,22.45,7.67,17.85,17.1491859367,17.3397405125,4,3980.0,2980.0,90.0,80.0,10.0,2850.0,1100.0,71.61,585000,598000,609250,582750,568000,535000.0,,-2.91,46.0,28.0,18.0,0.0,9.0,10.0,9.0,16.0,0.0,68.0,19.0,11.6,4.8,1.0,0.18,9.0,9.0,0.0
E02000636,Lambeth 019,Clapham South,E09000022,Lambeth,E14001175,Clapham and Brixton Hill,3081.0,583.0,974.0,16.0,462.0,1043.0,3.0,7610.0,5812.0,62.0,1587.0,149.0,1010.0,777.0,1153.0,124.0,14.0,6410.0,50.54,33.85,15.0,23.63,4.48,32.78,13.8511181876,14.7707992005,3,3530.0,2410.0,140.0,290.0,190.0,2130.0,1340.0,60.34,740000,828750,772150,875000,837500,632000.0,,13.18,123.0,122.0,20.0,11.0,23.0,2.0,1.0,3.0,0.0,88.0,25.0,34.8,7.1,1.0,0.25,7.0,7.0,0.0
E02000613,Kingston upon Thames 016,Southborough,E09000021,Kingston upon Thames,E14001312,Kingston and Surbiton,3192.0,798.0,1257.0,13.0,349.0,774.0,1.0,8003.0,7162.0,38.0,718.0,85.0,1030.0,981.0,1004.0,165.0,15.0,6147.0,64.38,24.25,10.93,10.51,5.64,32.27,6.13994978952,6.04028222141,2,3330.0,1370.0,70.0,110.0,60.0,1360.0,1980.0,40.84,447500,522500,591000,564000,680000,367500.0,,51.96,75.0,74.0,18.0,0.0,21.0,29.0,2.0,41.0,4.0,77.0,50.0,22.5,15.0,0.0,0.0,0.0,0.0,0.0
E02000598,Kingston upon Thames 001,Tudor Drive,E09000021,Kingston upon Thames,E14001445,Richmond Park,2970.0,1137.0,1138.0,21.0,216.0,455.0,3.0,8043.0,7354.0,27.0,582.0,80.0,1381.0,900.0,572.0,102.0,15.0,5931.0,76.6,15.32,7.27,8.57,3.94,46.5,4.29068572247,4.50727154324,1b,3110.0,320.0,80.0,70.0,0.0,580.0,2530.0,18.65,725000,832500,890000,844975,876250,415000.0,,20.86,44.0,43.0,8.0,13.0,2.0,0.0,0.0,0.0,0.0,1.0,2.0,14.1,0.6,0.0,0.0,0.0,0.0,0.0
E02000640,Lambeth 023,Clapham Park West,E09000022,Lambeth,E14001175,Clapham and Brixton Hill,3804.0,598.0,1163.0,17.0,918.0,1105.0,3.0,9193.0,7321.0,81.0,1636.0,155.0,945.0,1124.0,1518.0,179.0,38.0,7583.0,46.29,29.05,24.13,20.36,5.7,24.84,9.26592724371,10.03692564,2,4060.0,2250.0,80.0,120.0,10.0,2860.0,1200.0,70.44,646250,715000,751750,715000,720000,619000.0,,11.41,35.0,19.0,12.0,7.0,8.0,2.0,0.0,4.0,0.0,44.0,10.0,8.6,2.5,0.0,0.0,0.0,0.0,0.0
E02000632,Lambeth 015,Acre Lane,E09000022,Lambeth,E14001175,Clapham and Brixton Hill,4259.0,453.0,937.0,55.0,914.0,1899.0,1.0,9513.0,6599.0,105.0,2645.0,164.0,519.0,1174.0,2309.0,213.0,46.0,8823.0,32.64,44.59,21.46,30.63,6.08,12.19,22.1158557252,21.6999001717,5,4520.0,3480.0,340.0,380.0,30.0,3390.0,1090.0,75.0,597498,640000,610000,599975,615000,570000.0,,2.93,58.0,54.0,24.0,0.0,16.0,3.0,2.0,8.0,4.0,47.0,19.0,12.8,4.2,0.0,0.0,0.0,0.0,0.0
E02006801,Lambeth 036,"Lambeth North, Waterloo & South Bank",E09000022,Lambeth,E14001559,Vauxhall and Camberwell Green,3712.0,405.0,364.0,53.0,1373.0,1512.0,5.0,8506.0,5763.0,260.0,1702.0,781.0,337.0,1019.0,2042.0,270.0,43.0,7607.0,20.72,40.73,36.99,32.25,8.43,9.08,78.3919836511,86.1831103337,6b,5620.0,1130.0,670.0,1370.0,930.0,5180.0,430.0,92.17,650500,687500,648500,587500,650000,560000.0,,-0.08,905.0,18.0,18.0,98.0,498.0,289.0,0.0,9.0,1.0,480.0,787.0,161.0,140.0,2.0,2.24,11.0,11.0,0.0
E02000619,Lambeth 002,Lambeth Walk & North Kennington,E09000022,Lambeth,E14001559,Vauxhall and Camberwell Green,4054.0,418.0,619.0,47.0,2135.0,825.0,10.0,9019.0,7877.0,44.0,952.0,146.0,443.0,1021.0,2067.0,415.0,108.0,7373.0,25.58,20.35,52.66,12.66,12.9,10.93,27.9938926327,25.9727310018,6a,4460.0,570.0,570.0,520.0,120.0,3870.0,590.0,86.77,530000,540000,467500,455000,480000,465000.0,,-9.43,103.0,12.0,9.0,70.0,98.0,282.0,0.0,0.0,4.0,379.0,380.0,23.1,85.2,4.0,2.34,606.0,606.0,330.0
E02000638,Lambeth 021,Brixton Hill West,E09000022,Lambeth,E14001175,Clapham and Brixton Hill,4107.0,378.0,948.0,79.0,1503.0,1192.0,7.0,10149.0,8089.0,60.0,1871.0,129.0,538.0,1084.0,2011.0,366.0,108.0,8564.0,32.29,29.02,36.6,20.3,11.54,13.1,16.3492504766,16.7195963435,4,4350.0,1400.0,220.0,140.0,60.0,3350.0,980.0,77.01,487500,490000,449000,500000,500000,425500.0,,2.56,73.0,64.0,27.0,0.0,6.0,7.0,33.0,11.0,15.0,97.0,13.0,16.8,3.0,1.0,0.13,24.0,24.0,0.0
E02000650,Lambeth 033,Gipsy Hill,E09000022,Lambeth,E14001205,Dulwich and West Norwood,3277.0,372.0,852.0,25.0,1159.0,864.0,5.0,7578.0,6630.0,22.0,849.0,77.0,610.0,978.0,1384.0,258.0,47.0,5998.0,37.35,26.37,35.37,12.51,9.31,18.61,10.8887806908,9.12321213776,3,3640.0,1660.0,60.0,140.0,20.0,2390.0,1230.0,65.66,436000,487500,490000,440000,557000,420000.0,,27.75,75.0,64.0,23.0,40.0,17.0,11.0,1.0,57.0,52.0,91.0,28.0,20.6,7.7,0.0,0.0,0.0,0.0,0.0
E02000648,Lambeth 031,West Norwood South,E09000022,Lambeth,E14001205,Dulwich and West Norwood,3188.0,331.0,746.0,41.0,1538.0,520.0,12.0,7725.0,7027.0,21.0,602.0,75.0,497.0,872.0,1373.0,375.0,71.0,5830.0,33.78,16.31,48.24,9.04,13.99,15.59,8.53074857233,8.04871072424,2,3450.0,900.0,260.0,50.0,10.0,2120.0,1330.0,61.45,388500,385000,505000,508750,421250,319050.0,,8.43,27.0,27.0,13.0,0.0,9.0,1.0,9.0,33.0,2.0,34.0,10.0,7.8,2.9,0.0,0.0,0.0,0.0,0.0
E02000631,Lambeth 014,Herne Hill East,E09000022,Lambeth,E14001205,Dulwich and West Norwood,3739.0,549.0,941.0,50.0,1040.0,1158.0,1.0,9396.0,7941.0,58.0,1268.0,129.0,884.0,932.0,1550.0,276.0,98.0,7737.0,39.85,30.97,27.81,15.49,10.0,23.64,14.2487924562,12.5792115102,3,4070.0,2850.0,120.0,210.0,50.0,2680.0,1390.0,65.85,553500,525000,550000,548500,583500,505000.0,,5.42,176.0,163.0,27.0,66.0,309.0,329.0,2.0,26.0,0.0,807.0,638.0,43.2,156.8,1.0,0.02,3.0,3.0,0.0
E02000621,Lambeth 004,Vauxhall South,E09000022,Lambeth,E14001559,Vauxhall and Camberwell Green,6007.0,655.0,819.0,183.0,1761.0,2582.0,7.0,12436.0,8909.0,207.0,2707.0,613.0,569.0,1625.0,3331.0,424.0,60.0,11120.0,24.54,42.98,29.32,28.36,8.06,9.47,32.0278206962,32.709213678,6a,8270.0,1900.0,1260.0,3100.0,1110.0,7470.0,660.0,90.33,610000,799500,708925,717500,655000,600000.0,1082805.0,7.38,1815.0,1811.0,27.0,201.0,1143.0,488.0,0.0,47.0,7.0,837.0,1631.0,219.5,197.2,2.0,0.7000000000000001,479.0,479.0,0.0
E02000646,Lambeth 029,Streatham Central,E09000022,Lambeth,E14001527,Streatham and Croydon North,3903.0,703.0,1157.0,27.0,451.0,1564.0,1.0,9411.0,7852.0,52.0,1407.0,100.0,924.0,1006.0,1619.0,293.0,63.0,7807.0,47.66,40.07,11.56,16.57,9.12,23.67,18.1179243961,20.6716380371,4,4040.0,1790.0,170.0,180.0,10.0,2660.0,1350.0,65.84,439975,525000,499975,475000,442500,400000.0,,0.57,38.0,38.0,23.0,0.0,36.0,96.0,8.0,35.0,34.0,166.0,132.0,9.4,32.7,6.0,1.4,46.0,46.0,0.0
E02000645,Lambeth 028,West Norwood East,E09000022,Lambeth,E14001205,Dulwich and West Norwood,4048.0,614.0,1116.0,61.0,850.0,1401.0,6.0,9386.0,8107.0,26.0,1147.0,106.0,888.0,1098.0,1673.0,335.0,53.0,7532.0,42.74,34.61,21.0,13.63,9.58,21.94,13.9137662038,14.1849199261,3,4370.0,2720.0,270.0,140.0,70.0,2920.0,1440.0,66.82,470000,500000,455500,490000,549000,423750.0,,16.81,112.0,95.0,34.0,0.0,20.0,28.0,6.0,66.0,34.0,145.0,48.0,25.6,11.0,1.0,0.05,5.0,5.0,0.0
E02000647,Lambeth 030,West Norwood West & Streatham East,E09000022,Lambeth,E14001205,Dulwich and West Norwood,3422.0,727.0,1127.0,74.0,645.0,848.0,1.0,8451.0,7434.0,23.0,895.0,99.0,973.0,954.0,1182.0,263.0,50.0,6734.0,54.18,24.78,18.85,12.03,9.15,28.43,7.72566600219,6.13327781136,2,3650.0,1250.0,110.0,150.0,30.0,1880.0,1730.0,51.51,495625,502500,492500,530000,517500,400000.0,,4.41,51.0,41.0,16.0,0.0,12.0,7.0,1.0,29.0,56.0,61.0,19.0,14.0,5.2,0.0,0.0,0.0,0.0,0.0
E02000622,Lambeth 005,Oval,E09000022,Lambeth,E14001559,Vauxhall and Camberwell Green,3633.0,388.0,616.0,22.0,1363.0,1238.0,6.0,8332.0,6575.0,95.0,1530.0,132.0,502.0,918.0,1843.0,298.0,74.0,7202.0,27.64,34.08,37.52,21.09,10.24,13.82,25.5653306072,25.6591973022,6a,4040.0,1770.0,110.0,310.0,40.0,3110.0,890.0,76.98,535000,532500,492000,539950,588000,452500.0,,9.91,13.0,5.0,12.0,0.0,917.0,171.0,0.0,13.0,189.0,355.0,1088.0,3.2,269.3,0.0,0.0,0.0,0.0,0.0
E02000627,Lambeth 010,Stockwell South,E09000022,Lambeth,E14001175,Clapham and Brixton Hill,3915.0,375.0,615.0,82.0,1641.0,1193.0,9.0,9474.0,7487.0,118.0,1693.0,176.0,492.0,941.0,1966.0,413.0,105.0,8085.0,25.29,30.47,41.92,20.97,13.23,12.57,24.5158994556,24.0724592802,5,4430.0,1880.0,230.0,650.0,10.0,3580.0,720.0,80.81,492500,575000,592500,587000,560000,462500.0,,13.71,117.0,55.0,24.0,61.0,4.0,558.0,1.0,9.0,2.0,605.0,562.0,26.4,126.9,1.0,2.57,553.0,553.0,0.0
E02000625,Lambeth 008,Stockwell West,E09000022,Lambeth,E14001175,Clapham and Brixton Hill,3799.0,216.0,464.0,58.0,1855.0,1200.0,6.0,9216.0,7743.0,61.0,1270.0,142.0,338.0,886.0,1976.0,467.0,130.0,7506.0,17.9,31.59,48.83,15.98,15.71,8.9,19.4609325612,19.239502975,4,4000.0,490.0,150.0,590.0,20.0,3740.0,230.0,93.5,445000,428000,425000,425000,425000,420000.0,,-4.49,6.0,6.0,3.0,0.0,3.0,30.0,21.0,12.0,16.0,59.0,33.0,1.5,8.2,2.0,0.37,132.0,132.0,0.0
E02000623,Lambeth 006,Stockwell North,E09000022,Lambeth,E14001559,Vauxhall and Camberwell Green,3330.0,303.0,393.0,18.0,1762.0,843.0,11.0,7819.0,6695.0,40.0,966.0,118.0,413.0,809.0,1609.0,393.0,107.0,6448.0,20.9,25.32,52.91,14.38,15.02,12.4,24.4305329903,23.63265279,5,3510.0,610.0,40.0,40.0,40.0,3070.0,430.0,87.46,430000,422500,541000,457750,440000,420000.0,,2.33,39.0,8.0,7.0,8.0,275.0,10.0,0.0,1.0,22.0,316.0,285.0,11.1,81.2,3.0,0.09,26.0,26.0,0.0
E02000649,Lambeth 032,Streatham Green,E09000022,Lambeth,E14001527,Streatham and Croydon North,5304.0,596.0,1431.0,103.0,802.0,2363.0,9.0,12313.0,10177.0,56.0,1949.0,131.0,731.0,1364.0,2529.0,576.0,106.0,10218.0,38.22,44.55,15.12,17.35,12.86,13.78,18.7794075811,20.3284640796,4,5540.0,3830.0,170.0,390.0,40.0,4490.0,1010.0,81.05,431250,440000,432500,445000,410000,395000.0,,-4.93,111.0,101.0,56.0,0.0,7.0,36.0,5.0,49.0,121.0,107.0,43.0,20.0,7.8,2.0,0.09,15.0,15.0,0.0
E02000641,Lambeth 024,Tulse Hill,E09000022,Lambeth,E14001175,Clapham and Brixton Hill,3391.0,238.0,554.0,46.0,1923.0,627.0,3.0,8516.0,7590.0,29.0,786.0,111.0,434.0,885.0,1549.0,434.0,90.0,6570.0,23.36,18.49,56.71,10.87,15.45,12.8,9.98949481234,7.85385561677,2,3620.0,250.0,290.0,60.0,20.0,2870.0,740.0,79.28,396000,406250,390000,410000,437500,405500.0,,10.48,17.0,17.0,5.0,0.0,9.0,0.0,0.0,2.0,0.0,17.0,9.0,4.7,2.5,0.0,0.0,0.0,0.0,0.0
E02000620,Lambeth 003,Kennington West & Vauxhall North,E09000022,Lambeth,E14001559,Vauxhall and Camberwell Green,4590.0,506.0,605.0,219.0,1886.0,1370.0,4.0,9778.0,7958.0,89.0,1451.0,280.0,465.0,1225.0,2367.0,433.0,98.0,8373.0,24.2,29.85,41.09,18.61,11.57,10.13,32.9692123252,32.0487397586,6a,5890.0,1200.0,800.0,1270.0,550.0,5420.0,470.0,92.02,780000,604000,648600,563500,690450,680800.0,868200.0,-11.48,222.0,212.0,20.0,29.0,1126.0,1163.0,10.0,211.0,770.0,1591.0,2289.0,37.7,388.6,2.0,0.52,73.0,73.0,0.0
E02000643,Lambeth 026,Streatham Hill,E09000022,Lambeth,E14001527,Streatham and Croydon North,3946.0,492.0,1079.0,54.0,971.0,1343.0,7.0,9296.0,7713.0,31.0,1425.0,127.0,735.0,998.0,1807.0,313.0,95.0,7688.0,39.81,34.03,24.61,17.03,10.34,18.63,20.8792762136,21.5596427202,5,4100.0,2340.0,70.0,430.0,40.0,3180.0,860.0,77.56,540000,532250,473750,506000,450000,395000.0,,-16.67,15.0,15.0,13.0,0.0,8.0,4.0,34.0,16.0,6.0,60.0,12.0,3.7,2.9,1.0,0.25,34.0,34.0,0.0
E02000644,Lambeth 027,Leigham Vale & Royal Circus,E09000022,Lambeth,E14001527,Streatham and Croydon North,3496.0,582.0,1152.0,25.0,672.0,1064.0,1.0,8400.0,7147.0,28.0,1083.0,142.0,847.0,929.0,1424.0,247.0,50.0,6732.0,49.6,30.43,19.22,14.92,8.5,24.23,12.0684980473,13.518465097,3,3780.0,2100.0,90.0,150.0,60.0,2490.0,1280.0,65.87,435000,515000,490000,515000,492000,377250.0,,13.1,143.0,87.0,27.0,25.0,11.0,38.0,0.0,52.0,21.0,137.0,49.0,37.8,13.0,1.0,0.8,9.0,9.0,0.0
E02000639,Lambeth 022,Clapham Park East & Streatham Hill North,E09000022,Lambeth,E14001175,Clapham and Brixton Hill,3726.0,267.0,512.0,170.0,1621.0,1150.0,6.0,8253.0,6905.0,49.0,1198.0,101.0,381.0,1000.0,1860.0,390.0,94.0,6971.0,20.91,30.86,43.51,16.33,12.99,10.23,15.8096263285,12.8542685268,4,4050.0,570.0,140.0,730.0,230.0,3710.0,320.0,91.6,392500,412500,390000,405000,350000,323500.0,,-10.83,165.0,133.0,18.0,153.0,1681.0,3.0,4.0,1.0,254.0,1701.0,1684.0,40.7,415.8,0.0,0.0,0.0,0.0,0.0
E02000651,Lambeth 034,Streatham Common,E09000022,Lambeth,E14001527,Streatham and Croydon North,3479.0,643.0,1032.0,46.0,587.0,1166.0,5.0,8596.0,7403.0,32.0,1051.0,110.0,868.0,900.0,1361.0,269.0,83.0,7066.0,48.15,33.52,16.87,13.88,10.12,24.95,12.5809928373,12.9694353926,3,3670.0,2080.0,130.0,80.0,60.0,2180.0,1490.0,59.4,425000,529218,495000,568750,500000,367750.0,,17.65,72.0,69.0,30.0,0.0,33.0,37.0,12.0,102.0,5.0,140.0,70.0,19.6,19.1,0.0,0.0,0.0,0.0,0.0
E02000652,Lambeth 035,Streatham Vale,E09000022,Lambeth,E14001527,Streatham and Croydon North,2545.0,677.0,693.0,31.0,434.0,708.0,2.0,7476.0,6592.0,20.0,777.0,87.0,839.0,745.0,651.0,227.0,81.0,5954.0,53.83,27.82,17.05,11.82,12.1,32.97,7.35960710759,7.40841970533,2,2590.0,100.0,10.0,10.0,10.0,270.0,2290.0,10.42,462500,575000,585000,605250,590000,351500.0,,27.57,28.0,12.0,19.0,0.0,2.0,240.0,0.0,17.0,5.0,260.0,242.0,10.8,93.4,1.0,0.79,237.0,237.0,0.0
E02000624,Lambeth 007,Stockwell East,E09000022,Lambeth,E14001559,Vauxhall and Camberwell Green,4272.0,339.0,771.0,158.0,1746.0,1246.0,12.0,9562.0,7851.0,41.0,1451.0,219.0,338.0,1096.0,2360.0,386.0,92.0,8103.0,25.98,29.17,40.87,17.89,11.19,7.91,17.7054602251,18.5120342453,4,4490.0,1330.0,80.0,1200.0,10.0,3940.0,510.0,87.75,429000,532500,504500,520000,510000,495500.0,,18.88,70.0,66.0,17.0,25.0,5.0,54.0,2.0,9.0,25.0,123.0,59.0,15.6,13.1,1.0,0.14,25.0,25.0,0.0
E02000642,Lambeth 025,West Dulwich,E09000022,Lambeth,E14001205,Dulwich and West Norwood,4170.0,634.0,1006.0,31.0,1380.0,1114.0,5.0,9709.0,8408.0,52.0,1151.0,98.0,974.0,1108.0,1711.0,317.0,60.0,7772.0,39.33,26.71,33.09,13.4,9.04,23.36,12.3443548753,10.267189122,3,4280.0,2500.0,180.0,80.0,20.0,2700.0,1550.0,63.08,500000,525000,547500,552212,632500,490000.0,,26.5,34.0,34.0,20.0,0.0,46.0,103.0,7.0,51.0,10.0,175.0,149.0,7.9,34.8,2.0,0.33,99.0,99.0,0.0
E02000681,Lewisham 029,Bellingham & Perry Hill,E09000023,Lewisham,E14001333,Lewisham West and East Dulwich,3351.0,577.0,893.0,25.0,1110.0,740.0,6.0,8342.0,7783.0,17.0,504.0,38.0,760.0,911.0,1277.0,329.0,74.0,6448.0,43.87,22.08,33.12,6.7,12.03,22.68,8.69437392594,8.744757163,2,3500.0,530.0,50.0,80.0,30.0,1140.0,2330.0,32.57,400000,425000,427500,450000,462000,317500.0,,15.5,63.0,47.0,14.0,26.0,275.0,19.0,26.0,36.0,3.0,346.0,294.0,18.0,84.0,10.0,36.690000000000005,5188.0,7068.0,3178.0
E02000686,Lewisham 034,Beckenham Hill,E09000023,Lewisham,E14001331,Lewisham East,3044.0,309.0,552.0,69.0,1455.0,652.0,7.0,7450.0,6854.0,17.0,540.0,39.0,314.0,768.0,1513.0,345.0,104.0,5524.0,28.29,21.42,47.8,8.0,14.75,10.32,6.39361665367,5.87329552798,2,3180.0,70.0,70.0,260.0,10.0,2000.0,1040.0,62.89,312000,315000,322750,382500,325000,282500.0,,4.17,38.0,38.0,6.0,0.0,31.0,3.0,13.0,9.0,10.0,45.0,34.0,11.9,10.7,5.0,3.1,260.0,463.0,248.0
E02000659,Lewisham 007,Blackheath West,E09000023,Lewisham,E14001332,Lewisham North,3541.0,541.0,806.0,105.0,1038.0,1045.0,6.0,7966.0,6974.0,24.0,873.0,95.0,671.0,1086.0,1538.0,210.0,36.0,6516.0,38.04,29.51,29.31,12.45,6.95,18.95,19.7767824643,13.7379325304,4,4130.0,1250.0,50.0,1230.0,400.0,3130.0,900.0,75.79,435000,472000,505000,470000,465000,408000.0,,6.9,596.0,576.0,22.0,8.0,671.0,4.0,73.0,3.0,0.0,605.0,675.0,144.3,163.4,6.0,6.46,537.0,537.0,63.0
E02000661,Lewisham 009,Blackheath Village,E09000023,Lewisham,E14001332,Lewisham North,3044.0,612.0,694.0,4.0,674.0,1056.0,4.0,6407.0,5476.0,39.0,814.0,78.0,668.0,899.0,1253.0,192.0,32.0,5301.0,42.9,34.69,22.14,14.53,7.36,21.94,13.4824841552,13.9171411299,3,3340.0,1140.0,80.0,110.0,50.0,2210.0,990.0,66.17,575000,652000,595000,605000,500000,445000.0,,-13.04,31.0,30.0,15.0,0.0,21.0,30.0,44.0,28.0,1.0,113.0,51.0,9.3,15.3,8.0,1.23,109.0,109.0,61.0
E02000677,Lewisham 025,Culverley Green,E09000023,Lewisham,E14001331,Lewisham East,2643.0,708.0,947.0,23.0,346.0,615.0,4.0,7126.0,6488.0,21.0,551.0,66.0,887.0,673.0,807.0,210.0,65.0,5711.0,62.62,23.27,13.09,8.95,10.4,33.56,11.7309161143,12.9454201976,3,2900.0,1700.0,80.0,140.0,60.0,1210.0,1650.0,41.72,468750,600000,560000,530000,623000,335000.0,,32.91,71.0,70.0,29.0,1.0,4.0,9.0,20.0,27.0,1.0,73.0,13.0,24.5,4.5,4.0,2.81,493.0,493.0,461.0
E02000680,Lewisham 028,Upper Sydenham,E09000023,Lewisham,E14001333,Lewisham West and East Dulwich,2913.0,459.0,834.0,51.0,921.0,636.0,12.0,6952.0,6254.0,17.0,636.0,45.0,540.0,858.0,1216.0,257.0,42.0,5383.0,44.39,21.83,31.62,10.04,10.26,18.54,10.4823753908,10.5635200676,3,3290.0,710.0,210.0,180.0,140.0,2260.0,970.0,68.69,373000,466750,440000,480000,490000,395000.0,,31.37,266.0,148.0,14.0,171.0,18.0,52.0,49.0,32.0,1.0,279.0,70.0,80.9,21.3,13.0,5.73,369.0,369.0,54.0
E02000671,Lewisham 019,Honor Oak,E09000023,Lewisham,E14001333,Lewisham West and East Dulwich,3683.0,644.0,1273.0,36.0,722.0,1004.0,4.0,8599.0,7523.0,16.0,978.0,82.0,885.0,1123.0,1394.0,240.0,40.0,6824.0,52.05,27.26,19.6,12.51,7.6,24.03,10.7685781176,11.5662491709,3,3890.0,2150.0,110.0,110.0,30.0,2060.0,1690.0,52.96,507500,550000,482500,510000,542500,440000.0,,6.9,82.0,66.0,33.0,0.0,18.0,31.0,27.0,25.0,3.0,122.0,49.0,21.1,12.6,5.0,0.64,61.0,61.0,41.0
E02000683,Lewisham 031,Chinbrook,E09000023,Lewisham,E14001331,Lewisham East,2724.0,423.0,719.0,37.0,965.0,579.0,1.0,6688.0,6093.0,16.0,523.0,56.0,503.0,809.0,1123.0,235.0,54.0,5246.0,41.92,21.26,35.43,8.9,10.61,18.47,8.53023827773,7.44139350166,2,2940.0,170.0,50.0,100.0,70.0,1140.0,1770.0,38.78,333750,390000,388000,389000,370000,249500.0,,10.86,60.0,60.0,18.0,5.0,24.0,52.0,3.0,151.0,33.0,109.0,76.0,20.4,25.9,6.0,0.8300000000000001,59.0,59.0,0.0
E02000654,Lewisham 002,Deptford North,E09000023,Lewisham,E14001332,Lewisham North,3596.0,195.0,547.0,68.0,1922.0,849.0,15.0,8706.0,7675.0,44.0,894.0,93.0,279.0,772.0,1864.0,535.0,146.0,6798.0,20.63,23.61,53.45,11.84,18.94,7.76,8.47856712407,6.56830914597,2,4190.0,470.0,350.0,910.0,600.0,3600.0,500.0,85.92,437500,400000,303500,356250,385000,371250.0,,-12.0,722.0,664.0,26.0,121.0,3786.0,3503.0,235.0,20.0,0.0,4219.0,7289.0,172.3,1739.6,13.0,6.8,2430.0,2438.0,254.0
E02006784,Lewisham 038,Downham West,E09000023,Lewisham,E14001331,Lewisham East,3126.0,597.0,845.0,23.0,1125.0,534.0,2.0,7901.0,7355.0,19.0,465.0,62.0,604.0,888.0,1249.0,296.0,86.0,6096.0,46.13,17.08,35.99,6.91,12.22,19.32,7.03193421059,6.70940539377,2,3350.0,100.0,160.0,100.0,10.0,1110.0,2230.0,33.13,330000,386250,405000,389000,400000,290000.0,,21.21,60.0,60.0,9.0,32.0,1.0,42.0,0.0,13.0,0.0,90.0,43.0,17.9,12.8,3.0,2.61,202.0,202.0,166.0
E02000657,Lewisham 005,New Cross South,E09000023,Lewisham,E14001332,Lewisham North,3988.0,405.0,804.0,98.0,1234.0,1442.0,5.0,9815.0,7815.0,116.0,1616.0,268.0,519.0,961.0,2027.0,355.0,128.0,8201.0,30.32,36.16,30.94,20.38,12.11,13.01,22.0868007814,22.4801547758,5,4350.0,2060.0,230.0,440.0,10.0,2880.0,1080.0,66.21,380000,451750,408000,450000,516000,410000.0,,35.79,61.0,53.0,49.0,1.0,30.0,53.0,17.0,14.0,9.0,142.0,83.0,14.0,19.1,7.0,1.1300000000000001,87.0,87.0,66.0
E02000660,Lewisham 008,Brockley East & St Johns,E09000023,Lewisham,E14001332,Lewisham North,3602.0,436.0,913.0,43.0,913.0,1294.0,3.0,8114.0,6669.0,50.0,1288.0,107.0,447.0,1024.0,1790.0,286.0,56.0,6770.0,37.45,35.92,25.35,17.81,9.49,12.41,16.1963045118,14.0924216068,4,3910.0,2120.0,820.0,120.0,10.0,2920.0,930.0,74.68,447500,475000,480000,542000,455000,435000.0,,1.68,18.0,17.0,17.0,0.0,0.0,11.0,53.0,7.0,19.0,78.0,11.0,4.6,2.8,4.0,0.21000000000000002,29.0,29.0,5.0
E02000674,Lewisham 022,Corbett Estate,E09000023,Lewisham,E14001331,Lewisham East,3057.0,758.0,1231.0,10.0,330.0,727.0,1.0,8280.0,7548.0,32.0,640.0,60.0,1053.0,883.0,841.0,198.0,82.0,6598.0,65.06,23.78,10.79,8.84,9.16,34.45,7.55680964199,7.87945969166,2,3180.0,3070.0,10.0,50.0,0.0,830.0,2330.0,26.1,478500,600000,582500,615000,600000,325000.0,,25.39,13.0,7.0,23.0,1.0,7.0,12.0,6.0,29.0,0.0,38.0,19.0,4.1,6.0,1.0,0.08,5.0,5.0,0.0
E02006783,Lewisham 037,Downham East,E09000023,Lewisham,E14001331,Lewisham East,2895.0,414.0,770.0,17.0,1102.0,586.0,6.0,7677.0,7057.0,14.0,518.0,88.0,361.0,933.0,1149.0,369.0,83.0,5651.0,40.9,20.24,38.07,8.08,15.61,12.47,8.92709241186,7.19451502426,2,3030.0,20.0,60.0,10.0,0.0,370.0,2650.0,12.21,317250,385000,377500,380000,386250,272500.0,,21.75,12.0,11.0,8.0,0.0,3.0,4.0,0.0,1.0,0.0,17.0,7.0,4.0,2.3,1.0,0.43,42.0,42.0,42.0
E02000653,Lewisham 001,Silwood & Pepys,E09000023,Lewisham,E14001332,Lewisham North,5294.0,300.0,928.0,250.0,2127.0,1684.0,5.0,12464.0,10338.0,110.0,1772.0,244.0,387.0,1326.0,2827.0,574.0,179.0,10268.0,23.2,31.81,40.18,17.06,14.22,7.31,7.92953904761,9.17715114834,2,5680.0,440.0,1150.0,2080.0,270.0,4620.0,880.0,81.34,450000,485000,426000,450000,420625,405000.0,,-6.53,85.0,84.0,16.0,12.0,1194.0,1028.0,124.0,6.0,505.0,1226.0,2222.0,15.0,391.2,4.0,0.7000000000000001,439.0,439.0,5.0
E02000673,Lewisham 021,Forest Hill West,E09000023,Lewisham,E14001333,Lewisham West and East Dulwich,3494.0,707.0,1143.0,14.0,622.0,1003.0,5.0,8054.0,6991.0,41.0,970.0,52.0,889.0,1018.0,1343.0,204.0,41.0,6490.0,52.95,28.71,17.8,13.2,7.01,25.44,9.18230340543,8.50386283146,2,3720.0,1470.0,150.0,200.0,50.0,2290.0,1310.0,61.56,435000,525000,455000,495500,525000,420000.0,,20.69,170.0,139.0,40.0,40.0,22.0,7.0,36.0,66.0,4.0,147.0,29.0,45.7,7.8,11.0,1.69,154.0,154.0,94.0
E02000667,Lewisham 015,Crofton Park,E09000023,Lewisham,E14001333,Lewisham West and East Dulwich,2525.0,614.0,1020.0,29.0,287.0,572.0,3.0,6606.0,5864.0,15.0,691.0,36.0,893.0,745.0,742.0,113.0,30.0,5147.0,64.71,22.65,11.37,11.23,5.66,35.37,11.1427710015,11.5411259441,3,2630.0,1530.0,20.0,50.0,10.0,770.0,1820.0,29.28,549625,724000,717500,730000,717500,450000.0,,30.54,35.0,21.0,21.0,6.0,6.0,4.0,10.0,19.0,4.0,37.0,10.0,13.3,3.8,2.0,0.23,12.0,12.0,0.0
E02000675,Lewisham 023,Grove Park & Lee South,E09000023,Lewisham,E14001331,Lewisham East,3420.0,880.0,1121.0,45.0,666.0,705.0,3.0,8426.0,7595.0,25.0,731.0,75.0,998.0,1066.0,1049.0,261.0,46.0,6650.0,58.51,20.61,19.47,9.86,8.98,29.18,7.00118991081,5.09717781927,2,3580.0,530.0,60.0,120.0,30.0,1290.0,2170.0,36.03,426000,520000,527500,480000,504000,286000.0,,18.31,22.0,18.0,14.0,0.0,7.0,9.0,22.0,23.0,4.0,50.0,16.0,6.1,4.5,4.0,1.1400000000000001,93.0,93.0,78.0
E02000666,Lewisham 014,Ladywell,E09000023,Lewisham,E14001332,Lewisham North,2735.0,542.0,886.0,15.0,610.0,680.0,2.0,7092.0,6293.0,16.0,731.0,52.0,684.0,773.0,1007.0,222.0,49.0,5650.0,52.21,24.86,22.3,11.27,9.91,25.01,9.88788934662,9.69450354582,2,2900.0,1650.0,50.0,40.0,10.0,1250.0,1530.0,43.1,500000,550000,616000,530000,502500,410000.0,,0.5,21.0,13.0,20.0,0.0,129.0,3.0,4.0,10.0,0.0,152.0,132.0,7.2,45.5,1.0,0.04,7.0,7.0,0.0
E02000663,Lewisham 011,Loampit & Hilly Fields,E09000023,Lewisham,E14001332,Lewisham North,2819.0,586.0,846.0,23.0,634.0,729.0,1.0,6711.0,5822.0,53.0,754.0,82.0,724.0,792.0,1045.0,201.0,55.0,5532.0,50.8,25.86,22.49,13.25,9.08,25.68,18.6750765465,17.524259794,4,3090.0,2080.0,20.0,200.0,50.0,1660.0,1370.0,53.72,520000,575500,635000,610000,640000,500000.0,,23.08,56.0,10.0,15.0,15.0,1.0,1.0,4.0,5.0,0.0,13.0,2.0,18.1,0.6,3.0,0.25,44.0,44.0,30.0
E02000665,Lewisham 013,Manor House,E09000023,Lewisham,E14001331,Lewisham East,3415.0,632.0,1011.0,27.0,840.0,901.0,4.0,8051.0,7150.0,29.0,807.0,65.0,808.0,973.0,1350.0,235.0,49.0,6393.0,48.11,26.38,24.6,11.19,8.32,23.66,12.8613617332,12.0216286558,3,3580.0,2120.0,130.0,130.0,30.0,1810.0,1710.0,50.56,528750,500000,576000,564500,600000,367500.0,,13.48,30.0,23.0,14.0,0.0,12.0,572.0,29.0,9.0,8.0,632.0,584.0,8.4,163.1,7.0,3.3600000000000003,271.0,276.0,156.0
E02000670,Lewisham 018,Catford East & Mountsfield Park,E09000023,Lewisham,E14001331,Lewisham East,2783.0,437.0,695.0,20.0,767.0,860.0,4.0,6625.0,5901.0,31.0,629.0,64.0,431.0,730.0,1225.0,299.0,97.0,5267.0,40.68,30.9,27.56,10.93,14.23,15.49,13.5318385416,12.0633238373,3,3050.0,2170.0,130.0,210.0,70.0,1900.0,1070.0,62.3,360000,407250,413750,380000,435000,370000.0,,20.83,82.0,74.0,22.0,15.0,0.0,13.0,4.0,5.0,0.0,28.0,13.0,26.9,4.3,2.0,0.25,54.0,54.0,0.0
E02000672,Lewisham 020,Catford Bridge,E09000023,Lewisham,E14001331,Lewisham East,4198.0,536.0,1167.0,86.0,986.0,1421.0,2.0,10109.0,9073.0,16.0,903.0,117.0,608.0,1071.0,1970.0,459.0,95.0,8009.0,40.57,33.85,23.49,10.25,13.2,14.48,18.0275563945,17.8035765484,4,4600.0,2490.0,110.0,870.0,30.0,3050.0,1490.0,66.3,383498,399950,375000,420000,425000,335000.0,,10.82,83.0,78.0,39.0,0.0,6.0,31.0,77.0,60.0,10.0,180.0,37.0,18.0,8.0,10.0,3.2399999999999998,2584.0,2584.0,1464.0
E02006798,Lewisham 039,New Cross & Deptford South,E09000023,Lewisham,E14001332,Lewisham North,3774.0,268.0,642.0,52.0,1619.0,1181.0,12.0,8795.0,7535.0,77.0,1039.0,144.0,335.0,884.0,1990.0,435.0,129.0,7228.0,24.11,31.29,42.9,14.33,14.94,8.88,20.269805004,22.2241879717,5,4420.0,320.0,220.0,960.0,310.0,3440.0,730.0,77.83,440000,545000,371500,392000,375000,350000.0,,-14.77,402.0,253.0,30.0,114.0,219.0,449.0,6.0,8.0,978.0,603.0,668.0,91.0,151.1,16.0,8.89,1694.0,1694.0,968.0
E02000685,Lewisham 033,Sydenham Wells,E09000023,Lewisham,E14001333,Lewisham West and East Dulwich,3422.0,541.0,877.0,30.0,1277.0,694.0,3.0,8038.0,7239.0,21.0,712.0,66.0,667.0,988.0,1393.0,318.0,57.0,6267.0,41.44,20.28,37.32,9.94,10.96,19.49,10.9356276664,10.8507306061,3,3700.0,880.0,40.0,270.0,90.0,2490.0,1090.0,67.3,508000,440000,460000,487750,450000,395000.0,,-11.42,44.0,36.0,15.0,5.0,3.0,28.0,48.0,21.0,38.0,104.0,31.0,11.9,8.4,4.0,0.74,59.0,59.0,0.0
E02000662,Lewisham 010,Brockley West,E09000023,Lewisham,E14001332,Lewisham North,3303.0,342.0,858.0,76.0,1253.0,765.0,9.0,8178.0,7288.0,32.0,747.0,111.0,479.0,907.0,1515.0,331.0,73.0,6403.0,36.33,23.16,37.94,10.88,12.23,14.5,11.1798111573,11.3145115187,3,3450.0,1480.0,200.0,190.0,20.0,2220.0,1170.0,64.35,435000,497500,500000,500000,520500,450000.0,,19.66,25.0,17.0,8.0,9.0,3.0,58.0,9.0,13.0,0.0,73.0,61.0,7.2,17.7,3.0,0.27,65.0,65.0,0.0
E02000668,Lewisham 016,Lee,E09000023,Lewisham,E14001331,Lewisham East,2731.0,692.0,961.0,16.0,436.0,624.0,2.0,6774.0,6103.0,10.0,616.0,45.0,884.0,868.0,794.0,145.0,36.0,5140.0,60.53,22.85,15.96,9.91,6.63,32.37,9.47660439057,9.70024709922,2,2830.0,930.0,70.0,20.0,10.0,1190.0,1600.0,42.05,527500,595000,625000,505000,666250,355000.0,,26.3,18.0,15.0,10.0,0.0,113.0,70.0,7.0,12.0,8.0,153.0,183.0,6.4,64.7,3.0,1.0899999999999999,651.0,651.0,643.0
E02000655,Lewisham 003,New Cross Gate,E09000023,Lewisham,E14001332,Lewisham North,4009.0,323.0,742.0,157.0,1361.0,1417.0,9.0,10169.0,8429.0,103.0,1425.0,212.0,319.0,836.0,2135.0,562.0,155.0,8187.0,26.57,35.35,33.95,17.11,17.88,7.96,10.9087222917,6.73855804087,3,4130.0,1100.0,280.0,600.0,120.0,2860.0,1120.0,69.25,339000,355000,325000,371500,427000,283000.0,,25.96,123.0,122.0,20.0,12.0,22.0,7.0,2.0,14.0,91.0,13.0,29.0,29.8,7.0,4.0,14.0,4321.0,4321.0,808.0
E02007009,Lewisham 041,Central Lewisham South,E09000023,Lewisham,E14001332,Lewisham North,3987.0,372.0,820.0,83.0,1395.0,1310.0,7.0,8997.0,7620.0,34.0,1201.0,142.0,455.0,914.0,2038.0,487.0,93.0,7413.0,29.9,32.86,34.99,15.31,14.55,11.41,26.1468673592,22.5469172028,6a,4520.0,1550.0,250.0,970.0,340.0,3410.0,930.0,75.44,368750,347500,350000,348445,367500,315000.0,,-0.34,234.0,219.0,35.0,55.0,11.0,147.0,68.0,57.0,1.0,319.0,158.0,51.8,35.0,12.0,9.44,2678.0,2678.0,2551.0
E02000676,Lewisham 024,Forest Hill East,E09000023,Lewisham,E14001333,Lewisham West and East Dulwich,3190.0,582.0,1170.0,23.0,619.0,793.0,3.0,7693.0,6867.0,31.0,744.0,51.0,750.0,983.0,1184.0,228.0,45.0,6088.0,54.92,24.86,19.4,10.74,8.56,23.51,8.52274534323,8.216278302,2,3430.0,2340.0,140.0,90.0,50.0,1810.0,1530.0,52.77,460000,530000,492577,555000,590000,411750.0,,28.26,62.0,58.0,23.0,4.0,53.0,3.0,3.0,21.0,0.0,109.0,56.0,18.1,16.3,2.0,0.14,27.0,27.0,5.0
E02000678,Lewisham 026,Further Green,E09000023,Lewisham,E14001331,Lewisham East,2615.0,463.0,761.0,24.0,777.0,586.0,4.0,6850.0,6271.0,23.0,488.0,68.0,513.0,677.0,1048.0,292.0,84.0,5128.0,46.81,22.41,29.71,8.45,14.38,19.62,5.28722173418,4.60532267021,2,2660.0,30.0,0.0,110.0,0.0,760.0,1900.0,28.57,325000,405000,385000,415000,402500,207000.0,,23.85,7.0,7.0,7.0,4.0,0.0,3.0,4.0,13.0,0.0,9.0,3.0,2.6,1.1,1.0,1.7,136.0,136.0,136.0
E02000682,Lewisham 030,Forster Park & Southend,E09000023,Lewisham,E14001331,Lewisham East,3218.0,618.0,797.0,42.0,1129.0,632.0,0.0,8835.0,8191.0,21.0,577.0,46.0,706.0,851.0,1224.0,350.0,87.0,6536.0,43.97,19.64,35.08,7.29,13.58,21.94,7.72295719924,7.12335021455,2,3440.0,30.0,60.0,240.0,50.0,1360.0,2040.0,39.53,392500,480000,480000,465000,506500,295000.0,,29.04,124.0,100.0,9.0,24.0,403.0,3.0,11.0,4.0,126.0,114.0,406.0,36.0,118.0,3.0,6.5,281.0,281.0,63.0
E02000687,Lewisham 035,Lower Sydenham,E09000023,Lewisham,E14001333,Lewisham West and East Dulwich,3455.0,638.0,937.0,21.0,1054.0,796.0,9.0,8155.0,7349.0,19.0,739.0,48.0,757.0,950.0,1385.0,292.0,72.0,6467.0,45.59,23.04,30.51,9.88,10.54,21.91,11.817501747,11.6709491715,3,3690.0,2020.0,90.0,170.0,50.0,2190.0,1430.0,59.35,479000,515000,580500,515000,517500,370000.0,,8.04,78.0,72.0,20.0,12.0,5.0,42.0,15.0,55.0,17.0,113.0,47.0,21.1,12.7,9.0,1.86,358.0,358.0,336.0
E02000679,Lewisham 027,Perry Vale,E09000023,Lewisham,E14001333,Lewisham West and East Dulwich,3375.0,617.0,1002.0,36.0,975.0,736.0,9.0,8025.0,7254.0,35.0,682.0,54.0,781.0,912.0,1344.0,278.0,59.0,6240.0,47.97,21.81,28.89,9.61,9.99,23.14,7.20893434842,6.40821787903,2,3670.0,1050.0,100.0,170.0,100.0,2270.0,1370.0,61.85,420000,487995,426500,490000,450000,354000.0,,7.14,123.0,120.0,22.0,68.0,5.0,8.0,42.0,12.0,7.0,165.0,13.0,33.5,3.5,7.0,3.35,306.0,306.0,195.0
E02000658,Lewisham 006,Telegraph Hill,E09000023,Lewisham,E14001332,Lewisham North,3458.0,442.0,756.0,68.0,1178.0,1011.0,3.0,8539.0,7223.0,60.0,1127.0,129.0,613.0,854.0,1551.0,349.0,92.0,7132.0,34.64,29.24,34.07,15.41,12.75,17.73,19.9326957317,21.0563059953,4,3600.0,2000.0,240.0,180.0,100.0,2460.0,960.0,68.33,446200,562500,446500,536500,507500,419000.0,,13.74,122.0,114.0,24.0,43.0,0.0,2.0,408.0,23.0,2.0,435.0,2.0,33.9,0.6,9.0,1.99,419.0,419.0,19.0
E02000669,Lewisham 017,Hither Green,E09000023,Lewisham,E14001331,Lewisham East,3309.0,501.0,971.0,55.0,657.0,1124.0,1.0,7793.0,6773.0,16.0,912.0,92.0,562.0,977.0,1425.0,271.0,73.0,6300.0,44.48,33.97,19.85,13.09,10.4,16.98,10.202985238,10.0830681213,3,3580.0,2180.0,620.0,170.0,20.0,2320.0,1170.0,64.8,395000,430000,427500,426500,453500,367000.0,,14.81,50.0,45.0,26.0,0.0,21.0,8.0,24.0,26.0,5.0,74.0,29.0,14.0,8.1,7.0,0.47,95.0,95.0,36.0
E02007008,Lewisham 040,Central Lewisham North,E09000023,Lewisham,E14001332,Lewisham North,2659.0,142.0,438.0,146.0,629.0,1303.0,1.0,5699.0,4360.0,51.0,1039.0,249.0,108.0,626.0,1650.0,249.0,28.0,4847.0,21.81,49.0,23.66,23.5,10.42,4.06,43.4165545363,41.5800391628,6b,4780.0,160.0,530.0,3600.0,1550.0,4440.0,220.0,92.89,410000,332500,340000,345000,295000,295000.0,,-28.05,1486.0,1486.0,13.0,278.0,1042.0,3.0,0.0,213.0,528.0,825.0,1045.0,310.9,218.6,7.0,10.11,2458.0,2458.0,980.0
E02000695,Merton 007,Graveney,E09000024,Merton,E14001371,Mitcham and Morden,2943.0,916.0,928.0,22.0,132.0,945.0,0.0,8545.0,7497.0,32.0,930.0,86.0,1024.0,809.0,785.0,223.0,100.0,6967.0,62.66,32.11,4.49,12.26,10.98,34.79,8.09944249902,7.22334581191,2,3100.0,1580.0,40.0,120.0,80.0,650.0,2440.0,20.97,488400,590000,530000,595000,642500,330000.0,,31.55,112.0,106.0,49.0,0.0,14.0,12.0,31.0,22.0,9.0,118.0,26.0,36.1,8.4,2.0,0.6,5.0,5.0,0.0
E02000696,Merton 008,Lavender Park,E09000024,Merton,E14001371,Mitcham and Morden,3270.0,512.0,844.0,23.0,616.0,1274.0,1.0,8532.0,7422.0,31.0,975.0,104.0,617.0,754.0,1417.0,378.0,104.0,6900.0,41.47,38.96,18.84,13.01,14.74,18.87,8.02864231475,8.77697409218,2,3420.0,1120.0,50.0,120.0,40.0,1760.0,1660.0,51.46,392500,418000,460000,460000,450000,333750.0,,14.65,59.0,58.0,25.0,4.0,62.0,92.0,18.0,2.0,46.0,198.0,154.0,17.3,45.0,8.0,1.06,115.0,115.0,5.0
E02000691,Merton 003,Wimbledon Broadway North,E09000024,Merton,E14001586,Wimbledon,2957.0,700.0,868.0,24.0,273.0,1090.0,2.0,7270.0,6019.0,44.0,1085.0,122.0,960.0,835.0,1009.0,128.0,22.0,5873.0,53.03,36.86,9.23,17.21,5.07,32.47,18.8506991329,18.6681608302,4,3140.0,2100.0,120.0,120.0,60.0,1840.0,1290.0,58.6,635000,652500,735000,587500,647500,431250.0,,1.97,88.0,49.0,38.0,2.0,169.0,72.0,14.0,34.0,34.0,316.0,241.0,28.0,76.8,9.0,1.29,183.0,183.0,0.0
E02000692,Merton 004,Wimbledon Hill,E09000024,Merton,E14001586,Wimbledon,3568.0,1006.0,737.0,11.0,332.0,1481.0,1.0,7579.0,6249.0,38.0,1083.0,209.0,1013.0,1191.0,1241.0,114.0,9.0,6352.0,48.85,41.51,9.3,17.55,3.45,28.39,16.8947193228,18.6919083243,4,4040.0,1420.0,260.0,190.0,80.0,2730.0,1260.0,67.57,860000,837500,785000,650000,700000,570000.0,,-18.6,204.0,156.0,51.0,5.0,6.0,162.0,29.0,24.0,543.0,351.0,168.0,50.5,41.6,9.0,1.27,119.0,119.0,99.0
E02000699,Merton 011,Wimbledon Chase,E09000024,Merton,E14001586,Wimbledon,3262.0,896.0,1181.0,10.0,152.0,1022.0,1.0,8090.0,6904.0,31.0,980.0,175.0,1067.0,1084.0,992.0,102.0,17.0,6295.0,63.67,31.33,4.66,14.66,3.65,32.71,10.6381263862,10.132293876,3,3510.0,1960.0,40.0,250.0,80.0,1500.0,2000.0,42.74,599995,612500,625000,711338,747500,522500.0,,24.58,105.0,95.0,26.0,8.0,8.0,161.0,14.0,1.0,3.0,253.0,169.0,29.9,48.1,6.0,1.34,84.0,84.0,0.0
E02000700,Merton 012,Merton Church Road & Phipps Bridge,E09000024,Merton,E14001371,Mitcham and Morden,3354.0,520.0,674.0,21.0,1153.0,982.0,4.0,8544.0,7792.0,8.0,672.0,72.0,419.0,917.0,1499.0,428.0,90.0,6669.0,35.6,29.28,34.38,8.8,15.44,12.49,10.3534366034,8.13862961846,3,3740.0,240.0,100.0,320.0,250.0,2250.0,1480.0,60.16,340000,447500,411000,377000,420000,390000.0,545000.0,23.53,257.0,253.0,15.0,91.0,40.0,1179.0,6.0,10.0,70.0,1311.0,1219.0,68.7,325.9,3.0,6.54,39.0,39.0,0.0
E02000706,Merton 018,Mitcham West,E09000024,Merton,E14001371,Mitcham and Morden,3535.0,488.0,785.0,61.0,1315.0,882.0,4.0,9882.0,9157.0,14.0,622.0,89.0,487.0,863.0,1470.0,580.0,137.0,7364.0,36.01,24.95,37.2,7.34,20.28,13.78,11.0402023759,11.1312873766,3,3670.0,240.0,270.0,320.0,30.0,1980.0,1660.0,53.95,329750,348000,290000,425000,370000,280000.0,,12.21,30.0,24.0,11.0,0.0,30.0,1469.0,17.0,43.0,44.0,1537.0,1499.0,8.2,408.4,16.0,8.322461,927.0,927.0,285.0
E02000709,Merton 021,Cannon Hill,E09000024,Merton,E14001371,Mitcham and Morden,2870.0,1196.0,1119.0,8.0,149.0,397.0,1.0,7901.0,7198.0,30.0,585.0,88.0,1394.0,830.0,524.0,101.0,20.0,6227.0,80.66,13.83,5.19,8.9,4.22,48.57,5.69010258334,4.55687697297,2,2950.0,0.0,0.0,60.0,0.0,390.0,2550.0,13.22,540000,650000,650000,649000,627500,381250.0,,16.2,17.0,9.0,10.0,0.0,0.0,3.0,4.0,4.0,3.0,21.0,3.0,5.8,1.0,2.0,0.05,5.0,5.0,0.0
E02000697,Merton 009,Wimbledon Broadway South,E09000024,Merton,E14001586,Wimbledon,3667.0,807.0,1138.0,19.0,164.0,1539.0,0.0,8589.0,6915.0,49.0,1414.0,211.0,952.0,1154.0,1381.0,149.0,29.0,7042.0,53.04,41.97,4.47,19.49,4.85,25.96,22.6415135145,21.48809,5,4000.0,2500.0,170.0,360.0,100.0,2210.0,1790.0,55.25,633000,600000,665000,638000,745000,437500.0,,17.69,111.0,86.0,34.0,0.0,29.0,356.0,5.0,24.0,19.0,453.0,385.0,27.8,96.2,15.0,2.600268,362.0,362.0,289.0
E02000694,Merton 006,South Wimbledon,E09000024,Merton,E14001586,Wimbledon,3833.0,720.0,1297.0,9.0,535.0,1268.0,4.0,8950.0,7412.0,30.0,1357.0,151.0,948.0,1277.0,1366.0,209.0,32.0,7210.0,52.62,33.08,13.96,17.18,6.29,24.73,13.5805040086,15.059345816,3,4160.0,2850.0,310.0,170.0,80.0,1800.0,2360.0,43.27,610000,748000,701800,717000,698475,470000.0,,14.5,156.0,130.0,53.0,3.0,28.0,25.0,12.0,9.0,8.0,135.0,53.0,37.5,12.7,9.0,0.973803,60.0,60.0,28.0
E02000704,Merton 016,Raynes Park,E09000024,Merton,E14001586,Wimbledon,3570.0,779.0,1018.0,23.0,485.0,1265.0,0.0,8487.0,7257.0,25.0,1071.0,134.0,814.0,1075.0,1382.0,257.0,43.0,6875.0,50.34,35.43,13.59,14.49,8.4,22.8,9.18062252677,8.86113241246,2,3880.0,1110.0,80.0,350.0,80.0,2040.0,1810.0,52.58,470000,516500,495000,487500,520000,360000.0,,10.64,140.0,110.0,54.0,0.0,521.0,129.0,68.0,8.0,21.0,766.0,650.0,36.1,167.5,18.0,10.219393,852.0,852.0,0.0
E02000703,Merton 015,Merton Park,E09000024,Merton,E14001586,Wimbledon,2938.0,1181.0,1007.0,18.0,148.0,584.0,0.0,7898.0,7153.0,33.0,609.0,103.0,1411.0,811.0,602.0,92.0,21.0,6207.0,74.47,19.88,5.04,9.43,3.85,48.03,12.2975748792,10.0731628002,3,3080.0,460.0,110.0,30.0,10.0,750.0,2320.0,24.35,733750,805000,780000,817500,642500,405000.0,,-12.44,18.0,18.0,10.0,0.0,12.0,28.0,10.0,8.0,20.0,64.0,40.0,5.8,13.0,7.0,1.201209,67.0,67.0,38.0
E02000701,Merton 013,Mitcham East,E09000024,Merton,E14001371,Mitcham and Morden,3114.0,719.0,826.0,49.0,476.0,1044.0,0.0,8892.0,8112.0,19.0,661.0,100.0,716.0,829.0,1094.0,361.0,115.0,6954.0,49.61,33.53,15.29,8.77,15.29,22.99,14.2884371598,15.1635965833,3,3260.0,590.0,350.0,140.0,60.0,1120.0,2140.0,34.36,370000,455000,420000,432500,462250,272500.0,,24.93,101.0,92.0,33.0,1.0,29.0,38.0,30.0,23.0,9.0,175.0,67.0,31.0,20.6,5.0,0.89,53.0,53.0,7.0
E02000702,Merton 014,Lonesome,E09000024,Merton,E14001371,Mitcham and Morden,3367.0,630.0,1022.0,96.0,913.0,706.0,0.0,9213.0,8492.0,19.0,621.0,81.0,576.0,856.0,1349.0,482.0,104.0,6883.0,49.06,20.97,27.12,7.83,17.4,17.11,5.83284228542,6.30462038023,2,3580.0,270.0,30.0,540.0,20.0,1670.0,1910.0,46.65,356000,410000,402500,407750,432500,305000.0,,21.49,27.0,25.0,15.0,0.0,842.0,11.0,1.0,4.0,14.0,870.0,853.0,7.5,238.3,2.0,6.89,37.0,37.0,0.0
E02000693,Merton 005,Colliers Wood,E09000024,Merton,E14001371,Mitcham and Morden,4286.0,698.0,1124.0,194.0,387.0,1883.0,0.0,9692.0,7750.0,40.0,1683.0,219.0,640.0,1349.0,1947.0,290.0,56.0,8328.0,42.51,43.93,9.03,20.04,8.07,14.93,14.2706983579,15.1096803825,3,4610.0,2260.0,450.0,500.0,160.0,3210.0,1400.0,69.63,444450,479000,460000,472500,472500,434250.0,,6.31,183.0,172.0,36.0,108.0,235.0,64.0,31.0,26.0,83.0,373.0,299.0,39.7,64.9,11.0,2.4917,463.0,463.0,316.0
E02000710,Merton 022,Mitcham South,E09000024,Merton,E14001371,Mitcham and Morden,3438.0,840.0,937.0,54.0,682.0,922.0,3.0,9059.0,8238.0,29.0,702.0,90.0,739.0,901.0,1319.0,395.0,84.0,7171.0,51.69,26.82,19.84,9.06,13.93,21.5,8.83763007618,8.8984900413,2,3630.0,250.0,180.0,180.0,80.0,1790.0,1820.0,49.31,315000,427500,345000,425000,425000,237500.0,,34.92,157.0,150.0,23.0,18.0,108.0,51.0,86.0,25.0,29.0,333.0,159.0,43.3,43.8,20.0,12.029548,369.0,369.0,87.0
E02000705,Merton 017,Rowan Road,E09000024,Merton,E14001371,Mitcham and Morden,3117.0,932.0,1198.0,27.0,176.0,783.0,1.0,9236.0,8405.0,14.0,723.0,94.0,1055.0,893.0,838.0,254.0,76.0,7310.0,68.33,25.12,5.65,9.0,10.59,33.85,6.1264037333,6.66784830312,2,3270.0,60.0,160.0,220.0,0.0,530.0,2750.0,16.21,395000,490000,463750,462500,475000,310000.0,,20.25,38.0,22.0,25.0,1.0,220.0,297.0,10.0,38.0,9.0,337.0,517.0,11.6,158.1,3.0,0.38,24.0,24.0,0.0
E02000713,Merton 025,Lower Morden,E09000024,Merton,E14001371,Mitcham and Morden,2828.0,1069.0,1255.0,15.0,72.0,416.0,1.0,7722.0,7135.0,14.0,528.0,45.0,1091.0,998.0,605.0,115.0,22.0,6103.0,82.18,14.71,2.55,7.6,4.84,38.58,3.88219989622,4.3533182439,1b,2910.0,30.0,100.0,50.0,0.0,430.0,2460.0,14.78,420000,517000,504000,515000,535000,360000.0,,27.38,5.0,4.0,5.0,0.0,0.0,24.0,0.0,29.0,24.0,28.0,24.0,1.7,8.2,1.0,2.13,0.0,0.0,0.0
E02000711,Merton 023,Morden Central,E09000024,Merton,E14001371,Mitcham and Morden,3456.0,647.0,975.0,21.0,684.0,1128.0,1.0,9330.0,8423.0,16.0,778.0,113.0,583.0,1056.0,1347.0,384.0,88.0,7302.0,46.93,32.64,19.79,9.72,13.66,16.87,16.0917864541,14.4998518886,4,3590.0,90.0,30.0,380.0,30.0,1170.0,2420.0,32.59,376500,420000,435000,460000,440000,275000.0,,16.87,41.0,28.0,18.0,5.0,17.0,19.0,1.0,7.0,603.0,51.0,36.0,11.4,10.0,7.0,1.247214,1860.0,1860.0,1846.0
E02000748,Newham 035,Beckton Park,E09000025,Newham,E14001576,West Ham and Beckton,2210.0,282.0,492.0,18.0,514.0,901.0,3.0,6213.0,5452.0,19.0,580.0,162.0,308.0,564.0,929.0,334.0,74.0,4823.0,35.02,40.77,23.26,12.25,18.46,13.94,8.82819837623,7.94794156192,2,2410.0,0.0,0.0,0.0,0.0,640.0,1770.0,26.56,334000,395000,391750,396000,410500,243000.0,,22.9,4.0,2.0,5.0,0.0,0.0,3.0,1.0,3.0,79.0,8.0,3.0,1.7,1.2,0.0,0.0,0.0,0.0,0.0
E02000712,Merton 024,St Helier North,E09000024,Merton,E14001371,Mitcham and Morden,3403.0,757.0,927.0,28.0,1058.0,629.0,4.0,9556.0,8901.0,17.0,570.0,68.0,730.0,1050.0,1195.0,338.0,93.0,7382.0,49.49,18.48,31.09,6.85,12.67,21.45,7.58439101267,7.89815704338,2,3490.0,60.0,130.0,150.0,70.0,910.0,2580.0,26.07,374000,418162,450700,462500,435500,270000.0,,16.44,78.0,76.0,9.0,27.0,0.0,29.0,3.0,4.0,1.0,36.0,29.0,22.3,8.3,4.0,2.5856019999999997,78.0,78.0,60.0
E02000708,Merton 020,West Barnes,E09000024,Merton,E14001586,Wimbledon,3257.0,1047.0,1297.0,36.0,172.0,698.0,7.0,8752.0,7951.0,31.0,664.0,106.0,1401.0,934.0,748.0,129.0,43.0,6880.0,71.97,21.43,5.28,9.15,5.28,43.02,4.96510253188,4.27018532324,1b,3490.0,340.0,10.0,290.0,130.0,900.0,2570.0,25.79,545000,635000,658500,672500,690000,370000.0,,26.61,234.0,102.0,23.0,53.0,17.0,35.0,7.0,42.0,5.0,186.0,52.0,67.0,14.9,4.0,3.42,201.0,201.0,94.0
E02000689,Merton 001,Wimbledon Park & Durnsford Road,E09000024,Merton,E14001586,Wimbledon,3512.0,884.0,1186.0,62.0,314.0,1065.0,1.0,8875.0,7465.0,52.0,1221.0,137.0,1423.0,846.0,1029.0,189.0,25.0,6839.0,58.94,30.32,8.94,15.89,6.09,40.52,6.17951846288,6.7217579961,2,4450.0,1840.0,650.0,1080.0,850.0,2300.0,2110.0,51.69,820000,600000,685000,945000,834500,380000.0,,1.77,929.0,825.0,39.0,101.0,20.0,22.0,10.0,33.0,45.0,319.0,42.0,208.8,9.4,8.0,6.955077,210.0,210.0,0.0
E02000746,Newham 033,Beckton,E09000025,Newham,E14001576,West Ham and Beckton,3394.0,171.0,617.0,145.0,1372.0,1085.0,4.0,9293.0,7398.0,121.0,1568.0,206.0,308.0,835.0,1725.0,444.0,82.0,7421.0,23.22,31.97,40.42,20.39,15.5,9.07,5.90157574905,4.81709117471,2,4570.0,70.0,890.0,1740.0,1290.0,3240.0,1300.0,70.9,462000,452875,393250,372500,380000,336000.0,,-17.75,2328.0,2328.0,9.0,887.0,220.0,0.0,0.0,1.0,5776.0,970.0,220.0,509.4,48.1,1.0,1.01,100.0,180.0,180.0
E02000745,Newham 032,Beckton North,E09000025,Newham,E14001576,West Ham and Beckton,2876.0,323.0,569.0,64.0,1011.0,908.0,1.0,8497.0,7456.0,17.0,881.0,143.0,458.0,663.0,1154.0,451.0,150.0,6545.0,31.02,31.57,35.15,12.25,20.9,15.92,8.04951169672,6.48967581389,2,3300.0,250.0,10.0,420.0,420.0,1420.0,1870.0,43.03,385000,407800,415000,425000,425000,267500.0,,10.39,412.0,412.0,12.0,110.0,7.0,1.0,1.0,5.0,1.0,24.0,8.0,124.8,2.4,2.0,0.08,10.0,20.0,0.0
E02000698,Merton 010,Cottenham Park,E09000024,Merton,E14001586,Wimbledon,3183.0,1150.0,1070.0,21.0,188.0,753.0,1.0,8149.0,7125.0,23.0,848.0,153.0,1540.0,879.0,659.0,94.0,13.0,6248.0,69.75,23.66,5.91,12.57,3.36,48.38,6.09335277055,4.05942991722,2,3520.0,1210.0,110.0,290.0,120.0,1310.0,2200.0,37.22,1000000,1012500,940000,1011375,995000,595000.0,,-0.5,167.0,113.0,31.0,18.0,12.0,11.0,4.0,1.0,7.0,63.0,23.0,47.4,6.5,8.0,0.81,28.0,28.0,0.0
E02000707,Merton 019,Pollards Hill,E09000024,Merton,E14001371,Mitcham and Morden,2778.0,584.0,787.0,12.0,851.0,543.0,1.0,8225.0,7638.0,18.0,484.0,85.0,653.0,681.0,935.0,389.0,121.0,6210.0,49.35,19.55,30.63,7.14,18.36,23.51,5.61479630637,6.1167858041,2,2880.0,0.0,230.0,40.0,20.0,700.0,2160.0,24.31,372500,385500,435000,430000,450000,,,20.81,20.0,11.0,12.0,2.0,77.0,11.0,1.0,7.0,1.0,31.0,88.0,6.9,30.6,0.0,0.0,0.0,0.0,0.0
E02000732,Newham 019,East Ham West,E09000025,Newham,E14001213,East Ham,2753.0,293.0,494.0,55.0,947.0,960.0,4.0,8775.0,7782.0,10.0,827.0,156.0,274.0,584.0,1185.0,494.0,215.0,6541.0,28.59,34.87,34.4,11.32,25.75,9.95,18.4745042621,18.9046611551,4,3060.0,1260.0,20.0,760.0,700.0,1920.0,1140.0,62.75,395000,484750,430000,413250,407000,316250.0,,3.04,1092.0,1084.0,12.0,288.0,9.0,1.0,0.0,5.0,1.0,50.0,10.0,356.9,3.3,2.0,0.31,45.0,65.0,23.0
E02000735,Newham 022,Plaistow North East,E09000025,Newham,E14001576,West Ham and Beckton,2657.0,384.0,455.0,59.0,815.0,938.0,6.0,8511.0,7682.0,7.0,644.0,178.0,332.0,552.0,1099.0,459.0,217.0,6446.0,31.58,35.3,30.67,9.74,25.44,12.5,16.8326760551,17.0808311476,4,2740.0,1570.0,70.0,190.0,10.0,1230.0,1450.0,44.89,355000,452500,446000,450000,390000,280000.0,,9.86,32.0,28.0,17.0,0.0,2.0,10.0,5.0,13.0,9.0,36.0,12.0,11.7,4.4,2.0,0.14,10.0,20.0,0.0
E02000738,Newham 025,East Ham South West,E09000025,Newham,E14001213,East Ham,2786.0,504.0,839.0,55.0,374.0,1012.0,2.0,9442.0,8371.0,21.0,928.0,122.0,452.0,724.0,1007.0,434.0,168.0,6949.0,48.21,36.32,13.42,11.34,21.61,16.22,11.930148389,10.2395396544,3,2940.0,2260.0,20.0,390.0,280.0,860.0,2070.0,29.25,390000,440000,462000,435000,470000,432500.0,,20.51,125.0,119.0,22.0,21.0,0.0,11.0,5.0,4.0,0.0,132.0,11.0,42.5,3.7,0.0,0.0,0.0,0.0,0.0
E02000690,Merton 002,Wimbledon Common,E09000024,Merton,E14001586,Wimbledon,2224.0,1021.0,573.0,4.0,175.0,451.0,0.0,5479.0,4812.0,25.0,520.0,122.0,1290.0,507.0,392.0,29.0,8.0,4432.0,71.67,20.28,7.87,12.17,1.66,58.0,1.85821802184,2.0556905746,1a,2460.0,700.0,120.0,170.0,70.0,760.0,1670.0,30.89,1810000,1910000,1550000,1495000,2062500,960000.0,,13.95,24.0,23.0,51.0,2.0,3.0,17.0,22.0,1.0,5.0,52.0,20.0,9.8,8.1,3.0,0.43,0.0,0.0,0.0
E02000721,Newham 008,Forest Gate South,E09000025,Newham,E14001525,Stratford and Bow,2763.0,531.0,387.0,18.0,550.0,1268.0,9.0,9408.0,8358.0,13.0,835.0,202.0,446.0,488.0,1079.0,544.0,207.0,7033.0,33.22,45.89,19.91,11.16,27.18,16.14,14.0024727813,14.2397366792,3,3060.0,2190.0,100.0,270.0,260.0,1700.0,1350.0,55.56,338000,442500,445000,427500,444250,240000.0,,31.43,333.0,310.0,43.0,94.0,10.0,9.0,3.0,29.0,3.0,158.0,19.0,108.8,6.2,5.0,0.16,32.0,40.0,0.0
E02000730,Newham 017,Upton Park,E09000025,Newham,E14001525,Stratford and Bow,2564.0,633.0,436.0,9.0,391.0,1091.0,4.0,9742.0,8573.0,6.0,770.0,393.0,407.0,494.0,924.0,488.0,253.0,7513.0,41.69,42.55,15.25,12.0,28.9,15.87,14.4239677063,15.9841848158,3,2530.0,2210.0,50.0,60.0,30.0,1060.0,1460.0,41.9,396000,472500,462500,420000,475000,,,19.95,33.0,26.0,25.0,1.0,53.0,23.0,12.0,20.0,7.0,106.0,76.0,13.0,30.0,3.0,0.21000000000000002,39.0,54.0,0.0
E02000718,Newham 005,Little Ilford East,E09000025,Newham,E14001213,East Ham,2246.0,306.0,390.0,38.0,864.0,640.0,8.0,7299.0,6758.0,6.0,414.0,121.0,206.0,416.0,944.0,536.0,148.0,5154.0,30.99,28.5,38.47,7.41,30.45,9.17,4.61072056799,2.66605346703,1b,2360.0,660.0,190.0,30.0,10.0,1390.0,980.0,58.9,358750,400000,296800,375000,389000,280000.0,,8.43,16.0,11.0,4.0,11.0,74.0,6.0,1.0,7.0,2.0,96.0,80.0,6.8,33.9,1.0,0.14,11.0,11.0,0.0
E02000715,Newham 002,Little Ilford West,E09000025,Newham,E14001213,East Ham,2094.0,312.0,364.0,21.0,531.0,859.0,7.0,7165.0,6498.0,6.0,533.0,128.0,269.0,397.0,870.0,428.0,127.0,5080.0,32.28,41.02,25.36,9.31,26.5,12.85,8.88983671466,8.83004142642,2,2250.0,1270.0,20.0,30.0,0.0,1100.0,1140.0,48.89,382000,405000,420500,445000,452000,,,18.32,32.0,21.0,17.0,0.0,4.0,32.0,1.0,10.0,0.0,59.0,36.0,14.2,16.0,2.0,0.16,16.0,17.0,0.0
E02000716,Newham 003,Manor Park North,E09000025,Newham,E14001213,East Ham,2302.0,378.0,419.0,31.0,544.0,924.0,6.0,7219.0,6584.0,8.0,502.0,125.0,398.0,464.0,938.0,389.0,113.0,5376.0,34.62,40.14,23.63,8.8,21.81,17.29,8.8361860016,9.17612681469,2,2370.0,1650.0,70.0,60.0,20.0,980.0,1330.0,41.35,385000,497000,512500,510000,448750,284125.0,,16.56,36.0,29.0,16.0,7.0,1.0,2.0,1.0,30.0,25.0,33.0,3.0,15.2,1.3,2.0,0.11000000000000001,32.0,36.0,0.0
E02000717,Newham 004,Manor Park South,E09000025,Newham,E14001213,East Ham,2395.0,397.0,394.0,29.0,538.0,1029.0,8.0,8241.0,7412.0,5.0,664.0,160.0,302.0,472.0,953.0,493.0,175.0,5979.0,33.03,42.96,22.46,10.06,27.89,12.61,16.2010446878,16.8745290074,4,2550.0,1610.0,190.0,40.0,10.0,1390.0,1170.0,54.51,290000,330000,432500,360000,316000,280000.0,,8.97,127.0,35.0,21.0,82.0,29.0,15.0,0.0,6.0,0.0,156.0,44.0,49.8,17.3,2.0,0.119,16.0,34.0,0.0
E02000743,Newham 030,Canning Town Central,E09000025,Newham,E14001576,West Ham and Beckton,3578.0,280.0,525.0,138.0,1479.0,1147.0,9.0,10194.0,9067.0,21.0,944.0,162.0,315.0,715.0,1699.0,622.0,227.0,7944.0,22.5,32.06,41.34,11.06,23.73,8.8,19.4532911764,18.2505026764,4,4030.0,690.0,150.0,1040.0,190.0,2900.0,1090.0,71.96,355000,377500,334000,390000,352500,321000.0,,-0.7,255.0,238.0,31.0,82.0,23.0,103.0,6.0,12.0,0.0,277.0,126.0,63.3,31.3,6.0,0.46,126.0,132.0,6.0
E02000723,Newham 010,East Ham North,E09000025,Newham,E14001213,East Ham,2861.0,785.0,538.0,16.0,338.0,1180.0,4.0,11051.0,9980.0,12.0,792.0,267.0,528.0,646.0,875.0,516.0,298.0,8510.0,46.24,41.24,11.81,9.69,28.45,18.46,17.584878416,18.3239656776,4,2790.0,2580.0,0.0,40.0,20.0,780.0,1990.0,27.96,426750,492500,510000,500000,500000,,,17.16,50.0,29.0,32.0,11.0,4.0,6.0,1.0,15.0,6.0,33.0,10.0,17.9,3.6,4.0,0.41000000000000003,41.0,73.0,47.0
E02000722,Newham 009,Stratford East,E09000025,Newham,E14001525,Stratford and Bow,2934.0,347.0,447.0,67.0,919.0,1144.0,10.0,8042.0,6620.0,21.0,1245.0,156.0,380.0,647.0,1314.0,446.0,148.0,6578.0,27.06,38.99,31.32,17.68,20.25,12.95,13.2341299492,12.6357623528,3,3140.0,1820.0,380.0,140.0,90.0,1830.0,1300.0,58.28,365000,425000,446250,465000,484000,340000.0,,32.6,65.0,55.0,24.0,0.0,0.0,5.0,5.0,22.0,35.0,50.0,5.0,20.7,1.6,3.0,0.14,15.0,23.0,0.0
E02000740,Newham 027,Canning Town North,E09000025,Newham,E14001576,West Ham and Beckton,2495.0,212.0,390.0,27.0,1173.0,685.0,8.0,6686.0,6006.0,17.0,582.0,81.0,291.0,550.0,1140.0,375.0,139.0,5321.0,24.13,27.45,47.01,10.17,20.6,11.66,17.2216230184,18.451171791,4,2770.0,520.0,90.0,130.0,110.0,1500.0,1280.0,54.15,335600,388000,400000,480000,526870,542000.0,563112.0,56.99,228.0,214.0,15.0,17.0,6922.0,13.0,1.0,3.0,0.0,6957.0,6935.0,82.3,2503.6,3.0,0.14,15.0,31.0,0.0
E02000747,Newham 034,Canning Town South & Bow Creek,E09000025,Newham,E14001576,West Ham and Beckton,5448.0,310.0,829.0,194.0,1597.0,2505.0,13.0,12955.0,10521.0,64.0,2028.0,342.0,459.0,1230.0,2940.0,659.0,158.0,10734.0,20.91,45.98,29.31,18.79,15.0,8.43,16.1055002814,15.9684000508,4,8210.0,480.0,1780.0,3870.0,2250.0,6990.0,1220.0,85.14,458150,450600,453862,458806,400000,380000.0,459000.0,-12.69,2869.0,2454.0,12.0,932.0,6965.0,24.0,0.0,1.0,157.0,8614.0,6989.0,349.5,851.3,2.0,0.8700000000000001,174.0,392.0,0.0
E02000744,Newham 031,Canning Town East,E09000025,Newham,E14001576,West Ham and Beckton,3326.0,334.0,602.0,97.0,962.0,1312.0,19.0,9058.0,8020.0,12.0,844.0,182.0,405.0,790.0,1497.0,517.0,115.0,6856.0,28.14,39.45,28.92,11.46,19.0,12.18,12.7072726988,13.0381376086,3,3480.0,1540.0,100.0,510.0,60.0,1910.0,1570.0,54.89,337500,356000,386050,350000,330000,288000.0,,-2.22,69.0,29.0,19.0,40.0,7.0,22.0,3.0,28.0,4.0,86.0,29.0,19.8,8.3,7.0,0.5,82.0,103.0,14.0
E02000749,Newham 036,Custom House,E09000025,Newham,E14001576,West Ham and Beckton,3330.0,219.0,546.0,107.0,1631.0,814.0,13.0,9448.0,8528.0,26.0,776.0,118.0,390.0,788.0,1405.0,561.0,186.0,7268.0,22.97,24.44,48.98,9.74,22.43,11.71,16.7902017913,18.9690990993,4,3470.0,150.0,200.0,360.0,20.0,1740.0,1710.0,50.14,356500,392250,380000,370000,355000,266000.0,,-0.42,292.0,111.0,9.0,281.0,1.0,0.0,0.0,8.0,566.0,269.0,1.0,84.1,0.3,4.0,1.6400000000000001,361.0,416.0,401.0
E02000714,Newham 001,Forest Gate North,E09000025,Newham,E14001525,Stratford and Bow,2647.0,411.0,567.0,77.0,706.0,882.0,4.0,7579.0,6803.0,30.0,629.0,117.0,451.0,657.0,1026.0,378.0,134.0,5871.0,36.95,33.32,26.67,10.24,19.34,17.04,10.6950174409,10.4649599039,3,2820.0,1700.0,230.0,50.0,50.0,1290.0,1520.0,45.74,442500,567500,470000,560000,570000,382250.0,,28.81,63.0,46.0,27.0,5.0,24.0,8.0,6.0,7.0,13.0,76.0,32.0,22.3,11.3,3.0,0.74,19.0,26.0,0.0
E02000724,Newham 011,Plashet East,E09000025,Newham,E14001213,East Ham,2533.0,595.0,530.0,16.0,351.0,1036.0,5.0,9850.0,9017.0,8.0,684.0,141.0,424.0,543.0,838.0,458.0,268.0,7256.0,44.41,40.9,13.86,8.46,28.66,16.74,10.7510021409,10.8179193503,3,2480.0,2240.0,10.0,40.0,0.0,620.0,1850.0,25.0,385000,445750,460000,472500,470000,277500.0,,22.08,7.0,5.0,6.0,0.0,1.0,0.0,0.0,12.0,0.0,5.0,1.0,2.8,0.4,1.0,0.05,5.0,8.0,0.0
E02000736,Newham 023,Wallend South,E09000025,Newham,E14001213,East Ham,2649.0,331.0,614.0,19.0,788.0,890.0,7.0,9083.0,8309.0,25.0,612.0,137.0,370.0,598.0,1004.0,522.0,159.0,6487.0,35.67,33.6,29.75,8.52,25.71,13.97,6.06772550889,5.25151255735,2,2770.0,1190.0,80.0,60.0,40.0,920.0,1840.0,33.21,350000,425000,395000,409894,450000,,,28.57,15.0,11.0,10.0,0.0,3.0,14.0,0.0,5.0,8.0,20.0,17.0,5.4,6.1,2.0,0.07,10.0,13.0,7.0
E02000737,Newham 024,East Ham South,E09000025,Newham,E14001213,East Ham,3066.0,532.0,771.0,27.0,755.0,972.0,9.0,10221.0,9363.0,20.0,695.0,143.0,444.0,739.0,1112.0,528.0,243.0,7505.0,42.5,31.7,24.62,8.39,25.15,14.48,11.4441101168,10.3542700113,3,3360.0,1480.0,80.0,200.0,190.0,1210.0,2130.0,36.01,375000,431500,410000,429000,427500,,,14.0,254.0,245.0,19.0,86.0,5.0,47.0,2.0,20.0,11.0,264.0,52.0,75.6,15.5,3.0,0.33,7.0,9.0,0.0
E02000742,Newham 029,Lonsdale Avenue,E09000025,Newham,E14001213,East Ham,2528.0,374.0,646.0,20.0,680.0,802.0,6.0,8601.0,7757.0,8.0,646.0,190.0,353.0,615.0,961.0,447.0,151.0,6168.0,40.35,31.72,26.9,9.81,23.66,13.96,7.45718305683,7.50992569317,2,2610.0,850.0,100.0,0.0,0.0,980.0,1630.0,37.55,355000,385000,415000,406750,425000,290000.0,,19.72,59.0,58.0,10.0,49.0,1.0,0.0,1.0,7.0,5.0,60.0,1.0,22.6,0.4,0.0,0.0,0.0,0.0,0.0
E02000719,Newham 006,Forest Gate West,E09000025,Newham,E14001525,Stratford and Bow,2874.0,347.0,504.0,40.0,903.0,1070.0,10.0,7956.0,6807.0,23.0,974.0,152.0,389.0,622.0,1264.0,448.0,152.0,6407.0,29.61,37.23,31.42,14.44,20.88,13.54,9.47900737098,9.70667813747,2,3050.0,1530.0,230.0,100.0,70.0,1810.0,1230.0,59.34,453500,495000,490000,433500,418300,327750.0,,-7.76,85.0,31.0,29.0,27.0,13.0,13.0,80.0,33.0,2.0,140.0,26.0,27.9,8.5,6.0,0.39,65.0,79.0,0.0
E02000720,Newham 007,Forest Gate East,E09000025,Newham,E14001525,Stratford and Bow,2123.0,527.0,472.0,19.0,333.0,765.0,7.0,7372.0,6710.0,9.0,518.0,135.0,502.0,443.0,702.0,337.0,141.0,5629.0,47.06,36.03,15.69,8.98,22.52,23.65,11.7659158674,12.3125676843,3,2250.0,2090.0,40.0,0.0,0.0,850.0,1390.0,37.78,595000,513750,705000,582500,660000,397500.0,,10.92,32.0,27.0,22.0,4.0,5.0,0.0,1.0,5.0,6.0,27.0,5.0,14.2,2.2,0.0,0.0,0.0,0.0,0.0
E02000729,Newham 016,West Ham Park,E09000025,Newham,E14001576,West Ham and Beckton,2201.0,439.0,410.0,18.0,503.0,826.0,5.0,7207.0,6538.0,4.0,537.0,128.0,404.0,475.0,839.0,290.0,192.0,5614.0,38.57,37.53,22.85,9.28,21.9,18.36,10.272115095,8.5966168768,3,2320.0,1690.0,50.0,80.0,80.0,1130.0,1180.0,48.71,412000,523000,506500,568250,498000,,,20.87,92.0,91.0,20.0,65.0,7.0,9.0,5.0,1.0,68.0,104.0,16.0,39.7,6.9,2.0,0.12000000000000001,12.0,30.0,0.0
E02000739,Newham 026,Plaistow Park,E09000025,Newham,E14001576,West Ham and Beckton,2478.0,308.0,404.0,78.0,824.0,857.0,7.0,7601.0,6804.0,5.0,658.0,134.0,341.0,543.0,1027.0,410.0,158.0,5865.0,28.73,34.58,33.25,10.49,22.92,13.76,18.8683920722,19.1548643633,4,2540.0,1190.0,230.0,100.0,40.0,1140.0,1380.0,44.88,365000,445000,415000,400000,430000,,,17.81,114.0,62.0,22.0,1.0,20.0,72.0,5.0,37.0,0.0,128.0,92.0,44.9,36.2,8.0,0.44433,53.0,77.0,9.0
E02000734,Newham 021,Plaistow North,E09000025,Newham,E14001576,West Ham and Beckton,2495.0,251.0,340.0,72.0,1053.0,761.0,18.0,7224.0,6534.0,17.0,555.0,118.0,329.0,486.0,1087.0,441.0,152.0,5678.0,23.69,30.5,42.2,9.55,23.77,13.19,19.9241023709,19.8666183148,4,2690.0,890.0,390.0,140.0,80.0,1640.0,1040.0,60.97,407500,452500,465000,517500,535000,,,31.29,86.0,82.0,12.0,71.0,13.0,0.0,0.0,9.0,2.0,97.0,13.0,32.0,4.8,3.0,0.28,74.0,86.0,0.0
E02000727,Newham 014,Plashet West,E09000025,Newham,E14001213,East Ham,2291.0,495.0,353.0,10.0,343.0,1081.0,9.0,8398.0,7544.0,4.0,632.0,218.0,326.0,428.0,830.0,484.0,225.0,6248.0,37.01,47.18,14.97,10.17,30.95,14.23,15.9821916682,16.3012913323,4,2390.0,1860.0,20.0,100.0,40.0,1020.0,1330.0,42.68,380000,357500,367500,480000,441000,315000.0,,16.05,70.0,47.0,38.0,0.0,15.0,29.0,2.0,27.0,3.0,94.0,44.0,29.3,18.4,1.0,0.04,5.0,12.0,0.0
E02000731,Newham 018,East Ham Central,E09000025,Newham,E14001213,East Ham,2773.0,546.0,530.0,20.0,418.0,1252.0,7.0,9844.0,8813.0,8.0,778.0,245.0,416.0,586.0,1029.0,506.0,233.0,7339.0,38.8,45.15,15.07,10.47,26.65,15.0,22.8192344615,23.5875935085,5,3340.0,2410.0,50.0,540.0,530.0,1610.0,1710.0,48.2,360000,421000,420000,420000,450000,296500.0,,25.0,558.0,539.0,34.0,159.0,27.0,19.0,6.0,26.0,7.0,150.0,46.0,167.1,13.8,2.0,0.12000000000000001,12.0,30.0,9.0
E02006998,Newham 041,North Woolwich,E09000025,Newham,E14001576,West Ham and Beckton,2668.0,183.0,378.0,56.0,1035.0,1003.0,13.0,6979.0,6065.0,13.0,774.0,127.0,207.0,536.0,1278.0,520.0,127.0,5303.0,21.03,37.59,38.79,13.1,24.25,7.76,7.18070222064,7.51566121571,2,3430.0,350.0,1050.0,650.0,390.0,2710.0,710.0,79.01,327500,370000,295000,395000,359300,347500.0,380000.0,9.71,701.0,701.0,15.0,233.0,521.0,19.0,4.0,6.0,0.0,1149.0,540.0,204.4,157.4,6.0,0.78,66.0,126.0,98.0
E02000725,Newham 012,Stratford Central,E09000025,Newham,E14001525,Stratford and Bow,3997.0,318.0,542.0,135.0,1309.0,1660.0,33.0,9847.0,7775.0,58.0,1759.0,255.0,285.0,927.0,1931.0,684.0,173.0,8111.0,21.52,41.53,32.75,21.04,21.44,7.13,42.3736588335,47.4350985707,6b,4510.0,1230.0,850.0,550.0,130.0,3250.0,1240.0,72.06,430000,440000,401500,446500,445000,335000.0,,3.49,326.0,297.0,32.0,11.0,18.0,12.0,0.0,35.0,34.0,268.0,30.0,72.3,6.7,5.0,0.58,68.0,109.0,0.0
E02006996,Newham 039,Carpenters Estate & Stratford New Town,E09000025,Newham,E14001525,Stratford and Bow,3158.0,252.0,579.0,219.0,758.0,1347.0,3.0,8330.0,6003.0,116.0,1693.0,518.0,334.0,779.0,1644.0,307.0,94.0,7050.0,26.31,42.65,24.0,27.94,12.7,10.58,43.3675116523,48.0870937007,6b,5710.0,550.0,450.0,3560.0,1970.0,4920.0,740.0,86.16,540750,550000,535000,490000,472500,460000.0,,-12.62,6858.0,6607.0,19.0,1440.0,977.0,848.0,3.0,6.0,124.0,1387.0,1825.0,1201.1,319.6,1.0,0.02,7.0,8.0,0.0
E02006997,Newham 040,Mill Meads,E09000025,Newham,E14001525,Stratford and Bow,3228.0,145.0,455.0,199.0,861.0,1560.0,8.0,6801.0,5115.0,86.0,1403.0,197.0,151.0,680.0,2011.0,323.0,64.0,5892.0,18.59,48.33,26.67,24.79,11.99,4.68,16.1052190094,11.9904803124,4,4020.0,180.0,700.0,2370.0,540.0,3670.0,320.0,91.29,398350,488888,355000,368000,362500,361250.0,,-9.0,1845.0,1384.0,17.0,415.0,3441.0,1201.0,8.0,342.0,1065.0,3815.0,4642.0,459.0,1154.7,2.0,6.24,0.0,0.0,0.0
E02000728,Newham 015,Wallend North,E09000025,Newham,E14001213,East Ham,2343.0,470.0,491.0,12.0,232.0,1137.0,1.0,8431.0,7594.0,14.0,628.0,195.0,452.0,508.0,817.0,384.0,179.0,6441.0,41.02,48.53,9.9,9.93,24.03,19.29,9.00029551599,6.69870149088,2,2400.0,1820.0,0.0,0.0,0.0,630.0,1740.0,26.25,355000,440302,415000,430000,425000,,,19.72,9.0,3.0,8.0,0.0,0.0,8.0,0.0,7.0,1.0,17.0,8.0,3.8,3.3,0.0,0.0,0.0,0.0,0.0
E02006999,Newham 042,Silvertown & Royal Wharf,E09000025,Newham,E14001576,West Ham and Beckton,5047.0,245.0,976.0,212.0,1082.0,2530.0,2.0,11037.0,8005.0,50.0,2657.0,325.0,351.0,1479.0,2763.0,388.0,70.0,9206.0,24.19,50.13,21.44,27.47,9.07,6.95,8.50930403233,8.55598118928,2,6680.0,50.0,730.0,4860.0,2320.0,6130.0,530.0,91.77,484000,466500,588000,550000,485000,485000.0,621000.0,0.21,7914.0,6407.0,19.0,1168.0,1195.0,3081.0,0.0,10.0,1397.0,2100.0,4276.0,1184.7,640.1,1.0,0.7,0.0,0.0,0.0
E02006995,Newham 038,East Village,E09000025,Newham,E14001525,Stratford and Bow,3237.0,75.0,358.0,215.0,845.0,1740.0,4.0,8532.0,5810.0,122.0,2150.0,450.0,235.0,948.0,1786.0,221.0,46.0,7165.0,13.38,53.75,26.1,31.9,8.25,7.26,22.98738754,11.1329894304,5,4690.0,0.0,0.0,4610.0,1330.0,4420.0,190.0,94.24,599000,600000,487500,655000,637500,612500.0,,6.43,1376.0,1376.0,5.0,23.0,350.0,0.0,0.0,0.0,2.0,374.0,350.0,293.4,74.6,0.0,0.0,0.0,0.0,0.0
E02000733,Newham 020,West Ham & Stratford Park,E09000025,Newham,E14001576,West Ham and Beckton,3460.0,398.0,553.0,57.0,1399.0,1040.0,13.0,9966.0,8773.0,21.0,1023.0,149.0,429.0,732.0,1461.0,602.0,236.0,7948.0,27.49,30.06,40.43,11.97,24.22,12.4,25.4464252492,26.96123161,6a,3660.0,1010.0,150.0,150.0,80.0,2070.0,1580.0,56.56,405000,435000,445000,440322,415000,300000.0,,2.47,62.0,52.0,15.0,46.0,14.0,62.0,0.0,60.0,0.0,102.0,76.0,16.9,20.8,3.0,0.3,62.0,106.0,89.0
E02000741,Newham 028,Plaistow South,E09000025,Newham,E14001576,West Ham and Beckton,2681.0,453.0,673.0,22.0,662.0,861.0,10.0,8146.0,7426.0,17.0,564.0,139.0,342.0,700.0,1048.0,448.0,147.0,6069.0,42.0,32.11,24.69,8.84,22.19,12.76,12.7751477188,12.4086596726,3,2900.0,2010.0,50.0,110.0,80.0,870.0,2030.0,30.0,340000,420000,400000,410000,405000,302000.0,,19.12,132.0,89.0,18.0,42.0,11.0,16.0,4.0,24.0,22.0,156.0,27.0,45.5,9.3,8.0,1.03,70.0,141.0,28.0
E02000763,Redbridge 013,Aldborough Hatch,E09000026,Redbridge,E14001300,Ilford North,2579.0,684.0,766.0,33.0,392.0,703.0,1.0,7927.0,7185.0,23.0,618.0,101.0,702.0,730.0,824.0,247.0,74.0,6115.0,56.22,27.26,15.2,9.36,12.45,27.22,2.12790249443,0.0,1a,2590.0,120.0,140.0,210.0,40.0,730.0,1860.0,28.19,412000,511500,471250,510000,527000,292500.0,,27.91,132.0,28.0,15.0,99.0,12.0,9.0,4.0,20.0,674.0,147.0,21.0,51.0,8.1,8.0,8.42,0.0,0.0,0.0
E02000767,Redbridge 017,Newbury Park,E09000026,Redbridge,E14001300,Ilford North,2769.0,719.0,909.0,44.0,203.0,881.0,13.0,8484.0,7599.0,24.0,758.0,103.0,748.0,763.0,928.0,267.0,62.0,6454.0,58.79,31.82,7.33,10.43,11.88,27.01,9.11875325663,8.25493849326,2,2810.0,240.0,470.0,80.0,10.0,810.0,2000.0,28.83,435000,488500,467500,495000,480000,295000.0,,10.34,10.0,10.0,9.0,0.0,17.0,5.0,2.0,5.0,6.0,25.0,22.0,3.6,7.8,5.0,1.51,0.0,0.0,0.0
E02000756,Redbridge 006,Fairlop,E09000026,Redbridge,E14001300,Ilford North,5256.0,1485.0,1742.0,43.0,533.0,1446.0,7.0,14408.0,13008.0,19.0,1203.0,178.0,1573.0,1533.0,1652.0,405.0,99.0,11141.0,61.4,27.51,10.14,9.72,9.59,29.93,5.8843585576,5.24060449485,2,5430.0,120.0,840.0,270.0,70.0,1530.0,3890.0,28.18,433000,512000,475000,498250,490000,325000.0,,13.16,81.0,66.0,31.0,31.0,114.0,69.0,5.0,11.0,28.0,256.0,183.0,14.9,33.7,11.0,4.46,16.0,16.0,16.0
E02006925,Redbridge 036,Clayhall South,E09000026,Redbridge,E14001300,Ilford North,4187.0,1482.0,1638.0,5.0,154.0,902.0,6.0,14297.0,13252.0,42.0,877.0,126.0,1598.0,1121.0,1023.0,333.0,114.0,11224.0,74.52,21.54,3.68,7.31,10.68,38.17,5.23094692116,4.31997308525,2,4160.0,10.0,130.0,20.0,10.0,590.0,3550.0,14.18,546000,605000,610000,605000,625000,,,14.47,143.0,33.0,30.0,2.0,7.0,15.0,7.0,7.0,2.0,50.0,22.0,34.4,5.3,2.0,2.0300000000000002,0.0,0.0,0.0
E02000755,Redbridge 005,Woodford Bridge,E09000026,Redbridge,E14001167,Chingford and Woodford Green,2188.0,650.0,831.0,9.0,268.0,425.0,5.0,5416.0,4996.0,8.0,369.0,43.0,697.0,749.0,586.0,130.0,24.0,4274.0,67.69,19.42,12.25,7.75,7.04,31.86,2.97124929669,3.13150187815,1b,2250.0,200.0,40.0,20.0,0.0,570.0,1670.0,25.33,465000,485000,456500,495000,505000,322000.0,,8.6,7.0,7.0,6.0,1.0,3.0,0.0,2.0,9.0,4.0,8.0,3.0,3.1,1.3,1.0,0.05,0.0,0.0,0.0
E02000754,Redbridge 004,Woodford Green,E09000026,Redbridge,E14001167,Chingford and Woodford Green,2588.0,777.0,952.0,10.0,380.0,462.0,7.0,6689.0,6124.0,22.0,484.0,59.0,898.0,839.0,678.0,140.0,35.0,5300.0,66.81,17.85,14.68,8.45,6.76,34.7,5.28809482434,3.7564562968,2,2730.0,370.0,150.0,60.0,30.0,740.0,1980.0,27.11,544000,562500,567000,570250,620000,295000.0,,13.97,36.0,31.0,16.0,3.0,18.0,7.0,15.0,6.0,27.0,70.0,25.0,13.2,9.2,2.0,0.18,0.0,0.0,0.0
E02007018,Redbridge 038,Chadwell Heath South West,E09000026,Redbridge,E14001301,Ilford South,2530.0,430.0,702.0,48.0,442.0,901.0,7.0,7138.0,6379.0,13.0,645.0,101.0,437.0,649.0,1043.0,340.0,60.0,5190.0,44.74,35.61,17.47,10.63,15.81,17.27,8.72907350901,10.4649918849,2,2630.0,260.0,350.0,160.0,20.0,1240.0,1380.0,47.15,315000,375000,435000,412500,364000,238000.0,,15.56,22.0,13.0,12.0,0.0,1.0,6.0,37.0,0.0,153.0,59.0,7.0,8.4,2.7,7.0,2.5999999999999996,0.0,0.0,0.0
E02007017,Redbridge 037,Chadwell Heath North West,E09000026,Redbridge,E14001301,Ilford South,2759.0,763.0,1099.0,37.0,260.0,596.0,4.0,8719.0,8030.0,18.0,608.0,63.0,753.0,888.0,813.0,238.0,68.0,6336.0,67.49,21.6,9.42,7.9,11.09,27.29,4.35887513236,4.13238031157,1b,2920.0,40.0,470.0,20.0,10.0,620.0,2300.0,21.23,392000,458000,465000,465000,485000,260000.0,,23.72,15.0,12.0,13.0,1.0,9.0,2.0,0.0,1.0,205.0,23.0,11.0,5.1,3.8,2.0,1.0899999999999999,0.0,0.0,0.0
E02007019,Redbridge 039,Ilford Central & East,E09000026,Redbridge,E14001301,Ilford South,2408.0,255.0,294.0,31.0,239.0,1581.0,8.0,7037.0,5801.0,10.0,938.0,288.0,206.0,435.0,1156.0,516.0,97.0,5132.0,22.8,65.66,9.93,17.56,25.46,8.55,20.5059425466,19.8628625244,5,2730.0,1250.0,830.0,360.0,80.0,1910.0,770.0,69.96,285500,286000,372500,321000,242500,220000.0,,-15.06,122.0,82.0,33.0,2.0,1032.0,685.0,5.0,3.0,1208.0,1665.0,1717.0,44.7,628.9,30.0,9.17,0.0,0.0,0.0
E02007020,Redbridge 040,Ilford South East,E09000026,Redbridge,E14001301,Ilford South,2723.0,730.0,588.0,11.0,260.0,1128.0,6.0,9678.0,8828.0,19.0,697.0,134.0,633.0,601.0,878.0,441.0,171.0,7131.0,48.4,41.42,9.55,8.78,22.48,23.25,9.71324410791,5.50648357192,2,2690.0,2350.0,30.0,40.0,10.0,610.0,2080.0,22.68,400000,461000,427875,430000,450000,225000.0,,12.5,35.0,28.0,32.0,4.0,8.0,18.0,9.0,11.0,16.0,63.0,26.0,13.0,9.7,1.0,0.1,0.0,0.0,0.0
E02000758,Redbridge 008,Clayhall North,E09000026,Redbridge,E14001300,Ilford North,2317.0,773.0,861.0,19.0,319.0,341.0,4.0,6813.0,6373.0,16.0,376.0,48.0,772.0,720.0,646.0,145.0,33.0,5259.0,70.52,14.72,13.77,6.46,7.68,33.32,3.16640155604,3.36840445204,1b,2410.0,20.0,10.0,220.0,30.0,550.0,1850.0,22.82,475000,550000,495000,562000,587500,,,23.68,44.0,40.0,9.0,33.0,1.0,2.0,9.0,0.0,0.0,52.0,3.0,18.3,1.2,0.0,0.0,0.0,0.0,0.0
E02000760,Redbridge 010,Barkingside North,E09000026,Redbridge,E14001300,Ilford North,2628.0,710.0,798.0,29.0,468.0,616.0,7.0,7448.0,6839.0,19.0,537.0,53.0,655.0,827.0,833.0,255.0,58.0,5701.0,57.38,23.44,17.81,8.18,11.91,24.92,7.18532847493,4.84163982259,2,2760.0,60.0,260.0,30.0,20.0,850.0,1900.0,30.8,432000,515000,487500,515000,489500,305000.0,,13.31,20.0,16.0,14.0,6.0,20.0,34.0,6.0,20.0,15.0,78.0,54.0,7.2,19.6,1.0,0.35,0.0,0.0,0.0
E02000757,Redbridge 007,South Woodford High Road,E09000026,Redbridge,E14001167,Chingford and Woodford Green,5179.0,1366.0,1617.0,50.0,438.0,1703.0,5.0,12235.0,10848.0,30.0,1233.0,124.0,1545.0,1468.0,1845.0,283.0,38.0,9749.0,57.6,32.88,8.46,11.34,6.2,29.83,7.34126375983,5.80538005526,2,5340.0,1760.0,790.0,260.0,80.0,2910.0,2420.0,54.49,441500,450000,485000,475000,600000,387500.0,,35.9,119.0,104.0,49.0,0.0,85.0,34.0,58.0,38.0,17.0,256.0,119.0,22.3,22.3,10.0,2.27,0.0,0.0,0.0
E02000762,Redbridge 012,Barkingside West,E09000026,Redbridge,E14001300,Ilford North,2104.0,813.0,744.0,7.0,83.0,456.0,1.0,6556.0,6068.0,16.0,403.0,69.0,817.0,569.0,540.0,141.0,38.0,5232.0,74.0,21.67,3.94,7.44,8.51,38.83,8.60799873948,8.1814943462,2,2190.0,70.0,20.0,30.0,20.0,480.0,1710.0,21.92,537000,610000,550000,625000,567500,110000.0,,5.68,26.0,23.0,18.0,0.0,12.0,119.0,1.0,7.0,1.0,153.0,131.0,11.9,59.8,3.0,0.62,0.0,0.0,0.0
E02000765,Redbridge 015,Barkingside East,E09000026,Redbridge,E14001300,Ilford North,2427.0,682.0,738.0,8.0,188.0,806.0,5.0,7434.0,6579.0,9.0,717.0,129.0,679.0,649.0,735.0,297.0,66.0,5672.0,58.51,33.21,7.75,11.5,14.96,27.98,11.1965983881,11.5272238634,3,2440.0,90.0,190.0,180.0,110.0,790.0,1640.0,32.38,480000,560000,505000,587500,590000,276000.0,,22.92,98.0,95.0,22.0,78.0,33.0,30.0,4.0,4.0,23.0,147.0,63.0,40.2,25.8,3.0,0.5900000000000001,0.0,0.0,0.0
E02006924,Redbridge 035,Valentines Park & Cranbrook,E09000026,Redbridge,E14001300,Ilford North,4097.0,1273.0,1246.0,18.0,228.0,1326.0,6.0,13445.0,12255.0,27.0,991.0,172.0,1365.0,954.0,1207.0,461.0,112.0,10518.0,61.48,32.37,5.57,8.85,13.99,33.32,10.0443491353,11.0823560083,3,4330.0,1740.0,190.0,130.0,10.0,1410.0,2900.0,32.56,480000,595000,566500,585000,650000,229000.0,,35.42,84.0,69.0,48.0,6.0,31.0,37.0,10.0,72.0,16.0,106.0,68.0,19.4,15.7,6.0,1.33,0.0,0.0,0.0
E02006800,Redbridge 034,Goodmayes South,E09000026,Redbridge,E14001301,Ilford South,4514.0,1066.0,1140.0,42.0,385.0,1872.0,9.0,14432.0,12913.0,25.0,1301.0,193.0,1052.0,989.0,1619.0,686.0,168.0,10862.0,48.87,41.47,8.53,10.53,18.92,23.31,9.17631427756,9.88874321603,2,4690.0,2440.0,80.0,200.0,100.0,1700.0,2970.0,36.25,365000,375000,437500,457500,530000,250000.0,,45.21,161.0,138.0,63.0,29.0,164.0,104.0,12.0,13.0,62.0,417.0,268.0,34.3,57.1,12.0,1.99,0.0,0.0,0.0
E02000753,Redbridge 003,Hainault West,E09000026,Redbridge,E14001300,Ilford North,2475.0,596.0,814.0,27.0,540.0,484.0,14.0,6834.0,6206.0,7.0,567.0,54.0,590.0,782.0,795.0,248.0,61.0,5215.0,56.97,19.56,21.82,9.19,12.48,23.84,5.95731319584,5.27459470691,2,2540.0,30.0,60.0,80.0,60.0,390.0,2090.0,15.35,360000,435000,450000,422500,450000,,,25.0,7.0,4.0,7.0,2.0,5.0,10.0,0.0,13.0,10.0,20.0,15.0,2.8,5.9,0.0,0.0,0.0,0.0,0.0
E02000752,Redbridge 002,Hainault East,E09000026,Redbridge,E14001300,Ilford North,3266.0,617.0,1168.0,130.0,871.0,469.0,11.0,8661.0,7888.0,14.0,698.0,61.0,664.0,1005.0,1212.0,311.0,74.0,6596.0,54.65,14.36,26.67,8.93,11.79,20.33,2.14669850924,1.92082498967,1a,3630.0,10.0,100.0,820.0,380.0,1110.0,2510.0,30.58,350000,377500,400000,380000,400000,285000.0,279000.0,14.29,573.0,538.0,12.0,156.0,4.0,3.0,1.0,2.0,2.0,145.0,7.0,157.9,1.9,7.0,3.29,0.0,0.0,0.0
E02000772,Redbridge 022,Goodmayes North,E09000026,Redbridge,E14001301,Ilford South,2539.0,558.0,695.0,10.0,289.0,985.0,2.0,8280.0,7477.0,14.0,625.0,164.0,637.0,569.0,875.0,377.0,80.0,6153.0,49.35,38.79,11.38,9.7,18.0,25.09,7.49572326705,7.60045645683,2,2660.0,1110.0,330.0,60.0,30.0,1030.0,1620.0,38.72,412500,495000,485000,442500,482500,,,16.97,56.0,48.0,37.0,4.0,1404.0,16.0,49.0,3.0,1391.0,1502.0,1420.0,21.1,533.8,9.0,58.74,0.0,0.0,0.0
E02000773,Redbridge 023,Ley Street,E09000026,Redbridge,E14001301,Ilford South,3112.0,726.0,902.0,27.0,468.0,976.0,13.0,10583.0,9528.0,20.0,886.0,149.0,699.0,710.0,1093.0,468.0,142.0,7891.0,52.31,31.36,15.04,9.97,19.6,22.46,8.14914523343,7.4014467819,2,3350.0,720.0,550.0,350.0,330.0,1250.0,2080.0,37.31,415000,500000,520000,550000,519500,278750.0,,25.18,30.0,23.0,26.0,2.0,28.0,8.0,16.0,9.0,4.0,66.0,36.0,9.0,10.7,4.0,3.54,0.0,0.0,0.0
E02000777,Redbridge 027,Wanstead Flats,E09000026,Redbridge,E14001334,Leyton and Wanstead,2325.0,818.0,779.0,8.0,306.0,410.0,4.0,5926.0,5392.0,20.0,448.0,66.0,961.0,606.0,595.0,136.0,29.0,4640.0,68.69,17.63,13.16,9.01,7.1,41.33,4.27636159392,4.32879605832,1b,2410.0,1320.0,70.0,10.0,10.0,880.0,1530.0,36.51,762000,795000,957500,904250,911350,360000.0,,19.6,9.0,9.0,3.0,0.0,2.0,3.0,0.0,6.0,1.0,5.0,5.0,3.7,2.1,3.0,0.4,0.0,0.0,0.0
E02000783,Redbridge 033,Loxford Park,E09000026,Redbridge,E14001301,Ilford South,2115.0,333.0,443.0,18.0,497.0,812.0,12.0,7300.0,6569.0,14.0,592.0,125.0,318.0,456.0,814.0,399.0,127.0,5211.0,36.69,38.39,23.5,10.01,24.87,15.04,7.02553893724,5.91354259384,2,2250.0,670.0,320.0,40.0,40.0,680.0,1550.0,30.22,335000,364000,390000,387000,368000,260000.0,,9.85,80.0,69.0,25.0,30.0,12.0,13.0,0.0,15.0,1.0,56.0,25.0,35.6,11.1,4.0,0.8300000000000001,0.0,0.0,0.0
E02000764,Redbridge 014,Snaresbrook,E09000026,Redbridge,E14001334,Leyton and Wanstead,5368.0,1616.0,1576.0,22.0,554.0,1592.0,8.0,12166.0,10855.0,22.0,1194.0,95.0,1646.0,1722.0,1749.0,216.0,36.0,10049.0,59.46,29.66,10.32,10.78,4.69,30.66,10.563951209,8.64203443781,3,5630.0,1530.0,210.0,130.0,50.0,3190.0,2440.0,56.66,481588,510000,495000,517500,500000,400000.0,,3.82,87.0,60.0,39.0,21.0,64.0,11.0,6.0,9.0,23.0,124.0,75.0,15.5,13.3,6.0,1.8699999999999999,0.0,0.0,0.0
E02000751,Redbridge 001,Woodford Wells,E09000026,Redbridge,E14001167,Chingford and Woodford Green,4438.0,1834.0,1452.0,13.0,249.0,887.0,3.0,11062.0,10103.0,32.0,873.0,54.0,2085.0,1318.0,850.0,162.0,23.0,8866.0,74.04,19.99,5.61,8.67,4.17,46.98,5.25824408815,5.06239026148,2,4570.0,760.0,110.0,100.0,30.0,1520.0,3030.0,33.26,697500,700000,655250,612500,798250,351375.0,,14.44,57.0,24.0,21.0,0.0,19.0,52.0,13.0,5.0,13.0,135.0,71.0,12.5,15.5,5.0,1.65,0.0,0.0,0.0
E02000768,Redbridge 018,Wanstead,E09000026,Redbridge,E14001334,Leyton and Wanstead,2201.0,846.0,779.0,4.0,230.0,340.0,2.0,5722.0,5269.0,22.0,390.0,41.0,1112.0,580.0,428.0,59.0,19.0,4489.0,73.83,15.45,10.45,7.92,3.54,50.52,6.7146825209,6.22165571144,2,2270.0,710.0,20.0,40.0,0.0,570.0,1710.0,25.11,710000,978000,940000,785000,870000,395000.0,,22.54,34.0,22.0,17.0,0.0,23.0,3.0,2.0,6.0,5.0,39.0,26.0,15.0,11.5,4.0,0.27,0.0,0.0,0.0
E02000781,Redbridge 031,South Park,E09000026,Redbridge,E14001301,Ilford South,4427.0,1250.0,1595.0,22.0,337.0,1218.0,5.0,16102.0,14950.0,27.0,980.0,145.0,1253.0,1178.0,1345.0,495.0,157.0,11776.0,64.26,27.51,7.61,7.15,14.73,28.3,6.29680431951,6.10340620553,2,4450.0,980.0,180.0,0.0,0.0,710.0,3720.0,15.96,430000,507500,485000,530000,500000,226000.0,,16.28,535.0,368.0,24.0,258.0,28.0,4.0,0.0,33.0,10.0,207.0,32.0,120.2,7.2,2.0,1.24,0.0,0.0,0.0
E02000782,Redbridge 032,Ilford South West,E09000026,Redbridge,E14001301,Ilford South,3577.0,504.0,541.0,167.0,718.0,1634.0,13.0,11259.0,9740.0,18.0,1216.0,285.0,401.0,714.0,1628.0,665.0,169.0,8122.0,29.21,45.68,20.07,13.49,23.32,11.21,12.8595962564,6.46612752189,3,3940.0,1520.0,380.0,630.0,540.0,2170.0,1760.0,55.08,391000,325000,352000,395000,352000,200000.0,,-9.97,639.0,388.0,26.0,218.0,21.0,1187.0,10.0,13.0,49.0,1367.0,1208.0,162.2,306.6,14.0,6.08,0.0,0.0,0.0
E02000774,Redbridge 024,Seven Kings Meads Lane,E09000026,Redbridge,E14001301,Ilford South,2459.0,622.0,578.0,5.0,108.0,1145.0,1.0,7983.0,7126.0,14.0,686.0,157.0,605.0,583.0,835.0,334.0,102.0,5942.0,48.8,46.56,4.39,10.74,17.73,24.6,7.10456577828,6.99034818928,2,2410.0,1900.0,20.0,40.0,30.0,800.0,1610.0,33.2,440000,475000,500000,385000,417500,372500.0,379500.0,-5.11,66.0,60.0,24.0,47.0,570.0,1.0,2.0,4.0,1.0,592.0,571.0,27.4,236.9,7.0,4.8100000000000005,0.0,0.0,0.0
E02000770,Redbridge 020,Seven Kings Park,E09000026,Redbridge,E14001301,Ilford South,2489.0,647.0,718.0,15.0,153.0,942.0,14.0,8026.0,7300.0,16.0,604.0,106.0,630.0,595.0,845.0,341.0,79.0,6190.0,54.84,37.85,6.15,9.05,16.87,25.31,6.82138906394,7.19435155112,2,2530.0,840.0,40.0,30.0,10.0,820.0,1700.0,32.41,430000,473000,367500,470000,475000,250000.0,,10.47,73.0,12.0,17.0,60.0,240.0,0.0,9.0,14.0,1.0,313.0,240.0,28.9,94.9,3.0,1.1199999999999999,0.0,0.0,0.0
E02000759,Redbridge 009,Roding,E09000026,Redbridge,E14001167,Chingford and Woodford Green,4818.0,1265.0,1634.0,27.0,726.0,1154.0,12.0,12910.0,11741.0,38.0,1027.0,104.0,1467.0,1392.0,1474.0,395.0,90.0,9925.0,60.17,23.95,15.07,9.05,10.07,30.45,5.73890646899,4.30975116074,2,5030.0,1200.0,180.0,170.0,60.0,2100.0,2900.0,41.75,500000,560000,562000,590000,640000,315000.0,,28.0,89.0,88.0,33.0,29.0,110.0,22.0,2.0,28.0,44.0,185.0,132.0,17.7,26.2,5.0,2.58,0.0,0.0,0.0
E02000779,Redbridge 029,Ilford North West,E09000026,Redbridge,E14001300,Ilford North,2774.0,470.0,431.0,33.0,260.0,1572.0,8.0,8266.0,7028.0,18.0,966.0,254.0,461.0,420.0,1137.0,615.0,141.0,6225.0,32.48,56.67,9.37,14.98,27.25,16.62,16.6872563188,16.8345723721,4,3140.0,2720.0,190.0,70.0,30.0,2130.0,990.0,67.83,348750,270000,245500,287500,372500,235000.0,,6.81,79.0,64.0,50.0,0.0,71.0,190.0,12.0,131.0,958.0,320.0,261.0,25.2,83.1,11.0,4.99,0.0,0.0,0.0
E02000776,Redbridge 026,Ilford North East,E09000026,Redbridge,E14001300,Ilford North,2082.0,597.0,497.0,10.0,156.0,816.0,6.0,6953.0,6332.0,11.0,509.0,101.0,537.0,455.0,643.0,358.0,89.0,5145.0,52.55,39.19,7.49,8.93,21.47,25.79,12.1690037633,6.0171859879,3,2170.0,1850.0,30.0,80.0,40.0,940.0,1220.0,43.32,388500,550000,500000,540000,560000,302500.0,,44.14,69.0,66.0,21.0,0.0,8.0,13.0,8.0,13.0,6.0,87.0,21.0,31.8,9.7,0.0,0.0,0.0,0.0,0.0
E02000795,Richmond upon Thames 012,"Richmond Park, Sheen Gate & Petersham",E09000027,Richmond upon Thames,E14001445,Richmond Park,2590.0,1033.0,887.0,8.0,225.0,433.0,4.0,6868.0,6151.0,28.0,583.0,106.0,1394.0,701.0,419.0,62.0,12.0,5115.0,74.13,16.72,8.69,10.44,2.86,53.82,1.10525134474,0.0,1a,2740.0,750.0,130.0,90.0,60.0,560.0,2150.0,20.44,1150000,1225000,1250000,1350000,1305000,475000.0,,13.48,40.0,39.0,24.0,8.0,6.0,1.0,1.0,5.0,2.0,10.0,7.0,14.6,2.6,1.0,3.977,17.0,20.0,20.0
E02000800,Richmond upon Thames 017,Ham,E09000027,Richmond upon Thames,E14001445,Richmond Park,2156.0,642.0,604.0,13.0,569.0,327.0,1.0,5359.0,4848.0,21.0,423.0,67.0,692.0,706.0,647.0,97.0,15.0,3988.0,57.79,15.17,26.39,9.54,5.19,32.1,1.89026150509,2.17880846803,1a,2220.0,140.0,30.0,20.0,10.0,790.0,1440.0,35.59,570000,700000,720000,733255,730000,431000.0,,28.07,5.0,4.0,4.0,4.0,261.0,2.0,0.0,1.0,0.0,263.0,263.0,2.3,118.5,0.0,0.0,0.0,0.0,0.0
E02000788,Richmond upon Thames 005,East Sheen North,E09000027,Richmond upon Thames,E14001445,Richmond Park,3624.0,1121.0,1319.0,3.0,265.0,915.0,1.0,8985.0,7845.0,57.0,891.0,192.0,1566.0,1029.0,934.0,85.0,9.0,6789.0,67.33,25.25,7.31,12.69,2.59,43.21,7.24744324978,7.4420712176,2,3820.0,2430.0,60.0,40.0,10.0,1390.0,2410.0,36.39,820000,940000,950000,962500,1140000,437475.0,,39.02,48.0,38.0,34.0,0.0,17.0,45.0,2.0,16.0,40.0,97.0,62.0,12.6,16.2,5.0,0.603,30.0,31.0,10.0
E02000805,Richmond upon Thames 022,Hampton Wick & Teddington East,E09000027,Richmond upon Thames,E14001556,Twickenham,4635.0,1413.0,1444.0,43.0,630.0,1100.0,5.0,10666.0,9502.0,40.0,978.0,146.0,1491.0,1390.0,1570.0,173.0,9.0,8433.0,61.64,23.73,13.59,10.91,3.93,32.17,4.83871667035,4.33329651336,1b,5030.0,1590.0,500.0,450.0,90.0,2710.0,2230.0,53.88,585000,610000,774970,549950,553000,413500.0,,-5.47,78.0,60.0,25.0,28.0,47.0,23.0,6.0,12.0,48.0,119.0,70.0,15.5,13.9,5.0,0.677,118.0,118.0,0.0
E02000787,Richmond upon Thames 004,North Sheen,E09000027,Richmond upon Thames,E14001445,Richmond Park,5173.0,1118.0,1568.0,84.0,1023.0,1375.0,5.0,11924.0,10373.0,38.0,1227.0,286.0,1355.0,1563.0,1995.0,228.0,32.0,9357.0,51.92,26.58,19.78,13.01,5.03,26.19,10.1075003804,8.30746676835,3,5510.0,1780.0,870.0,450.0,30.0,2910.0,2540.0,52.81,612000,700000,717500,625000,695000,500000.0,,13.56,57.0,51.0,16.0,5.0,122.0,464.0,8.0,13.0,46.0,611.0,586.0,10.3,106.4,3.0,4.619,681.0,714.0,261.0
E02000806,Richmond upon Thames 023,Hampton Village,E09000027,Richmond upon Thames,E14001556,Twickenham,4254.0,1500.0,1450.0,33.0,519.0,747.0,5.0,10190.0,9183.0,57.0,851.0,99.0,1707.0,1319.0,1072.0,141.0,15.0,8113.0,69.35,17.56,12.2,9.88,3.67,40.13,3.30889766528,3.92237171183,1b,4470.0,1270.0,180.0,170.0,50.0,1300.0,3030.0,29.08,635000,680000,702000,624999,717500,363975.0,,12.99,63.0,55.0,30.0,0.0,18.0,7.0,7.0,10.0,50.0,81.0,25.0,14.1,5.6,5.0,5.471,69.0,75.0,41.0
E02000784,Richmond upon Thames 001,North Barnes,E09000027,Richmond upon Thames,E14001445,Richmond Park,4177.0,1325.0,1052.0,8.0,686.0,1098.0,8.0,10045.0,8777.0,54.0,1009.0,205.0,1797.0,1135.0,1087.0,129.0,26.0,7896.0,56.91,26.29,16.42,12.62,3.71,43.02,5.62643192112,6.03439927682,2,4490.0,2230.0,90.0,60.0,20.0,1910.0,2560.0,42.54,1431000,1292500,1475000,1375000,1300000,667500.0,,-9.15,22.0,17.0,31.0,1.0,25.0,2.0,2.0,7.0,3.0,21.0,27.0,4.9,6.0,1.0,0.026,7.0,7.0,0.0
E02000803,Richmond upon Thames 020,Nursery Lands & Hampton North,E09000027,Richmond upon Thames,E14001556,Twickenham,4095.0,1258.0,1196.0,63.0,908.0,664.0,6.0,9627.0,8782.0,26.0,724.0,95.0,1270.0,1182.0,1400.0,212.0,32.0,7571.0,59.93,16.21,22.17,8.78,5.96,31.01,4.21146867407,4.28555822152,1b,4190.0,290.0,120.0,70.0,0.0,1110.0,3050.0,26.49,415000,500000,523000,499975,499975,312500.0,,20.48,18.0,17.0,15.0,0.0,4.0,5.0,1.0,4.0,0.0,22.0,9.0,4.3,2.1,1.0,0.251,5.0,5.0,5.0
E02000791,Richmond upon Thames 008,Richmond Central,E09000027,Richmond upon Thames,E14001445,Richmond Park,2969.0,867.0,646.0,10.0,181.0,1264.0,1.0,6405.0,5165.0,20.0,952.0,268.0,798.0,987.0,1089.0,87.0,8.0,5213.0,50.96,42.57,6.1,19.36,3.2,26.88,16.4283506836,15.9455010003,4,3470.0,2010.0,50.0,150.0,20.0,2450.0,990.0,70.61,745375,870000,837500,770000,865000,700000.0,,16.05,48.0,44.0,35.0,0.0,21.0,28.0,2.0,32.0,49.0,76.0,49.0,13.8,14.1,3.0,0.161,22.0,22.0,0.0
E02000785,Richmond upon Thames 002,Kew Gardens,E09000027,Richmond upon Thames,E14001445,Richmond Park,4163.0,1418.0,1221.0,15.0,258.0,1247.0,4.0,9606.0,8311.0,46.0,1061.0,188.0,1707.0,1341.0,1007.0,95.0,12.0,7775.0,63.39,29.95,6.2,13.48,2.57,41.0,6.84066028125,6.68928946307,2,4470.0,2780.0,80.0,60.0,20.0,1910.0,2520.0,42.73,970000,990000,1025000,887500,905000,525000.0,,-6.7,108.0,36.0,29.0,17.0,15.0,2.0,37.0,9.0,12.0,145.0,17.0,24.2,3.8,0.0,0.0,0.0,0.0,0.0
E02000802,Richmond upon Thames 019,Hampton Hill,E09000027,Richmond upon Thames,E14001556,Twickenham,2976.0,981.0,1102.0,6.0,249.0,635.0,3.0,6959.0,6189.0,40.0,668.0,62.0,1077.0,946.0,862.0,76.0,15.0,5505.0,69.99,21.34,8.37,11.06,3.06,36.19,5.2174271625,5.05181668351,2,3170.0,1280.0,110.0,120.0,30.0,1300.0,1870.0,41.01,530000,702000,650000,760000,832000,405000.0,,56.98,70.0,63.0,28.0,14.0,42.0,21.0,15.0,26.0,133.0,102.0,63.0,22.1,19.9,5.0,0.47600000000000003,37.0,37.0,12.0
E02000801,Richmond upon Thames 018,Teddington North,E09000027,Richmond upon Thames,E14001556,Twickenham,3018.0,971.0,1097.0,38.0,185.0,726.0,1.0,7031.0,6222.0,49.0,665.0,95.0,1087.0,1018.0,842.0,63.0,10.0,5443.0,68.52,24.06,6.13,11.51,2.42,36.02,7.49846866001,7.28145139349,2,3320.0,1500.0,80.0,390.0,200.0,1440.0,1880.0,43.37,637500,865000,793000,750000,825000,490000.0,,29.41,254.0,250.0,21.0,16.0,32.0,4.0,12.0,20.0,22.0,54.0,36.0,76.5,10.8,1.0,0.043,11.0,11.0,0.0
E02000786,Richmond upon Thames 003,Mortlake & South Barnes,E09000027,Richmond upon Thames,E14001445,Richmond Park,4944.0,1214.0,1551.0,25.0,753.0,1398.0,3.0,11194.0,9663.0,36.0,1284.0,211.0,1515.0,1711.0,1510.0,181.0,25.0,8708.0,55.93,28.28,15.23,13.68,4.17,30.64,10.2426990655,10.3035100346,3,5250.0,2780.0,150.0,180.0,30.0,2720.0,2500.0,51.81,847500,960000,816000,850000,836000,551250.0,,-1.36,51.0,30.0,30.0,4.0,2.0,3.0,1.0,11.0,1103.0,36.0,5.0,9.7,1.0,3.0,8.207,1120.0,1128.0,60.0
E02000796,Richmond upon Thames 013,Heathfield,E09000027,Richmond upon Thames,E14001556,Twickenham,3981.0,1278.0,1217.0,25.0,838.0,617.0,6.0,10994.0,10226.0,28.0,629.0,111.0,1341.0,1163.0,1115.0,301.0,61.0,8442.0,62.67,15.5,21.05,6.99,9.09,33.69,4.18866733552,4.02203658634,1b,4080.0,40.0,190.0,90.0,10.0,1050.0,3020.0,25.74,506500,625000,555000,610000,618000,320000.0,,22.01,21.0,19.0,15.0,9.0,10.0,3.0,0.0,13.0,16.0,28.0,13.0,5.1,3.2,2.0,0.247,27.0,37.0,30.0
E02000799,Richmond upon Thames 016,Strawberry Hill,E09000027,Richmond upon Thames,E14001556,Twickenham,2440.0,888.0,813.0,8.0,178.0,553.0,0.0,6566.0,5295.0,68.0,1073.0,130.0,1053.0,668.0,654.0,60.0,5.0,5320.0,69.71,22.66,7.3,19.36,2.66,43.16,8.16226637586,6.90799290966,2,2580.0,830.0,90.0,80.0,10.0,1010.0,1510.0,39.15,740000,736500,565000,642500,890000,437500.0,,20.27,7.0,7.0,10.0,0.0,0.0,1.0,5.0,5.0,3.0,10.0,1.0,2.7,0.4,0.0,0.0,0.0,0.0,0.0
E02000792,Richmond upon Thames 009,Twickenham Marble Hill,E09000027,Richmond upon Thames,E14001556,Twickenham,3101.0,894.0,942.0,7.0,191.0,1067.0,0.0,7087.0,5954.0,28.0,937.0,168.0,1008.0,931.0,1056.0,89.0,14.0,5614.0,59.21,34.41,6.16,15.99,3.32,32.51,10.1450286238,10.849862355,3,3350.0,1760.0,80.0,10.0,0.0,2000.0,1260.0,59.7,720000,580000,600000,835000,805000,527500.0,,11.81,12.0,8.0,16.0,0.0,2.0,7.0,0.0,1.0,12.0,17.0,9.0,3.6,2.7,0.0,0.0,0.0,0.0,0.0
E02000798,Richmond upon Thames 015,Twickenham West,E09000027,Richmond upon Thames,E14001556,Twickenham,4325.0,1260.0,1743.0,23.0,490.0,804.0,5.0,11178.0,10063.0,46.0,948.0,121.0,1450.0,1564.0,1111.0,172.0,27.0,8374.0,69.43,18.59,11.33,9.97,4.6,33.53,6.04083863057,5.74105829835,2,4460.0,960.0,90.0,140.0,30.0,1130.0,3280.0,25.34,557500,667500,624975,620000,650000,372500.0,,16.59,18.0,17.0,15.0,0.0,7.0,10.0,3.0,9.0,10.0,32.0,17.0,4.0,3.8,1.0,0.07,8.0,8.0,0.0
E02000827,Southwark 021,Camberwell Green,E09000028,Southwark,E14001559,Vauxhall and Camberwell Green,5018.0,293.0,748.0,145.0,2766.0,1050.0,16.0,11206.0,9822.0,55.0,1141.0,188.0,451.0,1119.0,2673.0,595.0,180.0,9125.0,20.75,20.92,55.12,12.35,15.44,8.99,22.6893867269,22.468051342,5,5150.0,1180.0,320.0,800.0,240.0,4790.0,250.0,93.01,483000,395000,407000,420000,395000,392000.0,,-18.22,179.0,159.0,36.0,32.0,3.0,14.0,10.0,11.0,4.0,59.0,17.0,34.8,3.3,43.0,88.6199,0.0,0.0,0.0
E02000804,Richmond upon Thames 021,Teddington Central,E09000027,Richmond upon Thames,E14001556,Twickenham,3168.0,1007.0,965.0,22.0,327.0,847.0,0.0,7065.0,6110.0,72.0,778.0,105.0,1129.0,940.0,1009.0,79.0,13.0,5693.0,62.25,26.74,10.32,13.52,2.9,35.64,3.1286478847,0.0,1b,3320.0,1510.0,170.0,130.0,50.0,1470.0,1820.0,44.28,691000,625000,662500,734500,637000,394975.0,,-7.81,70.0,66.0,26.0,23.0,33.0,5.0,8.0,32.0,35.0,60.0,38.0,21.1,11.4,5.0,0.46799999999999997,46.0,60.0,55.0
E02000797,Richmond upon Thames 014,Twickenham Town,E09000027,Richmond upon Thames,E14001556,Twickenham,3476.0,865.0,1170.0,47.0,207.0,1186.0,1.0,7783.0,6471.0,42.0,1127.0,143.0,851.0,1250.0,1255.0,113.0,12.0,6123.0,58.54,34.12,5.96,16.86,3.6,24.48,14.1663519978,15.2432495558,3,3730.0,2110.0,140.0,240.0,60.0,1740.0,1940.0,46.65,560000,603000,613000,625000,672000,386500.0,,20.0,81.0,70.0,36.0,4.0,249.0,39.0,14.0,45.0,28.0,328.0,288.0,21.7,77.2,7.0,0.642,59.0,62.0,29.0
E02000789,Richmond upon Thames 006,Queen's Road,E09000027,Richmond upon Thames,E14001445,Richmond Park,2841.0,763.0,668.0,7.0,521.0,880.0,2.0,6246.0,5233.0,25.0,808.0,180.0,814.0,963.0,963.0,94.0,8.0,5031.0,50.37,30.98,18.34,16.22,3.59,28.65,5.95784960027,2.92259138938,2,3100.0,1500.0,100.0,20.0,10.0,1740.0,1360.0,56.13,775000,855000,710000,703500,762500,585000.0,,-1.61,30.0,17.0,14.0,12.0,4.0,13.0,6.0,6.0,0.0,44.0,17.0,9.7,5.5,5.0,2.4250000000000003,51.0,55.0,36.0
E02000826,Southwark 020,Camberwell North,E09000028,Southwark,E14001559,Vauxhall and Camberwell Green,4023.0,267.0,803.0,163.0,1876.0,886.0,28.0,9778.0,8327.0,79.0,1167.0,205.0,393.0,984.0,2042.0,453.0,151.0,8041.0,26.6,22.02,46.63,14.84,15.01,9.77,14.7139652192,14.5476517123,3,4190.0,1000.0,530.0,610.0,80.0,3500.0,620.0,83.53,420000,450000,426000,414200,368500,365000.0,,-12.26,69.0,62.0,12.0,49.0,2.0,9.0,6.0,0.0,3.0,70.0,11.0,16.5,2.6,15.0,2.0536,45.0,55.0,55.0
E02000823,Southwark 017,Burgess Park West & John Ruskin Street,E09000028,Southwark,E14001559,Vauxhall and Camberwell Green,3634.0,322.0,500.0,65.0,1759.0,977.0,11.0,8617.0,7413.0,87.0,1005.0,112.0,444.0,976.0,1642.0,425.0,148.0,7143.0,22.62,26.88,48.4,13.97,15.77,12.22,18.6814893028,18.4994093984,4,3810.0,1270.0,240.0,480.0,90.0,3210.0,550.0,84.25,462500,422500,450000,492500,449000,405000.0,,-2.92,109.0,85.0,28.0,26.0,3.0,4.0,37.0,36.0,0.0,79.0,7.0,28.6,1.8,20.0,4.307,0.0,0.0,0.0
E02006802,Southwark 034,Southwark St George's,E09000028,Southwark,E14001085,Bermondsey and Old Southwark,3939.0,349.0,527.0,183.0,1677.0,1197.0,6.0,9218.0,7096.0,205.0,1538.0,379.0,366.0,1004.0,2156.0,339.0,73.0,7940.0,22.24,30.39,42.57,23.02,10.46,9.29,75.3403679413,78.572814786,6b,4780.0,1260.0,200.0,1700.0,120.0,4140.0,410.0,86.61,837500,625000,605000,600500,625000,607500.0,,-25.37,117.0,116.0,18.0,25.0,0.0,1635.0,1.0,5.0,1.0,1644.0,1635.0,24.5,342.1,19.0,4.3527,464.0,567.0,567.0
E02000808,Southwark 002,Borough & Southwark Street,E09000028,Southwark,E14001085,Bermondsey and Old Southwark,4696.0,437.0,562.0,138.0,1465.0,2086.0,8.0,10105.0,6692.0,285.0,2360.0,768.0,331.0,1362.0,2689.0,272.0,42.0,9171.0,21.27,44.42,31.2,33.78,6.69,7.05,66.3149924851,64.1144038444,6b,7360.0,900.0,1760.0,2410.0,510.0,6660.0,280.0,90.49,940250,770000,910000,640000,745000,710000.0,,-20.77,783.0,771.0,30.0,0.0,852.0,207.0,4.0,22.0,3.0,926.0,1059.0,106.4,143.9,48.0,19.498174000000002,228.0,278.0,0.0
E02000790,Richmond upon Thames 007,St Margarets,E09000027,Richmond upon Thames,E14001556,Twickenham,2701.0,743.0,1031.0,19.0,118.0,789.0,1.0,6504.0,5638.0,22.0,730.0,114.0,1025.0,864.0,722.0,86.0,7.0,4978.0,65.68,29.21,4.37,13.31,3.44,37.95,6.6662545118,6.24857911748,2,2830.0,1950.0,210.0,140.0,10.0,1270.0,1530.0,44.88,741000,780000,893595,825000,1002500,521250.0,,35.29,30.0,29.0,20.0,0.0,5.0,2.0,2.0,5.0,10.0,35.0,7.0,10.6,2.5,0.0,0.0,0.0,0.0,0.0
E02000794,Richmond upon Thames 011,Twickenham North,E09000027,Richmond upon Thames,E14001556,Twickenham,2759.0,874.0,1082.0,34.0,93.0,676.0,0.0,6940.0,6039.0,45.0,744.0,112.0,1121.0,955.0,609.0,66.0,9.0,5387.0,70.9,24.5,3.37,12.98,2.72,40.63,7.31808171672,7.46962975471,2,2940.0,600.0,110.0,220.0,100.0,1010.0,1930.0,34.35,596475,635000,645000,658000,681250,520000.0,,14.21,264.0,263.0,14.0,0.0,396.0,4.0,3.0,9.0,2.0,230.0,400.0,89.8,136.1,0.0,0.0,0.0,0.0,0.0
E02000793,Richmond upon Thames 010,Whitton,E09000027,Richmond upon Thames,E14001124,Brentford and Isleworth,3134.0,1102.0,1056.0,22.0,335.0,619.0,0.0,8034.0,7326.0,33.0,597.0,78.0,1252.0,969.0,757.0,131.0,24.0,6389.0,68.86,19.75,10.69,8.81,4.95,39.95,6.24015414618,6.90727917268,2,3270.0,340.0,90.0,80.0,30.0,860.0,2380.0,26.3,500000,590000,580000,582000,620000,347500.0,,24.0,22.0,19.0,18.0,24.0,9.0,27.0,0.0,48.0,10.0,49.0,36.0,6.7,11.0,1.0,0.415,17.0,20.0,20.0
E02000830,Southwark 024,Camberwell South,E09000028,Southwark,E14001421,Peckham,3765.0,603.0,952.0,40.0,984.0,1141.0,45.0,8790.0,7121.0,44.0,1403.0,222.0,786.0,941.0,1666.0,296.0,72.0,7457.0,41.3,30.31,26.14,18.99,9.77,20.88,16.9184786387,14.8352423373,4,4220.0,2450.0,190.0,320.0,40.0,2970.0,1140.0,70.38,580000,584000,612500,595875,646500,490000.0,,11.47,35.0,31.0,21.0,0.0,17.0,188.0,18.0,5.0,0.0,235.0,205.0,8.3,48.6,21.0,1.479,65.0,79.0,79.0
E02000825,Southwark 019,Peckham North West,E09000028,Southwark,E14001421,Peckham,3891.0,138.0,496.0,83.0,2499.0,658.0,17.0,10138.0,9042.0,65.0,853.0,178.0,325.0,854.0,1878.0,616.0,216.0,7990.0,16.29,16.91,64.23,10.81,21.38,8.35,10.3298326823,10.5795736942,3,4230.0,20.0,1290.0,630.0,420.0,3030.0,770.0,71.63,339750,390000,348394,377900,365000,360000.0,,7.43,342.0,342.0,9.0,251.0,0.0,0.0,46.0,0.0,0.0,102.0,0.0,80.9,0.0,8.0,3.62,215.0,265.0,265.0
E02000838,Southwark 032,Dulwich Hill,E09000028,Southwark,E14001333,Lewisham West and East Dulwich,3925.0,698.0,1262.0,27.0,870.0,1061.0,7.0,9361.0,8120.0,33.0,1087.0,121.0,1014.0,1201.0,1423.0,231.0,53.0,7396.0,49.94,27.03,22.17,13.26,7.24,25.83,8.60021555827,8.96708049577,2,4150.0,2370.0,170.0,120.0,60.0,2650.0,1410.0,63.86,545000,525000,580000,587500,725000,515250.0,,33.03,40.0,40.0,30.0,8.0,6.0,8.0,8.0,15.0,1.0,45.0,14.0,9.6,3.4,17.0,1.3105,0.0,0.0,0.0
E02000839,Southwark 033,Sydenham Hill,E09000028,Southwark,E14001205,Dulwich and West Norwood,3429.0,839.0,953.0,53.0,828.0,750.0,6.0,8390.0,7489.0,30.0,771.0,100.0,1063.0,932.0,1109.0,282.0,42.0,6339.0,52.26,21.87,24.15,10.74,9.45,31.0,6.92832070918,6.5822843378,2,3680.0,380.0,140.0,90.0,60.0,2300.0,1360.0,62.5,425000,536000,503750,508000,493500,402500.0,,16.12,41.0,39.0,16.0,0.0,25.0,0.0,22.0,0.0,1.0,53.0,25.0,11.1,6.8,15.0,2.9967,0.0,0.0,0.0
E02000836,Southwark 030,East Dulwich,E09000028,Southwark,E14001333,Lewisham West and East Dulwich,3337.0,723.0,1201.0,18.0,547.0,844.0,4.0,8161.0,6934.0,25.0,1121.0,81.0,1163.0,965.0,1029.0,138.0,42.0,6471.0,57.66,25.29,16.39,15.03,5.39,34.85,11.1038463956,11.0590915342,3,3600.0,3130.0,20.0,70.0,20.0,1650.0,1880.0,45.83,726000,712500,838580,799000,875000,582762.0,,20.52,67.0,63.0,39.0,4.0,4.0,4.0,9.0,4.0,1.0,31.0,8.0,18.6,2.2,32.0,0.655,0.0,0.0,0.0
E02000815,Southwark 009,Elephant & Castle,E09000028,Southwark,E14001085,Bermondsey and Old Southwark,3233.0,208.0,336.0,90.0,1050.0,1540.0,9.0,7530.0,5046.0,214.0,1836.0,434.0,190.0,878.0,1772.0,330.0,63.0,6601.0,16.83,47.63,32.48,32.99,12.16,5.88,54.7504270659,55.517523559,6b,4890.0,420.0,400.0,2340.0,1390.0,4740.0,90.0,96.93,450000,520000,465000,693000,450000,446000.0,,0.0,1236.0,1220.0,16.0,254.0,1010.0,0.0,198.0,7.0,0.0,1212.0,1010.0,252.8,206.5,23.0,19.3188,553.0,659.0,659.0
E02000812,Southwark 006,London Bridge & Bermondsey West,E09000028,Southwark,E14001085,Bermondsey and Old Southwark,4532.0,314.0,574.0,80.0,2246.0,1309.0,9.0,10700.0,8551.0,233.0,1554.0,362.0,306.0,1111.0,2485.0,495.0,136.0,8924.0,19.59,28.88,49.56,20.08,13.92,6.75,35.0280093619,25.4002731644,6a,5340.0,480.0,650.0,940.0,390.0,4890.0,220.0,91.57,565000,681000,552500,480000,495000,480000.0,,-12.39,329.0,318.0,29.0,96.0,423.0,9.0,57.0,7.0,0.0,184.0,432.0,61.6,80.9,29.0,12.221,0.0,0.0,0.0
E02000834,Southwark 028,Peckham Rye Common,E09000028,Southwark,E14001333,Lewisham West and East Dulwich,4102.0,663.0,1204.0,23.0,843.0,1360.0,9.0,9252.0,7718.0,54.0,1394.0,86.0,959.0,1206.0,1729.0,183.0,26.0,7674.0,45.51,33.15,20.55,16.58,5.1,23.38,12.0640995443,12.5532203744,3,4420.0,3390.0,290.0,150.0,30.0,2730.0,1490.0,61.76,595000,630000,625000,577500,800000,531250.0,,34.45,66.0,43.0,37.0,14.0,23.0,23.0,9.0,15.0,0.0,65.0,46.0,14.9,10.4,36.0,1.7149,0.0,0.0,0.0
E02000828,Southwark 022,Peckham North,E09000028,Southwark,E14001421,Peckham,3596.0,230.0,547.0,155.0,1758.0,888.0,18.0,8707.0,7338.0,77.0,1181.0,111.0,446.0,802.0,1744.0,472.0,130.0,7091.0,21.61,24.69,48.89,15.72,16.74,12.4,29.0538613471,30.567871821,6a,4360.0,950.0,460.0,950.0,850.0,3200.0,930.0,73.39,421000,460000,544500,415000,500000,382500.0,,18.76,143.0,134.0,30.0,146.0,20.0,5.0,6.0,889.0,6.0,49.0,25.0,32.8,5.7,33.0,7.359,99.0,123.0,123.0
E02000818,Southwark 012,Walworth North,E09000028,Southwark,E14001421,Peckham,4488.0,280.0,701.0,247.0,1833.0,1400.0,27.0,9711.0,7748.0,139.0,1604.0,220.0,351.0,1132.0,2460.0,446.0,99.0,8284.0,21.86,31.19,40.84,20.21,12.14,7.82,32.7515970557,33.6366625396,6a,5210.0,1270.0,380.0,1890.0,720.0,4630.0,490.0,88.87,590000,547500,525000,557000,420000,364000.0,,-28.81,592.0,585.0,23.0,248.0,563.0,36.0,2.0,7.0,3.0,86.0,599.0,113.6,115.0,31.0,12.369,261.0,319.0,319.0
E02000824,Southwark 018,Peckham Park Road,E09000028,Southwark,E14001421,Peckham,3791.0,203.0,423.0,53.0,2419.0,652.0,41.0,9830.0,8748.0,45.0,926.0,111.0,412.0,921.0,1714.0,580.0,166.0,7594.0,16.51,17.2,63.81,11.01,19.68,10.87,10.9963641609,11.219004097,3,4250.0,580.0,160.0,710.0,350.0,3530.0,500.0,83.06,510000,410000,380000,414600,455000,455000.0,460000.0,-10.78,435.0,419.0,20.0,321.0,839.0,11.0,306.0,5.0,0.0,1418.0,850.0,102.4,200.0,43.0,55.461,80.0,98.0,72.0
E02000829,Southwark 023,Queens Road Peckham,E09000028,Southwark,E14001421,Peckham,4739.0,426.0,973.0,88.0,2275.0,959.0,18.0,10806.0,9317.0,61.0,1313.0,115.0,564.0,1068.0,2412.0,534.0,159.0,8891.0,29.52,20.24,48.01,13.78,14.62,11.9,18.8180443424,19.0173039739,4,4980.0,2100.0,610.0,440.0,80.0,3540.0,1380.0,71.08,445000,560000,440000,485000,545000,407500.0,,22.47,271.0,98.0,37.0,180.0,2.0,11.0,4.0,12.0,8.0,246.0,13.0,54.4,2.6,34.0,2.861,0.0,0.0,0.0
E02000816,Southwark 010,South Bermondsey Central,E09000028,Southwark,E14001085,Bermondsey and Old Southwark,4149.0,315.0,657.0,147.0,1789.0,1230.0,11.0,9519.0,8008.0,92.0,1284.0,135.0,445.0,1026.0,2073.0,493.0,109.0,7748.0,23.43,29.65,43.12,15.87,14.51,10.73,10.3277461297,10.1235026117,3,4950.0,420.0,260.0,1020.0,650.0,3740.0,850.0,75.56,374000,528165,450000,480000,450000,398000.0,,20.32,403.0,388.0,40.0,173.0,13.0,21.0,6.0,19.0,0.0,287.0,34.0,81.4,6.9,35.0,6.47,0.0,0.0,0.0
E02000822,Southwark 016,Walworth South,E09000028,Southwark,E14001421,Peckham,2775.0,129.0,227.0,16.0,1631.0,760.0,12.0,6657.0,5757.0,65.0,737.0,98.0,195.0,620.0,1407.0,433.0,118.0,5244.0,12.83,27.39,58.77,13.52,19.86,7.03,14.7965113594,15.7536369655,3,3550.0,750.0,30.0,540.0,510.0,3200.0,320.0,90.14,436500,451000,430000,450000,410500,381250.0,,-5.96,27.0,27.0,10.0,4.0,276.0,1.0,0.0,0.0,0.0,5.0,277.0,7.6,78.0,9.0,4.7299999999999995,0.0,0.0,0.0
E02000819,Southwark 013,South Bermondsey West,E09000028,Southwark,E14001085,Bermondsey and Old Southwark,3556.0,207.0,328.0,65.0,2055.0,891.0,10.0,8415.0,7282.0,115.0,915.0,103.0,298.0,660.0,1962.0,514.0,121.0,6782.0,15.04,25.06,57.79,13.46,17.86,8.38,13.6214838705,13.525946658,3,3790.0,630.0,290.0,270.0,40.0,2990.0,720.0,78.89,385000,420000,385000,389000,350000,335000.0,,-9.09,23.0,23.0,7.0,10.0,70.0,0.0,0.0,0.0,0.0,82.0,70.0,6.1,18.5,11.0,17.625999999999998,47.0,57.0,57.0
E02000820,Southwark 014,"Newington, Kennington East & Walworth West",E09000028,Southwark,E14001559,Vauxhall and Camberwell Green,4228.0,352.0,593.0,125.0,1938.0,1208.0,12.0,9152.0,7451.0,147.0,1287.0,267.0,368.0,983.0,2367.0,414.0,96.0,7686.0,22.35,28.57,45.84,18.59,12.06,8.7,35.9939327806,32.8276701148,6a,4980.0,1170.0,370.0,1180.0,160.0,4300.0,640.0,86.35,477500,457500,510000,614450,440000,435000.0,,-7.85,79.0,75.0,11.0,32.0,48.0,0.0,0.0,0.0,1.0,64.0,48.0,15.9,9.6,13.0,2.228,99.0,121.0,121.0
E02000832,Southwark 026,Nunhead North,E09000028,Southwark,E14001421,Peckham,4099.0,419.0,862.0,68.0,1932.0,806.0,12.0,9551.0,8441.0,29.0,989.0,92.0,560.0,1098.0,1926.0,414.0,102.0,7831.0,31.25,19.66,47.13,11.62,12.59,13.66,13.1046955713,11.4378254602,3,4430.0,1560.0,520.0,240.0,140.0,2720.0,1650.0,61.4,506225,514000,555000,518500,525000,432500.0,,3.71,152.0,148.0,25.0,74.0,127.0,26.0,7.0,15.0,5.0,185.0,153.0,34.3,34.5,33.0,4.669,73.0,91.0,91.0
E02000835,Southwark 029,Nunhead South & Newlands,E09000028,Southwark,E14001333,Lewisham West and East Dulwich,3028.0,539.0,1030.0,17.0,821.0,614.0,7.0,7539.0,6784.0,21.0,678.0,56.0,692.0,954.0,1090.0,252.0,42.0,5798.0,51.82,20.28,27.11,10.01,9.71,22.85,7.05075914199,6.71389924706,2,3180.0,1640.0,220.0,120.0,40.0,1810.0,1370.0,56.92,530000,680000,533250,620000,525000,429764.0,,-0.94,47.0,46.0,22.0,23.0,0.0,4.0,3.0,3.0,0.0,14.0,4.0,14.8,1.3,18.0,1.364,17.0,21.0,21.0
E02000821,Southwark 015,Burgess Park,E09000028,Southwark,E14001421,Peckham,3134.0,156.0,287.0,119.0,1709.0,858.0,5.0,9257.0,8022.0,38.0,866.0,331.0,323.0,626.0,1415.0,522.0,247.0,7107.0,14.14,27.38,54.53,13.34,24.54,10.31,13.5244236092,14.7071090142,3,3640.0,780.0,120.0,470.0,150.0,3190.0,370.0,87.64,275000,365000,400000,415000,507500,412500.0,,84.55,157.0,156.0,12.0,48.0,653.0,3.0,12.0,3.0,2.0,33.0,656.0,43.1,180.2,13.0,25.669,1295.0,1583.0,1583.0
E02000810,Southwark 004,Bermondsey East,E09000028,Southwark,E14001085,Bermondsey and Old Southwark,5393.0,381.0,763.0,354.0,2447.0,1443.0,5.0,11795.0,9952.0,98.0,1501.0,244.0,363.0,1387.0,3026.0,522.0,97.0,9637.0,21.21,26.76,45.37,15.63,11.48,6.73,16.0428044536,16.3547506004,4,6020.0,110.0,970.0,1760.0,340.0,5420.0,450.0,90.03,475000,500000,464000,467500,430000,422500.0,,-9.47,615.0,615.0,7.0,182.0,1578.0,18.0,0.0,5.0,152.0,1584.0,1596.0,102.2,265.1,14.0,10.903,528.0,646.0,0.0
E02000817,Southwark 011,South Bermondsey East,E09000028,Southwark,E14001085,Bermondsey and Old Southwark,2925.0,155.0,342.0,46.0,1827.0,545.0,10.0,6753.0,5833.0,36.0,777.0,107.0,273.0,606.0,1572.0,373.0,100.0,5429.0,16.99,18.63,62.46,13.62,16.17,9.33,12.3122415703,11.8115391326,3,3180.0,110.0,230.0,430.0,230.0,2310.0,390.0,72.64,363000,441000,470000,345000,365000,342500.0,,0.55,239.0,238.0,16.0,133.0,946.0,23.0,14.0,10.0,2.0,213.0,969.0,75.2,304.7,14.0,2.16,0.0,0.0,0.0
E02006942,Southwark 036,Bermondsey North,E09000028,Southwark,E14001085,Bermondsey and Old Southwark,3364.0,290.0,568.0,67.0,1033.0,1401.0,5.0,6671.0,5033.0,83.0,1310.0,245.0,205.0,1026.0,1830.0,255.0,48.0,5766.0,25.51,41.65,30.71,24.55,9.01,6.09,38.7415476673,46.720756053,6a,3870.0,610.0,1240.0,600.0,110.0,3600.0,90.0,93.02,600000,619000,507500,530000,565000,545000.0,,-5.83,140.0,29.0,28.0,38.0,60.0,8.0,0.0,2.0,31.0,19.0,68.0,36.2,17.6,23.0,1.8404,0.0,0.0,0.0
E02006941,Southwark 035,Butler's Wharf and Queen's Walk,E09000028,Southwark,E14001085,Bermondsey and Old Southwark,2985.0,459.0,483.0,22.0,205.0,1815.0,1.0,5265.0,3566.0,86.0,1309.0,304.0,185.0,1085.0,1625.0,82.0,7.0,5000.0,31.56,60.8,6.87,32.27,2.98,6.2,50.5939790141,53.3521761464,6b,3850.0,250.0,880.0,450.0,0.0,3690.0,50.0,95.84,820000,790000,750000,700000,700000,700000.0,,-14.63,43.0,35.0,13.0,0.0,5.0,2.0,6.0,2.0,2.0,17.0,7.0,11.2,1.8,13.0,1.916,0.0,0.0,0.0
E02000813,Southwark 007,Canada Water,E09000028,Southwark,E14001085,Bermondsey and Old Southwark,4483.0,333.0,487.0,76.0,2109.0,1470.0,8.0,10124.0,8182.0,105.0,1547.0,290.0,368.0,1115.0,2400.0,488.0,112.0,8325.0,18.29,32.79,47.04,19.18,13.38,8.21,23.8345962982,24.1952553969,5,4860.0,450.0,330.0,1060.0,100.0,4230.0,380.0,87.04,482500,477500,460000,474750,435000,400000.0,,-9.84,1266.0,1231.0,22.0,353.0,52.0,9.0,14.0,17.0,2.0,161.0,61.0,260.5,12.6,20.0,7.978000000000001,58.0,72.0,72.0
E02000807,Southwark 001,Rotherhithe,E09000028,Southwark,E14001085,Bermondsey and Old Southwark,3735.0,552.0,805.0,119.0,714.0,1543.0,2.0,8136.0,6384.0,57.0,1520.0,175.0,541.0,1303.0,1652.0,213.0,25.0,7076.0,36.33,41.31,19.12,21.53,6.37,14.48,11.6188242844,9.23088711845,3,4150.0,30.0,370.0,300.0,10.0,2620.0,1260.0,63.13,500000,511000,508650,555000,563500,520000.0,,12.7,15.0,6.0,6.0,0.0,8.0,1.0,0.0,0.0,0.0,3.0,9.0,3.6,2.2,2.0,0.967,0.0,0.0,0.0
E02000833,Southwark 027,North Dulwich,E09000028,Southwark,E14001205,Dulwich and West Norwood,3046.0,360.0,702.0,28.0,1390.0,558.0,8.0,7392.0,6522.0,29.0,707.0,134.0,450.0,859.0,1308.0,333.0,97.0,5764.0,34.87,18.32,45.63,11.77,14.12,14.77,13.3088396552,12.457685245,3,3180.0,260.0,70.0,120.0,50.0,2430.0,650.0,76.42,402500,450000,485000,450000,440000,400000.0,,9.32,32.0,32.0,9.0,6.0,10.0,1.0,1.0,0.0,0.0,15.0,11.0,10.1,3.5,11.0,3.3569999999999998,0.0,0.0,0.0
E02000837,Southwark 031,Herne Hill & Dulwich Park,E09000028,Southwark,E14001205,Dulwich and West Norwood,3150.0,1086.0,1072.0,11.0,384.0,594.0,3.0,8494.0,7502.0,46.0,846.0,100.0,1650.0,740.0,645.0,99.0,16.0,6367.0,68.51,18.86,12.19,11.68,3.65,52.38,8.22467804231,7.72640029432,2,3430.0,2320.0,50.0,50.0,40.0,960.0,2430.0,27.99,1200000,1100000,1550000,1110000,1360000,480000.0,,13.33,45.0,40.0,28.0,5.0,15.0,21.0,3.0,1.0,4.0,49.0,36.0,13.1,10.5,21.0,2.45,0.0,0.0,0.0
E02000831,Southwark 025,Peckham Rye,E09000028,Southwark,E14001421,Peckham,4053.0,590.0,979.0,113.0,1226.0,1142.0,3.0,9227.0,7708.0,46.0,1362.0,111.0,776.0,1076.0,1823.0,328.0,49.0,7646.0,38.71,28.18,30.25,16.46,9.3,19.15,21.2784883706,20.6042678431,5,4440.0,2700.0,520.0,290.0,90.0,2840.0,1550.0,63.96,594000,646500,620000,690000,765000,506850.0,,28.79,163.0,144.0,53.0,19.0,62.0,7.0,8.0,18.0,203.0,94.0,69.0,36.7,15.5,55.0,3.311,113.0,139.0,139.0
E02000814,Southwark 008,Surrey Quays,E09000028,Southwark,E14001085,Bermondsey and Old Southwark,4588.0,565.0,926.0,140.0,1084.0,1869.0,4.0,10170.0,8072.0,95.0,1747.0,256.0,523.0,1353.0,2351.0,313.0,49.0,8753.0,32.5,40.74,23.63,20.63,7.89,11.4,11.041782768,6.60802851837,3,5870.0,160.0,260.0,1890.0,1010.0,4330.0,880.0,73.76,520000,500000,470000,497500,460000,422500.0,,-11.54,132.0,129.0,16.0,54.0,3814.0,11.0,2.0,25.0,2.0,3798.0,3825.0,22.5,651.6,18.0,45.965,4153.0,4189.0,4189.0
E02000850,Sutton 011,Beddington,E09000029,Sutton,E14001153,Carshalton and Wallington,4091.0,1344.0,1826.0,12.0,366.0,543.0,0.0,10750.0,10038.0,21.0,632.0,59.0,1341.0,1421.0,1115.0,192.0,20.0,8374.0,77.49,13.27,8.95,6.62,5.18,32.78,4.22420928913,4.8518538665,1b,4180.0,520.0,100.0,70.0,20.0,650.0,3490.0,15.55,410000,497500,487500,470000,480000,257500.0,,17.07,37.0,23.0,22.0,31.0,0.0,3.0,1.0,7.0,2.0,34.0,3.0,8.9,0.7,2.0,0.81,0.0,0.0,0.0
E02000841,Sutton 002,St Helier South,E09000029,Sutton,E14001153,Carshalton and Wallington,3304.0,500.0,991.0,53.0,1275.0,478.0,7.0,9091.0,8460.0,13.0,559.0,59.0,460.0,1031.0,1364.0,380.0,66.0,6865.0,45.13,14.47,38.59,6.94,13.5,13.92,8.2493837084,7.64134733929,2,3390.0,10.0,270.0,40.0,20.0,770.0,2620.0,22.71,340000,420000,410000,420000,420000,272500.0,,23.53,32.0,31.0,15.0,12.0,30.0,11.0,5.0,5.0,0.0,67.0,41.0,9.4,12.1,3.0,0.79,42.0,108.0,108.0
E02000863,Sutton 024,"Orchard Hill, Woodcote Green & Clockhouse",E09000029,Sutton,E14001153,Carshalton and Wallington,2422.0,926.0,1066.0,9.0,206.0,214.0,1.0,6682.0,6240.0,27.0,386.0,29.0,1226.0,670.0,442.0,71.0,14.0,5258.0,82.25,8.84,8.51,6.61,3.51,50.62,1.19226919833,0.0,1a,2490.0,180.0,200.0,130.0,40.0,390.0,2050.0,15.66,605000,595000,575000,645000,582500,302500.0,,-3.72,21.0,15.0,6.0,0.0,2.0,17.0,6.0,7.0,105.0,39.0,19.0,8.4,7.6,2.0,0.32,4.0,9.0,9.0
E02000858,Sutton 019,Roundshaw,E09000029,Sutton,E14001153,Carshalton and Wallington,3309.0,415.0,733.0,87.0,1676.0,393.0,5.0,8481.0,7891.0,12.0,524.0,54.0,464.0,833.0,1618.0,350.0,45.0,6241.0,34.69,11.88,50.65,6.96,11.94,14.02,4.90920288818,4.96794879034,1b,3440.0,270.0,1120.0,240.0,20.0,1690.0,1730.0,49.13,350000,310000,400000,420000,360000,285000.0,,2.86,33.0,28.0,19.0,0.0,3.0,28.0,1.0,28.0,0.0,52.0,31.0,9.6,9.0,1.0,0.31,0.0,0.0,0.0
E02000856,Sutton 017,Wallington South,E09000029,Sutton,E14001153,Carshalton and Wallington,3800.0,1122.0,1404.0,25.0,275.0,972.0,2.0,9236.0,8383.0,24.0,769.0,60.0,1184.0,987.0,1396.0,209.0,24.0,7193.0,66.47,25.58,7.24,9.24,6.13,31.16,9.21371869144,9.47289481719,2,3940.0,1620.0,110.0,380.0,110.0,1990.0,1940.0,50.51,340000,376000,370000,485000,497500,272500.0,,46.32,180.0,139.0,33.0,27.0,29.0,45.0,2.0,81.0,2.0,132.0,74.0,45.7,18.8,9.0,2.81,130.0,496.0,496.0
E02006836,Sutton 025,Belmont & South Cheam,E09000029,Sutton,E14001534,Sutton and Cheam,3212.0,1319.0,1286.0,35.0,78.0,494.0,0.0,8649.0,7861.0,27.0,710.0,51.0,1650.0,791.0,663.0,101.0,7.0,6823.0,81.1,15.38,2.43,9.11,3.36,51.37,2.04634909259,1.34352140276,1a,3390.0,460.0,190.0,140.0,60.0,700.0,2670.0,20.65,428750,686000,680000,700000,625000,297500.0,,45.77,56.0,26.0,23.0,1.0,12.0,7.0,2.0,23.0,2.0,34.0,19.0,16.5,5.6,3.0,1.1099999999999999,0.0,0.0,0.0
E02000861,Sutton 022,Carshalton Beeches & Banstead Road,E09000029,Sutton,E14001153,Carshalton and Wallington,2863.0,1305.0,1173.0,8.0,83.0,294.0,0.0,7724.0,7100.0,22.0,561.0,41.0,1727.0,669.0,397.0,66.0,6.0,6115.0,86.55,10.27,2.9,8.08,2.51,60.32,3.71012371831,2.87809500383,1b,2950.0,220.0,40.0,120.0,10.0,470.0,2460.0,15.93,652500,861000,855000,818500,810000,280000.0,,24.14,6.0,5.0,6.0,4.0,3.0,6.0,4.0,4.0,0.0,18.0,9.0,2.0,3.1,2.0,0.6,4.0,9.0,9.0
E02000860,Sutton 021,Sutton South & Shanklin,E09000029,Sutton,E14001534,Sutton and Cheam,4119.0,659.0,901.0,14.0,818.0,1723.0,4.0,8662.0,7462.0,12.0,1074.0,114.0,380.0,999.0,2296.0,407.0,38.0,6868.0,37.87,41.83,19.86,13.85,10.8,9.23,9.36419001422,8.48690260447,2,4380.0,460.0,230.0,350.0,60.0,3860.0,510.0,88.13,295000,300000,295500,330000,275000,264500.0,,-6.78,67.0,50.0,13.0,0.0,32.0,154.0,17.0,20.0,1014.0,229.0,186.0,15.3,42.5,4.0,1.8,225.0,457.0,457.0
E02000840,Sutton 001,Middleton Circle,E09000029,Sutton,E14001153,Carshalton and Wallington,3475.0,435.0,1173.0,30.0,1412.0,415.0,10.0,9209.0,8485.0,18.0,661.0,45.0,493.0,1031.0,1520.0,384.0,47.0,6780.0,46.27,11.94,40.63,7.86,12.4,14.19,4.77154986204,4.53538299478,1b,3510.0,100.0,70.0,250.0,170.0,870.0,2640.0,24.79,365000,395000,397000,407500,415000,256250.0,,13.7,221.0,220.0,11.0,40.0,48.0,8.0,5.0,12.0,0.0,24.0,56.0,63.0,16.0,3.0,3.0700000000000003,8.0,13.0,13.0
E02000844,Sutton 005,The Wrythe,E09000029,Sutton,E14001153,Carshalton and Wallington,3217.0,760.0,1273.0,18.0,750.0,411.0,5.0,8550.0,8005.0,6.0,510.0,29.0,708.0,1035.0,1191.0,249.0,32.0,6506.0,63.2,12.78,23.31,6.37,8.73,22.01,6.31353872145,5.7321869447,2,3290.0,170.0,80.0,160.0,10.0,780.0,2520.0,23.71,352500,440000,435000,450000,450000,292500.0,,27.66,19.0,18.0,13.0,4.0,4.0,2.0,6.0,12.0,0.0,24.0,6.0,5.8,1.8,1.0,0.35,0.0,0.0,0.0
E02000842,Sutton 003,Stonecot,E09000029,Sutton,E14001534,Sutton and Cheam,2958.0,1144.0,1200.0,11.0,131.0,472.0,0.0,8202.0,7581.0,13.0,548.0,60.0,1087.0,1004.0,695.0,139.0,33.0,6455.0,79.24,15.96,4.43,7.57,5.81,36.75,4.8171914755,4.97559194283,1b,3050.0,40.0,90.0,40.0,30.0,530.0,2510.0,17.38,450000,560500,557500,526900,565000,335000.0,,25.56,38.0,31.0,18.0,6.0,53.0,13.0,0.0,57.0,2.0,93.0,66.0,12.5,21.6,1.0,0.46,0.0,0.0,0.0
E02000848,Sutton 009,North Cheam East,E09000029,Sutton,E14001534,Sutton and Cheam,2911.0,1121.0,1347.0,6.0,65.0,372.0,0.0,8073.0,7477.0,16.0,514.0,66.0,1142.0,1023.0,617.0,119.0,15.0,6149.0,84.78,12.78,2.23,7.38,4.6,39.23,5.75527453583,5.40644433096,2,2990.0,0.0,40.0,40.0,10.0,500.0,2490.0,16.72,450000,550000,560000,550000,535000,314250.0,,18.89,11.0,4.0,8.0,1.0,2.0,85.0,2.0,28.0,16.0,94.0,87.0,3.7,29.1,2.0,0.36000000000000004,16.0,41.0,41.0
E02000854,Sutton 015,Carshalton Village,E09000029,Sutton,E14001153,Carshalton and Wallington,3086.0,1022.0,1179.0,18.0,272.0,592.0,3.0,7513.0,6879.0,16.0,577.0,41.0,1090.0,1030.0,826.0,132.0,7.0,5845.0,71.32,19.18,8.81,8.44,4.5,35.32,8.47735184236,7.97316307004,2,3220.0,1010.0,70.0,210.0,60.0,1060.0,2140.0,32.92,429950,473250,540000,510000,540000,330000.0,,25.6,75.0,63.0,36.0,1.0,13.0,7.0,11.0,40.0,1.0,57.0,20.0,23.3,6.2,4.0,0.36,6.0,12.0,12.0
E02000852,Sutton 013,Sutton East,E09000029,Sutton,E14001153,Carshalton and Wallington,3249.0,987.0,1308.0,13.0,185.0,753.0,3.0,8040.0,7324.0,13.0,639.0,64.0,930.0,1037.0,1044.0,207.0,32.0,6253.0,70.64,23.18,5.69,8.91,7.36,28.62,7.1508377079,5.48881658596,2,3380.0,1090.0,50.0,90.0,40.0,1110.0,2270.0,32.84,375000,440000,450000,480000,490000,269000.0,,30.67,86.0,66.0,33.0,5.0,48.0,3.0,12.0,29.0,2.0,97.0,51.0,25.4,15.1,3.0,0.5,18.0,37.0,37.0
E02000859,Sutton 020,Carshalton on the Hill,E09000029,Sutton,E14001153,Carshalton and Wallington,3495.0,1281.0,1146.0,8.0,470.0,589.0,1.0,8421.0,7729.0,22.0,637.0,33.0,1166.0,1018.0,1121.0,174.0,12.0,6620.0,69.44,16.85,13.45,8.22,5.32,33.36,6.36104664246,5.55329451713,2,3740.0,560.0,130.0,220.0,70.0,1820.0,1910.0,48.66,390000,371000,415000,326000,324500,280000.0,,-16.79,64.0,52.0,21.0,14.0,1.0,19.0,23.0,23.0,0.0,94.0,20.0,17.1,5.3,6.0,0.8200000000000001,31.0,126.0,126.0
E02000855,Sutton 016,Cheam High Street,E09000029,Sutton,E14001534,Sutton and Cheam,3210.0,1323.0,1155.0,14.0,142.0,574.0,2.0,8136.0,7424.0,21.0,640.0,51.0,1432.0,964.0,712.0,89.0,15.0,6445.0,77.2,17.88,4.42,8.75,3.24,44.61,5.80326374171,5.64472519756,2,3360.0,400.0,130.0,250.0,50.0,960.0,2370.0,28.57,530000,605000,625000,550000,600000,325000.0,297000.0,13.21,144.0,134.0,23.0,0.0,16.0,13.0,6.0,27.0,3.0,162.0,29.0,42.9,8.6,3.0,0.52,14.0,37.0,37.0
E02000851,Sutton 012,Sutton Central,E09000029,Sutton,E14001534,Sutton and Cheam,5038.0,804.0,1197.0,185.0,1093.0,1750.0,9.0,11405.0,9697.0,17.0,1408.0,283.0,539.0,1271.0,2574.0,590.0,62.0,8832.0,39.72,34.74,21.7,14.98,12.94,10.7,18.223136102,19.0345315196,4,5580.0,970.0,620.0,1240.0,590.0,4440.0,1140.0,79.57,301000,335000,318000,330000,296000,260000.0,,-1.66,642.0,621.0,41.0,82.0,1671.0,295.0,290.0,133.0,5674.0,2318.0,1966.0,115.1,352.3,27.0,10.75,1548.0,3205.0,3205.0
E02000853,Sutton 014,Sutton West,E09000029,Sutton,E14001534,Sutton and Cheam,3205.0,865.0,1280.0,15.0,358.0,684.0,3.0,8082.0,7384.0,8.0,622.0,68.0,751.0,1152.0,1104.0,174.0,19.0,6128.0,66.93,21.34,11.17,8.64,6.02,23.43,6.92855665291,5.64262789431,2,3270.0,910.0,180.0,90.0,30.0,1030.0,2240.0,31.5,359000,491750,452500,485000,492500,306000.0,,37.19,29.0,28.0,13.0,0.0,10.0,1.0,0.0,14.0,0.0,36.0,11.0,8.9,3.4,3.0,1.4000000000000001,73.0,297.0,297.0
E02000846,Sutton 007,Sutton North,E09000029,Sutton,E14001534,Sutton and Cheam,2787.0,966.0,1152.0,23.0,177.0,467.0,2.0,7541.0,6894.0,16.0,562.0,69.0,917.0,976.0,733.0,143.0,18.0,5875.0,76.0,16.76,6.35,8.58,5.78,32.9,8.50166631788,7.51556005315,2,2910.0,360.0,120.0,90.0,30.0,620.0,2290.0,21.31,425000,510000,545000,530000,514000,306000.0,,20.94,76.0,31.0,22.0,3.0,10.0,19.0,43.0,145.0,3.0,117.0,29.0,26.1,10.0,3.0,0.6,37.0,75.0,75.0
E02000847,Sutton 008,North Cheam West,E09000029,Sutton,E14001534,Sutton and Cheam,3683.0,1441.0,1491.0,13.0,174.0,564.0,0.0,9317.0,8622.0,21.0,627.0,47.0,1309.0,1289.0,941.0,123.0,21.0,7386.0,79.61,15.31,4.72,7.46,3.91,35.54,4.82392245532,4.8027275852,1b,3820.0,90.0,120.0,250.0,30.0,800.0,3030.0,20.94,461500,530000,510000,571750,556500,308000.0,,20.59,36.0,28.0,22.0,1.0,11.0,9.0,24.0,34.0,10.0,67.0,20.0,9.4,5.2,2.0,0.36,17.0,45.0,45.0
E02000845,Sutton 006,Worcester Park East,E09000029,Sutton,E14001534,Sutton and Cheam,3610.0,1031.0,1490.0,37.0,300.0,752.0,0.0,9298.0,8542.0,18.0,649.0,89.0,1226.0,1293.0,907.0,165.0,18.0,7083.0,69.83,20.83,8.31,8.13,5.07,33.96,3.18207017048,2.05793533698,1b,3780.0,480.0,560.0,220.0,20.0,980.0,2800.0,25.93,434500,525000,461500,528750,586000,344302.0,,34.87,54.0,38.0,18.0,25.0,517.0,10.0,0.0,9.0,0.0,56.0,527.0,14.3,139.4,2.0,0.15,3.0,14.0,14.0
E02000843,Sutton 004,Hackbridge,E09000029,Sutton,E14001153,Carshalton and Wallington,3981.0,790.0,1701.0,208.0,472.0,809.0,1.0,9322.0,8214.0,19.0,1035.0,54.0,709.0,1266.0,1714.0,264.0,29.0,7194.0,62.57,20.32,11.86,11.89,7.36,17.81,6.68629895912,6.95787936598,2,4620.0,340.0,200.0,1480.0,780.0,2710.0,1910.0,58.66,365000,391995,377995,340000,332500,286750.0,,-8.9,82.0,73.0,19.0,25.0,783.0,85.0,3.0,38.0,25.0,108.0,868.0,17.7,187.9,8.0,15.57,112.0,277.0,277.0
E02000857,Sutton 018,Sutton South West,E09000029,Sutton,E14001534,Sutton and Cheam,4078.0,938.0,993.0,13.0,326.0,1807.0,1.0,8876.0,7610.0,20.0,1082.0,164.0,497.0,1217.0,1978.0,357.0,32.0,7126.0,47.35,44.31,7.99,14.26,9.54,12.19,13.3984005865,11.9312281651,3,4270.0,540.0,220.0,140.0,90.0,3400.0,840.0,79.63,310000,335000,340000,325000,320000,311500.0,,3.23,103.0,87.0,21.0,13.0,80.0,42.0,4.0,118.0,0.0,182.0,122.0,24.1,28.6,8.0,3.49,562.0,1173.0,1173.0
E02000876,Tower Hamlets 013,Bethnal Green South,E09000030,Tower Hamlets,E14001086,Bethnal Green and Stepney,2778.0,209.0,375.0,34.0,973.0,1176.0,11.0,7157.0,5299.0,60.0,1376.0,422.0,197.0,523.0,1575.0,355.0,127.0,5912.0,21.02,42.33,35.03,25.96,17.35,7.09,35.6140745329,37.8884141192,6a,3240.0,740.0,360.0,280.0,190.0,2930.0,310.0,90.43,470000,470000,390500,440000,451000,445500.0,,-4.04,34.0,30.0,11.0,4.0,160.0,12.0,15.0,16.0,293.0,53.0,172.0,10.5,53.1,1.0,0.97,0.0,0.0,0.0
E02000849,Sutton 010,Wallington North,E09000029,Sutton,E14001153,Carshalton and Wallington,3254.0,906.0,1182.0,34.0,563.0,563.0,6.0,8080.0,7486.0,13.0,540.0,41.0,846.0,1100.0,1073.0,201.0,31.0,6241.0,64.17,17.3,17.3,7.35,7.13,26.0,7.84218769613,7.59114896671,2,3330.0,550.0,70.0,110.0,10.0,1290.0,2030.0,38.74,385000,455000,415000,475000,432500,260000.0,,12.34,93.0,73.0,16.0,60.0,2.0,13.0,0.0,35.0,1.0,45.0,15.0,27.9,4.5,1.0,0.68,0.0,0.0,0.0
E02000865,Tower Hamlets 002,Bethnal Green North East,E09000030,Tower Hamlets,E14001086,Bethnal Green and Stepney,2894.0,179.0,351.0,75.0,1489.0,789.0,11.0,7879.0,6526.0,21.0,1038.0,294.0,235.0,649.0,1539.0,345.0,126.0,6232.0,18.31,27.26,51.45,17.17,16.28,8.12,23.2929574762,25.7732678142,5,3200.0,540.0,200.0,510.0,80.0,2880.0,290.0,90.0,407500,423000,480000,427500,497500,497500.0,,22.09,26.0,25.0,7.0,0.0,570.0,254.0,58.0,4.0,9.0,613.0,824.0,8.1,257.5,0.0,0.0,0.0,0.0,0.0
E02000874,Tower Hamlets 011,Bethnal Green Central,E09000030,Tower Hamlets,E14001086,Bethnal Green and Stepney,2524.0,149.0,321.0,40.0,1201.0,800.0,13.0,7415.0,5937.0,76.0,1080.0,322.0,194.0,456.0,1285.0,449.0,140.0,5779.0,18.62,31.7,47.58,19.93,23.34,7.69,34.6933139198,35.0018450322,6a,3120.0,540.0,360.0,390.0,130.0,2880.0,230.0,92.31,450000,455000,437000,482500,512425,475856.0,,13.87,163.0,130.0,8.0,147.0,110.0,3.0,2.0,2.0,661.0,124.0,113.0,52.2,36.2,1.0,0.28,0.0,0.0,0.0
E02000868,Tower Hamlets 005,Bethnal Green North West,E09000030,Tower Hamlets,E14001086,Bethnal Green and Stepney,2786.0,250.0,469.0,43.0,977.0,1043.0,4.0,7128.0,5696.0,60.0,1188.0,184.0,207.0,720.0,1447.0,309.0,101.0,5946.0,25.81,37.44,35.07,20.09,14.72,7.43,22.6904045839,22.7185473214,5,3130.0,520.0,350.0,360.0,0.0,2870.0,200.0,91.69,461000,545000,535000,550000,520000,505000.0,,12.8,28.0,26.0,15.0,2.0,628.0,56.0,8.0,18.0,29.0,700.0,684.0,8.9,218.5,1.0,4.41,0.0,0.0,0.0
E02000893,Tower Hamlets 030,Mudchute,E09000030,Tower Hamlets,E14001430,Poplar and Limehouse,2988.0,283.0,565.0,35.0,1092.0,1005.0,8.0,7328.0,6122.0,40.0,1015.0,151.0,335.0,859.0,1409.0,314.0,71.0,5829.0,28.38,33.63,36.55,16.46,12.88,11.21,12.8473799005,12.7065400098,3,3440.0,140.0,110.0,610.0,230.0,2800.0,640.0,81.4,456250,521500,485000,462500,420000,399500.0,,-7.95,245.0,245.0,5.0,246.0,1.0,0.0,0.0,0.0,0.0,3.0,1.0,71.2,0.3,0.0,0.0,0.0,0.0,0.0
E02007114,Tower Hamlets 036,Cubitt Town,E09000030,Tower Hamlets,E14001430,Poplar and Limehouse,3033.0,250.0,443.0,93.0,792.0,1454.0,1.0,7495.0,5606.0,104.0,1392.0,393.0,213.0,781.0,1660.0,301.0,80.0,6208.0,22.85,47.94,26.11,25.2,12.56,7.02,17.6776308553,16.3669245044,4,3500.0,50.0,770.0,1160.0,130.0,3080.0,290.0,88.0,535088,441250,501000,595000,487500,475000.0,,-8.89,425.0,424.0,13.0,41.0,1171.0,2252.0,33.0,29.0,62.0,2525.0,3423.0,121.4,978.0,3.0,11.52,0.0,0.0,0.0
E02007113,Tower Hamlets 035,Blackwall,E09000030,Tower Hamlets,E14001430,Poplar and Limehouse,3269.0,234.0,557.0,90.0,807.0,1580.0,1.0,7371.0,5371.0,71.0,1561.0,368.0,161.0,913.0,1801.0,340.0,52.0,5977.0,24.2,48.33,24.69,27.13,11.99,4.93,21.1469938625,21.6182718609,5,5990.0,60.0,1770.0,3380.0,2870.0,5770.0,110.0,96.33,595175,845000,660000,737900,587500,587500.0,690000.0,-1.29,1060.0,1060.0,8.0,466.0,9570.0,1318.0,592.0,26.0,192.0,3784.0,10888.0,177.0,1817.7,1.0,3.61,0.0,0.0,0.0
E02000864,Tower Hamlets 001,Bow North & Fish Island,E09000030,Tower Hamlets,E14001525,Stratford and Bow,4664.0,321.0,997.0,204.0,2030.0,1107.0,5.0,11094.0,9408.0,49.0,1498.0,139.0,334.0,1304.0,2429.0,482.0,115.0,8956.0,28.26,23.73,43.52,15.2,12.8,7.16,7.45823177743,7.08059065379,2,4970.0,400.0,990.0,1390.0,730.0,4160.0,790.0,83.7,480000,450000,474000,490000,502500,485000.0,,4.69,344.0,260.0,27.0,100.0,1714.0,31.0,28.0,12.0,342.0,1204.0,1745.0,69.2,351.1,0.0,0.0,0.0,0.0,0.0
E02000867,Tower Hamlets 004,Bow South,E09000030,Tower Hamlets,E14001525,Stratford and Bow,4871.0,328.0,991.0,211.0,1475.0,1855.0,11.0,11202.0,8853.0,82.0,2002.0,265.0,317.0,1327.0,2629.0,498.0,100.0,9455.0,27.08,38.08,30.28,20.97,12.28,6.51,16.1398792435,15.0618602745,4,5770.0,1010.0,1950.0,1210.0,760.0,5080.0,680.0,88.04,402500,415000,417000,420000,425000,415000.0,,5.59,638.0,624.0,25.0,177.0,294.0,52.0,9.0,23.0,188.0,284.0,346.0,110.6,60.0,0.0,0.0,0.0,0.0,0.0
E02000866,Tower Hamlets 003,Bow West,E09000030,Tower Hamlets,E14001525,Stratford and Bow,4153.0,550.0,851.0,55.0,1420.0,1265.0,12.0,10499.0,8666.0,121.0,1564.0,148.0,691.0,1115.0,1835.0,359.0,152.0,8574.0,33.73,30.46,34.19,17.46,12.3,16.64,15.7540224179,9.47989017832,4,4260.0,1980.0,240.0,300.0,110.0,2860.0,1370.0,67.14,490025,707000,590000,600000,650000,475000.0,,32.65,79.0,77.0,26.0,36.0,61.0,19.0,31.0,153.0,6.0,122.0,80.0,18.5,18.8,0.0,0.0,0.0,0.0,0.0
E02000869,Tower Hamlets 006,Columbia Road,E09000030,Tower Hamlets,E14001086,Bethnal Green and Stepney,2524.0,302.0,324.0,31.0,1135.0,720.0,12.0,5864.0,4781.0,57.0,871.0,155.0,193.0,636.0,1339.0,283.0,72.0,4787.0,24.8,28.53,44.97,18.47,14.06,7.65,18.7497961044,17.8876576277,4,2780.0,830.0,110.0,220.0,20.0,2310.0,470.0,83.09,555000,680000,610000,625000,575000,462500.0,,3.6,164.0,163.0,19.0,48.0,12.0,0.0,13.0,1.0,44.0,28.0,12.0,59.0,4.3,0.0,0.0,0.0,0.0,0.0
E02000885,Tower Hamlets 022,Shadwell North,E09000030,Tower Hamlets,E14001086,Bethnal Green and Stepney,2391.0,145.0,216.0,39.0,1326.0,649.0,16.0,6973.0,5927.0,42.0,823.0,181.0,186.0,474.0,1198.0,394.0,139.0,5304.0,15.1,27.14,55.46,15.0,22.29,7.78,28.3747464389,27.2914966258,6a,2700.0,450.0,540.0,60.0,10.0,2440.0,260.0,90.37,348500,434000,321250,582500,365000,355000.0,,4.73,12.0,12.0,6.0,1.0,24.0,9.0,2.0,4.0,0.0,25.0,33.0,4.4,12.2,0.0,0.0,0.0,0.0,0.0
E02000873,Tower Hamlets 010,Mile End West,E09000030,Tower Hamlets,E14001086,Bethnal Green and Stepney,2924.0,224.0,505.0,107.0,1244.0,830.0,14.0,9701.0,7000.0,158.0,1881.0,662.0,216.0,721.0,1359.0,467.0,157.0,7765.0,24.93,28.39,42.54,27.84,21.34,7.39,22.1301590313,22.0872104554,5,4510.0,200.0,800.0,870.0,410.0,3540.0,340.0,78.49,442500,484500,465500,455000,468500,450000.0,,5.88,9.0,8.0,6.0,0.0,18.0,46.0,8.0,18.0,3.0,72.0,64.0,2.0,14.2,0.0,0.0,0.0,0.0,0.0
E02000870,Tower Hamlets 007,Bethnal Green East,E09000030,Tower Hamlets,E14001086,Bethnal Green and Stepney,2421.0,220.0,362.0,33.0,1054.0,747.0,5.0,6305.0,5183.0,54.0,919.0,149.0,231.0,603.0,1168.0,325.0,93.0,4989.0,24.04,30.86,43.54,17.8,17.27,9.54,23.2410823561,22.7008009679,5,2630.0,780.0,150.0,40.0,10.0,2150.0,470.0,81.75,415000,456500,395000,435000,480000,417000.0,,15.66,13.0,11.0,5.0,0.0,37.0,75.0,5.0,10.0,3.0,116.0,112.0,4.9,42.6,0.0,0.0,0.0,0.0,0.0
E02000877,Tower Hamlets 014,Mile End East & Burdett Estate,E09000030,Tower Hamlets,E14001430,Poplar and Limehouse,4913.0,282.0,1006.0,98.0,2087.0,1432.0,8.0,13618.0,11231.0,189.0,1929.0,269.0,374.0,1136.0,2469.0,721.0,213.0,10601.0,26.22,29.15,42.48,17.53,19.01,7.61,23.2665495114,24.3987998068,5,5170.0,430.0,430.0,1910.0,270.0,4690.0,460.0,90.72,490000,450000,445500,460000,472300,437500.0,,-3.61,705.0,678.0,22.0,280.0,627.0,0.0,1.0,21.0,14.0,458.0,627.0,136.4,121.3,1.0,0.31,0.0,0.0,0.0
E02000875,Tower Hamlets 012,Bromley-by-Bow West,E09000030,Tower Hamlets,E14001430,Poplar and Limehouse,5079.0,271.0,733.0,161.0,2341.0,1567.0,6.0,13403.0,11382.0,102.0,1679.0,240.0,278.0,1000.0,2791.0,778.0,233.0,10318.0,19.77,30.85,46.09,15.08,19.91,5.47,16.8640182523,16.3816657268,4,5510.0,430.0,650.0,2010.0,230.0,5140.0,330.0,93.28,370000,415000,377500,390000,380000,367500.0,,2.7,124.0,114.0,11.0,34.0,1356.0,1191.0,25.0,14.0,245.0,1870.0,2547.0,22.5,462.3,2.0,4.12,0.0,0.0,0.0
E02000879,Tower Hamlets 016,Stepney Green,E09000030,Tower Hamlets,E14001086,Bethnal Green and Stepney,3049.0,280.0,402.0,40.0,1386.0,934.0,7.0,8253.0,6897.0,81.0,1064.0,211.0,306.0,656.0,1488.0,459.0,138.0,6458.0,22.37,30.63,45.46,16.43,19.58,10.04,24.3877319556,25.624738594,5,3360.0,800.0,360.0,370.0,70.0,2900.0,460.0,86.31,411000,460000,470000,432500,420000,415000.0,,2.19,53.0,47.0,6.0,9.0,45.0,384.0,350.0,14.0,12.0,813.0,429.0,15.8,127.7,0.0,0.0,0.0,0.0,0.0
E02000883,Tower Hamlets 020,Poplar Central,E09000030,Tower Hamlets,E14001430,Poplar and Limehouse,3030.0,153.0,420.0,77.0,1493.0,881.0,6.0,9154.0,7842.0,43.0,1117.0,152.0,284.0,637.0,1362.0,556.0,191.0,6748.0,18.91,29.08,49.27,14.33,24.65,9.37,16.6287260438,16.5617296317,4,3570.0,160.0,640.0,1000.0,580.0,3190.0,370.0,89.36,480000,427625,365000,385000,367000,338000.0,,-23.54,562.0,562.0,8.0,219.0,1534.0,6.0,3.0,4.0,9.0,623.0,1540.0,157.4,431.4,1.0,3.92,0.0,0.0,0.0
E02000888,Tower Hamlets 025,Shadwell Basin & Ratcliffe,E09000030,Tower Hamlets,E14001086,Bethnal Green and Stepney,3353.0,302.0,609.0,107.0,1040.0,1279.0,16.0,8514.0,6886.0,54.0,1275.0,299.0,245.0,888.0,1635.0,422.0,164.0,6750.0,27.17,38.14,31.02,19.12,17.48,7.31,25.1499579501,25.0275462691,6a,3770.0,370.0,1120.0,230.0,110.0,3530.0,200.0,93.63,492500,512500,465000,463750,525000,525000.0,,6.6,10.0,10.0,5.0,34.0,84.0,32.0,25.0,0.0,36.0,69.0,116.0,2.7,30.8,0.0,0.0,0.0,0.0,0.0
E02000878,Tower Hamlets 015,Spitalfields,E09000030,Tower Hamlets,E14001086,Bethnal Green and Stepney,4012.0,355.0,476.0,63.0,1201.0,1907.0,10.0,10336.0,7434.0,208.0,1867.0,827.0,315.0,907.0,2177.0,451.0,162.0,8804.0,20.71,47.53,29.94,28.08,15.28,7.85,55.633361127,62.9087940058,6b,6100.0,1370.0,700.0,1610.0,300.0,5550.0,510.0,90.98,637500,555000,570000,604500,522500,500000.0,,-18.04,100.0,94.0,20.0,26.0,62.0,72.0,26.0,35.0,842.0,144.0,134.0,16.4,22.0,0.0,0.0,0.0,0.0,0.0
E02000882,Tower Hamlets 019,Limehouse North & Stepney East,E09000030,Tower Hamlets,E14001086,Bethnal Green and Stepney,3813.0,170.0,412.0,252.0,2106.0,864.0,9.0,11355.0,9883.0,67.0,1262.0,143.0,242.0,840.0,1837.0,664.0,225.0,8528.0,15.26,22.66,55.23,12.96,23.31,6.35,25.5338961905,26.0510621061,6a,3900.0,490.0,1100.0,1090.0,110.0,2860.0,1030.0,73.33,355000,430000,430000,412500,450000,440000.0,,26.76,117.0,116.0,7.0,125.0,67.0,217.0,35.0,17.0,48.0,304.0,284.0,30.0,72.8,0.0,0.0,0.0,0.0,0.0
E02000881,Tower Hamlets 018,Poplar Leaside,E09000030,Tower Hamlets,E14001430,Poplar and Limehouse,3854.0,251.0,506.0,149.0,1709.0,1230.0,9.0,10667.0,8868.0,51.0,1494.0,254.0,231.0,803.0,2032.0,615.0,172.0,8001.0,19.64,31.91,44.34,16.87,20.42,5.99,12.1343301562,12.9512027478,3,4860.0,320.0,540.0,2520.0,810.0,4300.0,520.0,88.48,418996,437000,461225,480000,481980,479875.0,497280.0,15.03,381.0,380.0,7.0,100.0,1462.0,3879.0,228.0,11.0,0.0,5016.0,5341.0,78.4,1099.0,2.0,14.32,0.0,0.0,0.0
E02000872,Tower Hamlets 009,Brick Lane North,E09000030,Tower Hamlets,E14001086,Bethnal Green and Stepney,3192.0,229.0,385.0,56.0,1243.0,1270.0,9.0,8079.0,6220.0,90.0,1474.0,295.0,217.0,771.0,1731.0,370.0,104.0,6595.0,19.24,39.79,38.94,23.01,14.85,6.8,22.5531460833,20.560276468,5,3820.0,870.0,550.0,680.0,60.0,3550.0,220.0,92.93,525000,570000,595000,552500,532500,515500.0,,1.43,62.0,52.0,23.0,4.0,17.0,7.0,13.0,6.0,298.0,50.0,24.0,16.2,6.3,2.0,4.86,0.0,0.0,0.0
E02000889,Tower Hamlets 026,St George in the East & Wapping North,E09000030,Tower Hamlets,E14001430,Poplar and Limehouse,3807.0,368.0,608.0,82.0,903.0,1840.0,6.0,8867.0,6710.0,91.0,1770.0,296.0,341.0,1057.0,2020.0,317.0,72.0,7304.0,25.64,48.33,23.72,24.33,10.22,8.96,21.2931246811,19.4227294296,5,5170.0,350.0,300.0,1970.0,1060.0,4620.0,530.0,89.36,625823,1126000,570000,788000,816712,813600.0,841300.0,30.5,106.0,20.0,4.0,18.0,4336.0,493.0,570.0,0.0,630.0,2378.0,4829.0,20.5,934.0,0.0,0.0,0.0,0.0,0.0
E02000890,Tower Hamlets 027,Tower Hill & Wapping South,E09000030,Tower Hamlets,E14001430,Poplar and Limehouse,2891.0,482.0,642.0,35.0,384.0,1346.0,2.0,5720.0,4487.0,52.0,1023.0,158.0,232.0,1024.0,1439.0,152.0,43.0,5121.0,38.88,46.56,13.28,21.56,6.75,8.02,20.5549526413,15.8230917715,5,3480.0,770.0,160.0,10.0,0.0,3190.0,260.0,91.67,579000,620500,632500,570000,571000,555000.0,,-1.38,0.0,0.0,0.0,0.0,8.0,0.0,14.0,0.0,0.0,14.0,8.0,0.0,2.3,0.0,0.0,0.0,0.0,0.0
E02006854,Tower Hamlets 033,Canary Wharf,E09000030,Tower Hamlets,E14001430,Poplar and Limehouse,3528.0,337.0,526.0,78.0,510.0,2075.0,2.0,6970.0,4605.0,106.0,1851.0,408.0,151.0,1049.0,2068.0,225.0,35.0,6095.0,24.46,58.82,14.46,33.93,7.37,4.28,32.4017127142,33.0382434399,6a,7560.0,120.0,2150.0,4080.0,3670.0,7420.0,50.0,98.15,545000,796560,625000,706780,657500,657500.0,900776.0,20.64,1659.0,1659.0,8.0,276.0,9021.0,545.0,6.0,9.0,1049.0,5950.0,9566.0,219.4,1265.3,2.0,8.41,0.0,0.0,0.0
E02000887,Tower Hamlets 024,Poplar West,E09000030,Tower Hamlets,E14001430,Poplar and Limehouse,3948.0,260.0,488.0,98.0,1790.0,1296.0,16.0,10664.0,8875.0,49.0,1511.0,229.0,325.0,830.0,1949.0,682.0,158.0,8047.0,18.95,32.83,45.34,16.78,21.28,8.23,23.3409502989,24.6780223754,5,4210.0,290.0,530.0,920.0,70.0,3790.0,310.0,90.02,417500,405250,404444,372000,378750,365000.0,,-9.28,173.0,173.0,10.0,70.0,28.0,4.0,2.0,1.0,3.0,114.0,32.0,41.1,7.6,1.0,4.61,0.0,0.0,0.0
E02000886,Tower Hamlets 023,Limehouse East,E09000030,Tower Hamlets,E14001430,Poplar and Limehouse,3824.0,315.0,699.0,79.0,1132.0,1589.0,10.0,9473.0,7396.0,51.0,1732.0,294.0,291.0,1088.0,1886.0,442.0,116.0,7774.0,26.52,41.55,29.6,21.93,14.59,7.61,26.3254024501,25.7022846175,6a,4220.0,340.0,620.0,880.0,140.0,3930.0,240.0,93.13,485000,520000,550000,505000,440000,435000.0,,-9.28,122.0,120.0,7.0,71.0,80.0,24.0,29.0,1.0,11.0,207.0,104.0,28.9,24.6,0.0,0.0,0.0,0.0,0.0
E02000894,Tower Hamlets 031,Millwall South,E09000030,Tower Hamlets,E14001430,Poplar and Limehouse,4463.0,442.0,884.0,85.0,942.0,2100.0,10.0,10815.0,8422.0,149.0,1939.0,305.0,431.0,1374.0,2155.0,422.0,78.0,8873.0,29.71,47.05,21.11,22.13,11.2,9.66,12.3543463513,12.1580711898,3,5050.0,190.0,1310.0,320.0,270.0,3820.0,1190.0,75.64,480500,500000,450000,573500,442500,385000.0,,-7.91,179.0,178.0,5.0,173.0,0.0,10.0,0.0,7.0,0.0,13.0,10.0,35.4,2.0,0.0,0.0,0.0,0.0,0.0
E02000871,Tower Hamlets 008,Bromley-by-Bow East,E09000030,Tower Hamlets,E14001525,Stratford and Bow,4228.0,238.0,578.0,197.0,1942.0,1262.0,11.0,11338.0,9534.0,71.0,1492.0,241.0,283.0,841.0,2231.0,677.0,196.0,8685.0,19.3,29.85,45.93,15.91,20.65,6.69,20.2446859861,19.9867764232,5,5330.0,100.0,460.0,2110.0,1040.0,4740.0,420.0,88.93,322500,356750,332500,372500,338500,332750.0,,4.96,287.0,287.0,5.0,214.0,2263.0,5.0,8.0,2.0,0.0,803.0,2268.0,53.8,425.5,2.0,1.85,0.0,0.0,0.0
E02006853,Tower Hamlets 032,Millwall North,E09000030,Tower Hamlets,E14001430,Poplar and Limehouse,5040.0,318.0,596.0,130.0,1511.0,2482.0,3.0,10831.0,8072.0,149.0,2137.0,473.0,235.0,1027.0,3197.0,498.0,83.0,8900.0,18.13,49.25,29.98,25.47,11.53,4.66,13.3819560777,13.5234968357,3,5960.0,80.0,2380.0,2420.0,750.0,5620.0,320.0,94.3,420000,420000,465000,458400,482500,475000.0,,14.88,1276.0,1276.0,10.0,303.0,2235.0,1706.0,207.0,18.0,1058.0,2281.0,3941.0,214.1,661.2,3.0,15.469999999999999,0.0,0.0,0.0
E02000880,Tower Hamlets 017,Whitechapel,E09000030,Tower Hamlets,E14001086,Bethnal Green and Stepney,2281.0,186.0,284.0,23.0,849.0,932.0,7.0,6413.0,4898.0,101.0,1148.0,266.0,157.0,458.0,1142.0,399.0,125.0,5052.0,20.6,40.86,37.22,23.62,22.97,6.88,38.9925038533,39.1135948498,6a,3230.0,420.0,110.0,790.0,730.0,2970.0,260.0,91.95,435000,491790,584250,370500,421250,364500.0,,-3.16,58.0,50.0,12.0,29.0,586.0,1.0,9.0,367.0,67.0,592.0,587.0,18.0,181.7,0.0,0.0,0.0,0.0,0.0
E02000884,Tower Hamlets 021,Aldgate,E09000030,Tower Hamlets,E14001086,Bethnal Green and Stepney,5114.0,339.0,469.0,186.0,1290.0,2826.0,4.0,12639.0,8659.0,343.0,2563.0,1074.0,260.0,1081.0,2989.0,630.0,154.0,10558.0,15.8,55.26,25.22,31.49,15.33,5.08,39.6420840474,39.2926034368,6a,7700.0,1530.0,1190.0,3080.0,520.0,7010.0,310.0,91.04,869400,605000,522400,575000,575000,570000.0,,-33.86,403.0,395.0,286.0,0.0,1839.0,55.0,62.0,49.0,92.0,440.0,1894.0,52.3,246.0,1.0,12.72,0.0,0.0,0.0
E02007112,Tower Hamlets 034,Leamouth,E09000030,Tower Hamlets,E14001430,Poplar and Limehouse,2918.0,206.0,408.0,62.0,365.0,1875.0,2.0,5830.0,3923.0,83.0,1553.0,271.0,137.0,609.0,1936.0,179.0,58.0,5160.0,21.04,64.26,12.51,32.71,8.12,4.69,9.30086295415,6.95265861599,2,4620.0,20.0,980.0,3430.0,1860.0,4510.0,80.0,97.62,462720,513600,460000,495000,427500,425000.0,793750.0,-7.61,338.0,338.0,2.0,102.0,2790.0,1283.0,899.0,0.0,345.0,3023.0,4073.0,73.2,881.6,3.0,5.6,0.0,0.0,0.0
E02000922,Waltham Forest 028,Leytonstone South East,E09000031,Waltham Forest,E14001334,Leyton and Wanstead,3635.0,711.0,964.0,22.0,671.0,1260.0,7.0,10322.0,8987.0,20.0,1178.0,137.0,691.0,991.0,1308.0,459.0,186.0,8099.0,46.08,34.66,18.46,12.93,17.74,19.01,6.70331583924,6.78741437239,2,3850.0,3210.0,50.0,10.0,0.0,1190.0,2640.0,30.91,465000,560000,585000,588000,601250,342500.0,,29.3,38.0,32.0,22.0,0.0,27.0,9.0,2.0,14.0,5.0,51.0,36.0,9.9,9.4,5.0,0.55,52.0,52.0,52.0
E02000921,Waltham Forest 027,Leytonstone South West,E09000031,Waltham Forest,E14001334,Leyton and Wanstead,4059.0,475.0,713.0,48.0,1546.0,1265.0,12.0,11059.0,9748.0,29.0,1153.0,129.0,553.0,977.0,1757.0,562.0,207.0,8882.0,29.27,31.17,38.09,11.85,18.95,13.62,13.4666711447,14.3703133912,3,4230.0,2210.0,390.0,170.0,140.0,1960.0,2210.0,46.34,480000,510000,515000,561508,540000,325250.0,,12.5,174.0,173.0,29.0,56.0,366.0,14.0,5.0,13.0,1.0,430.0,380.0,41.1,89.8,9.0,3.422513,700.0,700.0,695.0
E02000920,Waltham Forest 026,Leyton South,E09000031,Waltham Forest,E14001334,Leyton and Wanstead,3815.0,579.0,737.0,107.0,1129.0,1256.0,7.0,10154.0,8919.0,16.0,1094.0,125.0,608.0,907.0,1665.0,515.0,120.0,8153.0,34.5,32.92,29.59,12.16,16.64,15.94,9.72023259991,6.46373508381,2,4460.0,1850.0,430.0,840.0,620.0,2660.0,1740.0,59.64,410000,429500,477025,475000,455000,380000.0,,10.98,680.0,637.0,22.0,319.0,249.0,1.0,0.0,8.0,7.0,846.0,250.0,152.5,56.1,8.0,25.1,3681.0,3681.0,5.0
E02000913,Waltham Forest 019,Whipps Cross,E09000031,Waltham Forest,E14001334,Leyton and Wanstead,3116.0,884.0,886.0,51.0,408.0,883.0,4.0,9496.0,8672.0,14.0,724.0,86.0,873.0,804.0,1032.0,314.0,92.0,7278.0,56.8,28.34,13.09,8.68,13.03,28.02,11.5378495914,10.960087032,3,3220.0,2060.0,50.0,140.0,60.0,1170.0,2030.0,36.34,520000,547500,640000,610000,696125,386250.0,,33.87,65.0,65.0,18.0,0.0,17.0,1762.0,88.0,29.0,30.0,1912.0,1779.0,20.2,552.5,5.0,17.74,1840.0,1840.0,1840.0
E02000919,Waltham Forest 025,Leyton East,E09000031,Waltham Forest,E14001334,Leyton and Wanstead,3359.0,655.0,831.0,21.0,408.0,1437.0,7.0,9089.0,7708.0,17.0,1202.0,162.0,709.0,944.0,1268.0,331.0,105.0,7464.0,44.24,42.78,12.15,15.19,12.98,21.11,16.5579338547,17.8493453953,4,3490.0,3090.0,60.0,70.0,20.0,1540.0,1930.0,44.13,533500,555778,570000,611500,641250,460500.0,,20.2,40.0,35.0,26.0,0.0,12.0,4.0,3.0,21.0,12.0,39.0,16.0,11.5,4.6,2.0,0.15000000000000002,11.0,11.0,11.0
E02000902,Waltham Forest 008,Highams Park West,E09000031,Waltham Forest,E14001167,Chingford and Woodford Green,3518.0,731.0,1150.0,155.0,764.0,712.0,6.0,9814.0,9073.0,14.0,664.0,63.0,815.0,1001.0,1251.0,369.0,82.0,7314.0,53.47,20.24,21.72,7.55,12.82,23.17,7.75011722627,7.98508573837,2,3650.0,910.0,120.0,450.0,0.0,1510.0,2110.0,41.37,420000,506500,515000,560000,527500,290000.0,,25.6,21.0,19.0,10.0,7.0,34.0,6.0,0.0,10.0,2.0,24.0,40.0,5.8,11.0,2.0,0.31,38.0,38.0,38.0
E02000905,Waltham Forest 011,Lloyd Park,E09000031,Waltham Forest,E14001563,Walthamstow,3630.0,675.0,1290.0,48.0,667.0,946.0,4.0,10265.0,9302.0,17.0,883.0,63.0,817.0,1076.0,1266.0,366.0,105.0,7770.0,54.13,26.06,18.37,9.38,12.98,22.51,9.17129061265,9.45853273805,2,3800.0,2140.0,30.0,370.0,250.0,1410.0,2360.0,37.11,413000,575000,528750,484850,546250,332000.0,310000.0,32.26,45.0,36.0,18.0,43.0,586.0,3.0,2.0,7.0,1.0,604.0,589.0,11.8,155.0,7.0,10.91,805.0,805.0,362.0
E02000904,Waltham Forest 010,Fulbourne Road & Walthamstow Forest,E09000031,Waltham Forest,E14001563,Walthamstow,3108.0,683.0,1140.0,71.0,436.0,778.0,0.0,8311.0,7496.0,19.0,730.0,66.0,852.0,955.0,976.0,260.0,64.0,6444.0,58.66,25.03,14.03,9.81,10.42,27.41,4.55518390809,4.18767752895,1b,3180.0,1480.0,320.0,210.0,70.0,970.0,2200.0,30.5,462500,557500,575000,560000,587900,370000.0,,27.11,58.0,46.0,10.0,6.0,6.0,1.0,3.0,24.0,2.0,30.0,7.0,18.2,2.2,4.0,7.24,1243.0,1243.0,10.0
E02000897,Waltham Forest 003,Friday Hill,E09000031,Waltham Forest,E14001167,Chingford and Woodford Green,3370.0,883.0,1058.0,10.0,984.0,431.0,4.0,8464.0,7924.0,15.0,486.0,39.0,899.0,1031.0,1099.0,274.0,66.0,6640.0,57.6,12.79,29.2,6.38,10.09,26.68,4.46848480524,4.64222561736,1b,3520.0,340.0,70.0,90.0,20.0,1040.0,2490.0,29.55,400000,475000,470000,550000,450000,318000.0,,12.5,34.0,30.0,7.0,0.0,0.0,0.0,1.0,1.0,4.0,9.0,0.0,9.7,0.0,4.0,0.41600000000000004,40.0,40.0,34.0
E02000908,Waltham Forest 014,Blackhorse Road,E09000031,Waltham Forest,E14001563,Walthamstow,5239.0,626.0,1381.0,260.0,1135.0,1832.0,5.0,12725.0,10530.0,78.0,1913.0,204.0,557.0,1426.0,2586.0,562.0,108.0,10189.0,38.31,34.97,21.66,17.25,12.79,10.63,8.36660276557,7.43690425628,2,6980.0,2530.0,30.0,3030.0,1880.0,5140.0,1780.0,73.64,440000,485000,455000,505000,525000,425000.0,,19.32,2137.0,2111.0,21.0,490.0,53.0,40.0,4.0,20.0,22.0,918.0,93.0,306.2,13.3,10.0,24.23,3309.0,3309.0,2659.0
E02000895,Waltham Forest 001,Chingford Green West,E09000031,Waltham Forest,E14001167,Chingford and Woodford Green,3279.0,1096.0,1009.0,36.0,731.0,404.0,3.0,8300.0,7727.0,11.0,523.0,39.0,1049.0,1004.0,1009.0,163.0,52.0,6612.0,64.2,12.32,22.29,6.9,6.56,31.99,3.78756675173,3.87524342471,1b,3450.0,50.0,10.0,100.0,10.0,930.0,2520.0,26.96,434000,530000,510000,520000,565000,340000.0,,30.18,18.0,17.0,9.0,5.0,19.0,2.0,5.0,18.0,52.0,38.0,21.0,5.2,6.1,6.0,0.662919,95.0,95.0,78.0
E02000915,Waltham Forest 021,Leytonstone North,E09000031,Waltham Forest,E14001334,Leyton and Wanstead,3283.0,677.0,886.0,10.0,557.0,1152.0,1.0,7967.0,6963.0,13.0,906.0,85.0,733.0,854.0,1365.0,266.0,65.0,6547.0,47.61,35.09,16.97,12.6,10.08,22.33,10.1154936887,8.92373145611,3,3450.0,2560.0,70.0,30.0,30.0,2130.0,1290.0,61.74,448750,480000,502500,533500,467500,375000.0,,4.18,23.0,23.0,13.0,0.0,6.0,17.0,4.0,16.0,1.0,41.0,23.0,6.7,6.7,11.0,0.6739999999999999,71.0,71.0,53.0
E02000914,Waltham Forest 020,Baker's Arms,E09000031,Waltham Forest,E14001563,Walthamstow,3972.0,537.0,779.0,85.0,1323.0,1236.0,12.0,11628.0,10379.0,14.0,1118.0,117.0,548.0,806.0,1751.0,651.0,216.0,8965.0,33.13,31.12,33.31,10.74,21.83,13.8,16.6288803453,17.7261637853,4,4380.0,2260.0,440.0,320.0,70.0,2750.0,1600.0,62.79,462000,438750,440000,436000,541250,350000.0,,17.15,73.0,64.0,22.0,0.0,92.0,18.0,9.0,37.0,14.0,152.0,110.0,16.7,25.1,5.0,0.78,192.0,192.0,192.0
E02000917,Waltham Forest 023,Leyton North,E09000031,Waltham Forest,E14001334,Leyton and Wanstead,3648.0,563.0,1143.0,36.0,471.0,1434.0,1.0,9405.0,8062.0,10.0,1233.0,100.0,504.0,1133.0,1512.0,417.0,83.0,7552.0,46.77,39.31,12.91,14.28,13.71,13.82,9.11557677698,9.05087916237,2,3850.0,2970.0,120.0,280.0,30.0,2470.0,1340.0,64.16,430000,500000,478070,487750,528625,455500.0,,22.94,80.0,76.0,17.0,5.0,17.0,2.0,7.0,26.0,122.0,80.0,19.0,20.8,4.9,6.0,1.08,176.0,176.0,176.0
E02000896,Waltham Forest 002,Chingford Green East,E09000031,Waltham Forest,E14001167,Chingford and Woodford Green,3835.0,1380.0,1281.0,19.0,375.0,777.0,3.0,9214.0,8402.0,22.0,749.0,41.0,1453.0,1200.0,999.0,166.0,18.0,7471.0,69.39,20.26,9.78,8.81,4.8,37.89,6.24024630408,5.04217548028,2,4060.0,920.0,110.0,170.0,20.0,1580.0,2460.0,38.92,450000,570000,575000,557000,615000,385000.0,,36.67,55.0,45.0,25.0,0.0,17.0,31.0,12.0,35.0,14.0,92.0,48.0,13.5,11.8,11.0,0.9400000000000001,81.0,81.0,81.0
E02000901,Waltham Forest 007,Highams Park East,E09000031,Waltham Forest,E14001167,Chingford and Woodford Green,3850.0,1102.0,1516.0,47.0,464.0,719.0,2.0,10361.0,9591.0,22.0,704.0,44.0,1415.0,1114.0,1024.0,225.0,73.0,8116.0,68.0,18.68,12.05,7.43,7.74,36.75,4.89961497901,4.6518144081,1b,3950.0,1010.0,50.0,280.0,0.0,1190.0,2740.0,30.13,465000,570000,620000,625000,667500,363500.0,,43.55,20.0,19.0,13.0,0.0,72.0,2.0,5.0,24.0,85.0,86.0,74.0,5.1,18.7,11.0,2.139016,301.0,301.0,301.0
E02000903,Waltham Forest 009,Higham Hill,E09000031,Waltham Forest,E14001563,Walthamstow,3467.0,499.0,1018.0,77.0,1206.0,658.0,9.0,10139.0,9328.0,18.0,709.0,84.0,648.0,983.0,1268.0,444.0,122.0,7672.0,43.76,18.98,34.79,8.0,16.33,18.69,4.3861994579,4.92646070265,1b,3620.0,920.0,130.0,370.0,0.0,1090.0,2500.0,30.11,432250,540000,480500,502000,552500,403000.0,,27.82,25.0,12.0,13.0,0.0,9.0,22.0,1.0,12.0,1.0,42.0,31.0,6.9,8.6,2.0,0.19,9.0,9.0,9.0
E02000910,Waltham Forest 016,Walthamstow Central,E09000031,Waltham Forest,E14001563,Walthamstow,4404.0,848.0,1154.0,46.0,624.0,1725.0,7.0,11264.0,9692.0,15.0,1427.0,130.0,883.0,1176.0,1717.0,493.0,135.0,9102.0,45.46,39.17,14.17,13.96,14.26,20.05,23.30500727,23.6799715495,5,4680.0,2980.0,140.0,390.0,280.0,2600.0,2000.0,55.56,524000,565000,550000,572500,655000,503000.0,,25.0,284.0,277.0,39.0,51.0,71.0,21.0,1.0,27.0,112.0,232.0,92.0,60.7,19.7,10.0,1.3056619999999999,221.0,221.0,114.0
E02000909,Waltham Forest 015,Upper Walthamstow,E09000031,Waltham Forest,E14001563,Walthamstow,3568.0,695.0,1198.0,38.0,686.0,946.0,5.0,9109.0,8024.0,18.0,965.0,102.0,855.0,1105.0,1222.0,304.0,82.0,7083.0,53.05,26.51,19.23,11.91,10.82,23.96,8.40673088918,6.39742882511,2,3830.0,1930.0,130.0,240.0,100.0,1920.0,1850.0,50.13,604250,525000,589000,617500,656500,430000.0,,8.65,57.0,49.0,16.0,21.0,19.0,16.0,28.0,20.0,318.0,73.0,35.0,14.9,9.1,8.0,0.6970000000000001,152.0,152.0,126.0
E02000907,Waltham Forest 013,Wood Street,E09000031,Waltham Forest,E14001563,Walthamstow,4067.0,443.0,889.0,61.0,1739.0,919.0,16.0,10428.0,9252.0,16.0,1076.0,84.0,505.0,878.0,1888.0,652.0,144.0,7830.0,32.75,22.6,42.76,11.28,19.57,12.42,8.97610471799,8.76637314423,2,4570.0,1160.0,110.0,810.0,490.0,3390.0,1140.0,74.18,450000,475000,437172,480000,543750,385000.0,462500.0,20.83,155.0,143.0,13.0,215.0,584.0,4.0,22.0,9.0,24.0,424.0,588.0,33.9,128.7,10.0,1.48,288.0,288.0,98.0
E02000898,Waltham Forest 004,Larkswood,E09000031,Waltham Forest,E14001167,Chingford and Woodford Green,3203.0,957.0,1037.0,32.0,748.0,425.0,4.0,7928.0,7311.0,6.0,562.0,49.0,945.0,1007.0,1018.0,189.0,43.0,6308.0,62.25,13.27,23.35,7.78,7.24,29.5,4.98518199586,5.48141975243,1b,3400.0,130.0,130.0,240.0,170.0,1180.0,2210.0,34.71,425000,582000,525000,500000,567000,340000.0,,33.41,175.0,168.0,8.0,56.0,0.0,55.0,0.0,6.0,53.0,225.0,55.0,51.5,16.2,9.0,1.9600000000000002,70.0,70.0,70.0
E02000899,Waltham Forest 005,Chingford Mount,E09000031,Waltham Forest,E14001167,Chingford and Woodford Green,3228.0,1071.0,1109.0,13.0,397.0,637.0,1.0,8727.0,8096.0,8.0,557.0,66.0,1093.0,917.0,926.0,225.0,62.0,6917.0,67.53,19.73,12.3,7.23,8.89,33.86,7.46884568014,7.68000104433,2,3350.0,290.0,140.0,110.0,20.0,910.0,2430.0,27.16,442500,540000,526250,540000,530000,303750.0,,19.77,23.0,14.0,9.0,8.0,70.0,20.0,11.0,83.0,11.0,101.0,90.0,6.9,26.9,3.0,0.33999999999999997,15.0,15.0,15.0
E02000918,Waltham Forest 024,Leytonstone East,E09000031,Waltham Forest,E14001334,Leyton and Wanstead,3407.0,586.0,792.0,38.0,886.0,1099.0,6.0,9197.0,8019.0,12.0,1041.0,125.0,633.0,802.0,1413.0,390.0,170.0,7366.0,40.45,32.26,26.01,12.81,16.44,18.58,18.5521001729,19.4038390281,4,3740.0,2050.0,270.0,200.0,130.0,2210.0,1490.0,59.09,432500,472500,500000,517500,620000,365250.0,,43.35,150.0,130.0,33.0,31.0,65.0,10.0,2.0,46.0,51.0,135.0,75.0,40.1,20.1,11.0,1.611035,290.0,290.0,281.0
E02000912,Waltham Forest 018,Markhouse & St James Park,E09000031,Waltham Forest,E14001563,Walthamstow,3270.0,652.0,979.0,55.0,758.0,820.0,6.0,9587.0,8673.0,7.0,839.0,68.0,702.0,937.0,1092.0,421.0,118.0,7497.0,49.88,25.08,23.18,9.53,16.48,21.47,3.37137985795,0.0,1b,3310.0,1780.0,50.0,70.0,0.0,840.0,2430.0,25.38,495000,625000,575000,607500,609750,410000.0,,23.18,5.0,4.0,6.0,0.0,3.0,1.0,0.0,6.0,1.0,4.0,4.0,1.5,1.2,5.0,5.869999999999999,826.0,826.0,826.0
E02000911,Waltham Forest 017,Walthamstow Market & South Grove,E09000031,Waltham Forest,E14001563,Walthamstow,4848.0,710.0,1177.0,141.0,965.0,1848.0,7.0,12795.0,11248.0,26.0,1388.0,133.0,604.0,1371.0,2079.0,606.0,188.0,10098.0,38.92,38.12,19.91,12.09,16.38,12.46,19.06671009,17.1633557292,4,5670.0,3470.0,360.0,1150.0,900.0,3820.0,1750.0,67.37,438500,482500,509000,510000,507762,435000.0,,15.8,934.0,906.0,41.0,336.0,22.0,208.0,10.0,27.0,440.0,349.0,230.0,164.7,40.6,12.0,4.982059,1178.0,1178.0,620.0
E02000906,Waltham Forest 012,William Morris,E09000031,Waltham Forest,E14001563,Walthamstow,3627.0,627.0,1158.0,26.0,828.0,985.0,3.0,9517.0,8440.0,17.0,964.0,96.0,569.0,1139.0,1401.0,403.0,115.0,7364.0,49.21,27.16,22.83,11.32,14.28,15.69,8.33800668839,9.20111377978,2,3740.0,2700.0,140.0,60.0,10.0,1970.0,1730.0,52.67,457500,525000,518250,550000,575000,508500.0,,25.68,9.0,8.0,11.0,0.0,11.0,11.0,3.0,12.0,6.0,22.0,22.0,2.4,5.9,2.0,0.618,89.0,89.0,80.0
E02000916,Waltham Forest 022,Lea Bridge,E09000031,Waltham Forest,E14001563,Walthamstow,3982.0,639.0,1227.0,115.0,563.0,1429.0,9.0,10375.0,8971.0,10.0,1248.0,146.0,420.0,1227.0,1723.0,469.0,143.0,8248.0,46.86,35.89,14.14,13.53,15.37,10.55,6.00956406026,6.53000942789,2,4200.0,2570.0,120.0,510.0,390.0,2870.0,1310.0,68.33,395000,477000,435000,452250,462000,430000.0,,16.96,397.0,394.0,24.0,72.0,16.0,220.0,653.0,25.0,45.0,910.0,236.0,94.5,56.2,5.0,11.357,1914.0,1914.0,1330.0
E02000900,Waltham Forest 006,South Chingford,E09000031,Waltham Forest,E14001167,Chingford and Woodford Green,3118.0,833.0,1037.0,31.0,633.0,581.0,3.0,8870.0,8278.0,11.0,534.0,47.0,809.0,943.0,996.0,298.0,73.0,6794.0,59.97,18.63,20.3,6.67,11.9,25.95,5.96745597486,4.65507459991,2,3260.0,330.0,400.0,130.0,20.0,830.0,2430.0,25.46,389000,480000,445000,485000,488500,252500.0,,25.58,5.0,3.0,5.0,0.0,5.0,1.0,3.0,25.0,0.0,9.0,6.0,1.5,1.8,0.0,0.0,0.0,0.0,0.0
E02000939,Wandsworth 017,Nightingale Lane,E09000032,Wandsworth,E14001081,Battersea,2836.0,833.0,1007.0,9.0,317.0,669.0,1.0,7725.0,6582.0,48.0,968.0,127.0,1477.0,576.0,660.0,111.0,12.0,5816.0,64.88,23.59,11.18,14.8,4.34,52.08,8.58006818216,7.56898565672,2,3020.0,2330.0,20.0,20.0,10.0,1110.0,1890.0,36.75,1427500,1518375,1551002,1432166,1608750,800000.0,,12.7,16.0,7.0,15.0,0.0,0.0,4.0,0.0,13.0,5.0,10.0,4.0,5.3,1.3,1.0,0.12,11.0,11.0,0.0
E02000943,Wandsworth 021,Balham,E09000032,Wandsworth,E14001081,Battersea,3809.0,698.0,1072.0,55.0,438.0,1546.0,0.0,8626.0,6470.0,77.0,1929.0,150.0,957.0,1006.0,1664.0,159.0,27.0,7385.0,46.47,40.59,11.5,24.99,4.88,25.12,17.8029171007,18.3844768108,4,4220.0,2620.0,250.0,360.0,140.0,2860.0,1360.0,67.77,655000,782500,805126,750000,733750,605000.0,,12.02,303.0,292.0,39.0,206.0,45.0,45.0,3.0,29.0,18.0,146.0,90.0,71.8,21.3,5.0,0.8800000000000001,100.0,100.0,72.0
E02000948,Wandsworth 026,Tooting Bec Common,E09000032,Wandsworth,E14001550,Tooting,4381.0,758.0,1317.0,33.0,520.0,1747.0,6.0,9901.0,7565.0,69.0,2127.0,140.0,836.0,1327.0,2023.0,165.0,29.0,8595.0,47.36,39.88,11.87,23.59,4.43,19.08,9.30567363077,6.30260707527,2,4740.0,2990.0,330.0,130.0,30.0,3410.0,1330.0,71.94,580000,645000,625000,625000,608750,497500.0,,4.96,72.0,48.0,42.0,6.0,10.0,17.0,0.0,5.0,7.0,50.0,27.0,15.2,5.7,3.0,0.35000000000000003,23.0,23.0,0.0
E02000930,Wandsworth 008,Lavender Hill West & Little India,E09000032,Wandsworth,E14001081,Battersea,4261.0,748.0,893.0,19.0,694.0,1904.0,3.0,9954.0,6963.0,139.0,2497.0,355.0,795.0,1190.0,2008.0,233.0,35.0,8778.0,38.51,44.68,16.29,30.05,6.29,18.66,44.4531928801,47.8750874332,6b,5240.0,3220.0,110.0,640.0,20.0,3790.0,1420.0,72.33,650000,840000,780000,753000,762500,660000.0,,17.31,80.0,52.0,40.0,0.0,35.0,39.0,0.0,15.0,16.0,84.0,74.0,15.3,14.1,5.0,5.35,1316.0,1316.0,1285.0
E02000929,Wandsworth 007,York Gardens,E09000032,Wandsworth,E14001081,Battersea,3495.0,283.0,439.0,99.0,1835.0,827.0,12.0,7985.0,6752.0,23.0,1090.0,120.0,240.0,764.0,1896.0,493.0,105.0,6361.0,20.66,23.66,52.5,15.44,17.11,6.87,41.7631326758,42.390297969,6b,3710.0,90.0,340.0,380.0,130.0,3350.0,350.0,90.3,423072,450000,430000,425000,420500,415000.0,,-0.61,137.0,11.0,5.0,130.0,1940.0,0.0,126.0,0.0,0.0,2064.0,1940.0,36.9,522.9,2.0,10.63,1816.0,1816.0,0.0
E02000925,Wandsworth 003,Battersea Latchmere,E09000032,Wandsworth,E14001081,Battersea,3363.0,461.0,502.0,40.0,1477.0,874.0,9.0,7823.0,6594.0,36.0,1097.0,96.0,410.0,802.0,1699.0,380.0,72.0,6314.0,28.64,25.99,43.92,15.71,13.44,12.19,9.29896934593,9.18519630052,2,3710.0,1080.0,140.0,200.0,10.0,3290.0,410.0,88.68,523000,575000,595000,575000,610000,535000.0,,16.63,256.0,141.0,21.0,161.0,40.0,16.0,1.0,15.0,3.0,248.0,56.0,69.0,15.1,3.0,1.12,100.0,114.0,8.0
E02000952,Wandsworth 030,Tooting Bec East,E09000032,Wandsworth,E14001550,Tooting,2658.0,439.0,666.0,8.0,564.0,979.0,2.0,6077.0,4839.0,41.0,1133.0,64.0,629.0,634.0,1242.0,127.0,25.0,5154.0,41.57,36.83,21.22,20.37,5.72,23.66,13.4784176469,12.9015750703,3,2780.0,2060.0,60.0,80.0,70.0,1910.0,850.0,68.71,635000,672400,628500,625000,615000,525000.0,,-3.15,102.0,44.0,28.0,12.0,4.0,9.0,42.0,5.0,9.0,84.0,13.0,36.7,4.7,3.0,0.45,91.0,97.0,44.0
E02000951,Wandsworth 029,Tooting Bec West,E09000032,Wandsworth,E14001550,Tooting,2823.0,518.0,735.0,17.0,403.0,1150.0,0.0,6348.0,4900.0,56.0,1279.0,113.0,651.0,682.0,1308.0,150.0,31.0,5497.0,44.39,40.74,14.28,22.81,6.41,23.06,17.5385908414,18.6080219404,4,3060.0,1920.0,80.0,140.0,70.0,2140.0,890.0,69.93,581250,583500,610000,650000,640000,550000.0,,10.11,120.0,108.0,37.0,5.0,11.0,33.0,0.0,13.0,15.0,69.0,44.0,39.2,14.4,0.0,0.0,0.0,0.0,0.0
E02000949,Wandsworth 027,Springfield,E09000032,Wandsworth,E14001550,Tooting,4253.0,995.0,1352.0,57.0,284.0,1565.0,0.0,9866.0,7884.0,69.0,1803.0,110.0,1438.0,1035.0,1656.0,112.0,14.0,8369.0,55.18,36.8,6.68,20.09,2.96,33.81,9.66802957326,8.35279726633,2,4940.0,2840.0,150.0,590.0,410.0,2880.0,2010.0,58.3,712500,595000,645000,607000,690000,545000.0,700000.0,-3.16,516.0,493.0,43.0,74.0,1677.0,34.0,89.0,22.0,9.0,1103.0,1711.0,104.5,346.4,3.0,33.489999999999995,861.0,861.0,0.0
E02000958,Wandsworth 036,Furzedown West,E09000032,Wandsworth,E14001550,Tooting,2917.0,811.0,950.0,12.0,437.0,704.0,3.0,8198.0,7135.0,49.0,892.0,122.0,1054.0,733.0,898.0,172.0,60.0,6483.0,60.37,24.13,14.98,12.97,7.95,36.13,7.21957817902,6.03953716077,2,3080.0,1890.0,10.0,10.0,0.0,1220.0,1850.0,39.61,546250,717500,610000,641600,735000,456000.0,,34.55,17.0,11.0,14.0,0.0,13.0,9.0,0.0,5.0,96.0,30.0,22.0,5.5,7.1,1.0,0.03,5.0,5.0,0.0
E02000936,Wandsworth 014,East Putney,E09000032,Wandsworth,E14001434,Putney,4381.0,866.0,947.0,111.0,558.0,1887.0,12.0,9262.0,7172.0,57.0,1779.0,254.0,630.0,1502.0,2029.0,198.0,26.0,7985.0,41.38,43.07,12.74,22.57,5.11,14.38,15.1473888467,14.7647524089,4,4940.0,810.0,200.0,720.0,110.0,4260.0,660.0,86.23,482500,554500,518750,516000,478750,469000.0,,-0.78,131.0,56.0,11.0,64.0,43.0,63.0,1.0,21.0,1.0,152.0,106.0,26.5,21.5,5.0,1.21,57.0,60.0,0.0
E02000953,Wandsworth 031,Summerstown,E09000032,Wandsworth,E14001550,Tooting,3209.0,448.0,1005.0,73.0,659.0,1021.0,3.0,7363.0,5661.0,53.0,1486.0,163.0,776.0,939.0,1322.0,153.0,21.0,6185.0,45.28,31.82,20.54,23.12,5.42,24.18,8.88289177198,8.8562131228,2,3120.0,1700.0,300.0,290.0,30.0,2030.0,1060.0,65.06,599950,690000,674500,675500,725000,627000.0,,20.84,52.0,48.0,20.0,0.0,6.0,11.0,0.0,4.0,0.0,32.0,17.0,16.7,5.4,1.0,0.07,5.0,5.0,0.0
E02000934,Wandsworth 012,Clapham Junction & East Hill,E09000032,Wandsworth,E14001081,Battersea,4196.0,572.0,1004.0,79.0,761.0,1777.0,3.0,8816.0,6577.0,50.0,2025.0,164.0,742.0,1144.0,2114.0,173.0,24.0,7833.0,37.56,42.35,18.14,25.4,4.69,17.68,39.7819484505,42.2810786327,6a,4870.0,2800.0,250.0,640.0,390.0,3720.0,1100.0,76.39,575000,600000,645250,625000,668750,510000.0,,16.3,103.0,85.0,32.0,1.0,521.0,25.0,0.0,4.0,7.0,582.0,546.0,21.1,112.1,10.0,9.98,1766.0,1896.0,1540.0
E02000932,Wandsworth 010,Putney Town & Wandsworth Park,E09000032,Wandsworth,E14001434,Putney,5930.0,997.0,1547.0,283.0,493.0,2608.0,2.0,12689.0,9532.0,87.0,2833.0,237.0,999.0,2072.0,2622.0,214.0,19.0,10991.0,42.9,43.98,8.31,24.88,3.93,16.85,19.1573411969,19.7879102406,4,7960.0,2810.0,1320.0,2850.0,1650.0,6630.0,1230.0,83.29,594250,589000,625000,595000,610000,561250.0,845000.0,2.65,2124.0,2099.0,67.0,799.0,1730.0,133.0,11.0,34.0,492.0,2185.0,1863.0,266.8,234.0,32.0,15.34,2915.0,3100.0,2090.0
E02000959,Wandsworth 037,Furzedown East,E09000032,Wandsworth,E14001550,Tooting,3104.0,451.0,831.0,33.0,627.0,1161.0,1.0,7753.0,6582.0,41.0,1032.0,98.0,565.0,831.0,1341.0,298.0,69.0,6158.0,41.3,37.4,20.2,15.1,11.82,18.2,8.31359967355,8.44158717825,2,3230.0,2060.0,110.0,60.0,50.0,2170.0,1060.0,67.18,450000,520000,459500,470000,450000,380000.0,,0.0,95.0,62.0,32.0,27.0,98.0,17.0,2.0,23.0,4.0,133.0,115.0,29.4,35.6,6.0,1.51,92.0,92.0,14.0
E02000942,Wandsworth 020,Southfields North,E09000032,Wandsworth,E14001434,Putney,3815.0,1026.0,1261.0,26.0,230.0,1270.0,2.0,9579.0,8005.0,63.0,1358.0,153.0,1584.0,962.0,1098.0,151.0,21.0,7692.0,59.95,33.29,6.03,16.43,4.51,41.52,9.45193371903,9.61601764219,2,4080.0,2420.0,100.0,120.0,50.0,1880.0,2190.0,46.08,805000,920000,847500,837750,880000,535000.0,,9.32,95.0,63.0,48.0,0.0,23.0,23.0,0.0,12.0,12.0,89.0,46.0,23.3,11.3,4.0,0.35,25.0,25.0,0.0
E02000940,Wandsworth 018,Wandsworth South,E09000032,Wandsworth,E14001434,Putney,4214.0,446.0,1053.0,124.0,992.0,1595.0,4.0,9213.0,7466.0,34.0,1513.0,200.0,399.0,1200.0,2176.0,377.0,61.0,7758.0,35.57,37.85,23.54,18.96,10.39,9.47,12.3368693596,10.849813237,3,4520.0,1110.0,670.0,790.0,240.0,3830.0,670.0,84.73,375000,483500,455000,448000,436750,410175.0,,16.47,171.0,148.0,37.0,21.0,301.0,15.0,0.0,38.0,105.0,192.0,316.0,37.8,69.9,7.0,5.9,1216.0,1260.0,937.0
E02000946,Wandsworth 024,Earlsfield South,E09000032,Wandsworth,E14001550,Tooting,3107.0,458.0,948.0,51.0,597.0,1048.0,5.0,8330.0,6504.0,28.0,1684.0,114.0,711.0,1008.0,1164.0,188.0,37.0,7010.0,45.25,33.73,19.21,21.92,7.24,22.88,7.4092730956,6.84026355803,2,3610.0,1810.0,240.0,350.0,340.0,2580.0,1020.0,71.47,542900,635000,572500,617500,615000,555000.0,,13.28,57.0,53.0,24.0,14.0,850.0,0.0,0.0,4.0,16.0,881.0,850.0,15.8,235.5,3.0,2.2800000000000002,414.0,446.0,0.0
E02000957,Wandsworth 035,Tooting East,E09000032,Wandsworth,E14001550,Tooting,4421.0,699.0,1052.0,87.0,650.0,1928.0,5.0,10716.0,8519.0,84.0,1890.0,223.0,695.0,1252.0,2001.0,381.0,91.0,8971.0,39.61,43.61,14.7,20.5,10.68,15.72,23.7164134011,24.258462261,5,4730.0,3340.0,170.0,360.0,60.0,3280.0,1440.0,69.34,495000,530000,495500,541000,507500,430000.0,,2.53,196.0,179.0,63.0,57.0,52.0,86.0,5.0,47.0,57.0,264.0,138.0,41.4,29.2,10.0,1.07,110.0,130.0,10.0
E02000933,Wandsworth 011,Putney West,E09000032,Wandsworth,E14001434,Putney,3928.0,1069.0,1022.0,37.0,397.0,1393.0,10.0,8790.0,7354.0,40.0,1243.0,153.0,1155.0,1202.0,1403.0,153.0,18.0,7343.0,53.23,35.46,10.11,16.34,4.35,29.4,9.62739802707,8.12233504715,2,4220.0,1390.0,240.0,250.0,10.0,2610.0,1560.0,61.85,642500,639500,645000,625000,600000,475000.0,,-6.61,30.0,19.0,31.0,3.0,12.0,7.0,1.0,5.0,17.0,36.0,19.0,7.1,4.5,1.0,0.46,9.0,9.0,9.0
E02000941,Wandsworth 019,Earlsfield North,E09000032,Wandsworth,E14001550,Tooting,4136.0,763.0,1471.0,29.0,586.0,1285.0,2.0,9992.0,8251.0,25.0,1579.0,137.0,1386.0,1082.0,1460.0,186.0,26.0,8050.0,54.01,31.07,14.17,17.42,5.13,33.51,10.9357242159,7.9594920594,3,4350.0,3430.0,80.0,180.0,120.0,2530.0,1790.0,58.16,657500,680000,665000,645000,757225,595000.0,,15.17,79.0,57.0,32.0,14.0,13.0,35.0,9.0,18.0,10.0,96.0,48.0,18.2,11.0,3.0,0.22000000000000003,23.0,23.0,0.0
E02000954,Wandsworth 032,Upper Tooting,E09000032,Wandsworth,E14001550,Tooting,2250.0,580.0,640.0,23.0,258.0,748.0,1.0,6027.0,4848.0,61.0,1016.0,102.0,705.0,628.0,762.0,121.0,31.0,5036.0,54.22,33.24,11.47,19.56,6.76,31.33,12.5707828625,13.6638546475,3,2450.0,1530.0,50.0,50.0,50.0,870.0,1550.0,35.51,673000,779999,715000,765000,775000,586250.0,,15.16,85.0,83.0,19.0,18.0,18.0,34.0,2.0,32.0,4.0,63.0,52.0,34.7,21.2,3.0,0.11,17.0,17.0,5.0
E02000955,Wandsworth 033,Tooting North,E09000032,Wandsworth,E14001550,Tooting,2676.0,529.0,565.0,17.0,598.0,960.0,7.0,6824.0,5663.0,34.0,1048.0,79.0,566.0,767.0,1048.0,227.0,68.0,5621.0,40.88,35.87,22.35,17.01,11.02,21.15,16.14768821,17.2142900565,4,2820.0,2050.0,10.0,100.0,0.0,790.0,2020.0,28.01,530000,643175,601750,620000,625000,425000.0,,17.92,46.0,37.0,23.0,0.0,6.0,28.0,4.0,11.0,23.0,68.0,34.0,16.3,12.1,4.0,0.5499999999999999,32.0,32.0,17.0
E02000937,Wandsworth 015,Wandsworth Common,E09000032,Wandsworth,E14001081,Battersea,3127.0,680.0,1012.0,14.0,380.0,1040.0,1.0,8051.0,6667.0,62.0,1193.0,129.0,1164.0,779.0,1077.0,94.0,13.0,6185.0,54.11,33.26,12.15,17.19,3.42,37.22,12.8183109986,7.26891239462,3,3330.0,2500.0,60.0,60.0,10.0,1780.0,1540.0,53.45,855474,975000,778250,870000,1047500,775000.0,,22.45,51.0,20.0,33.0,0.0,6.0,10.0,1.0,3.0,12.0,37.0,16.0,15.3,4.8,2.0,0.25,25.0,26.0,0.0
E02000931,Wandsworth 009,Clapham Common West,E09000032,Wandsworth,E14001081,Battersea,3486.0,691.0,1156.0,8.0,294.0,1337.0,0.0,8686.0,6717.0,60.0,1714.0,195.0,1202.0,950.0,1213.0,108.0,10.0,7003.0,52.98,38.35,8.43,22.67,3.38,34.48,18.0671135821,11.445122605,4,3660.0,3440.0,50.0,40.0,10.0,2040.0,1580.0,55.74,902500,872500,1010000,826000,957500,768000.0,,6.09,48.0,26.0,29.0,0.0,6.0,6.0,0.0,2.0,6.0,29.0,12.0,13.1,3.3,1.0,0.63,59.0,59.0,59.0
E02000923,Wandsworth 001,Battersea Park,E09000032,Wandsworth,E14001081,Battersea,3469.0,925.0,637.0,57.0,460.0,1387.0,3.0,7439.0,5916.0,47.0,1300.0,176.0,649.0,1105.0,1452.0,239.0,24.0,6428.0,45.03,39.98,13.26,20.47,7.58,18.71,7.66853313571,7.7476761545,2,4130.0,1400.0,340.0,180.0,30.0,3660.0,450.0,88.62,760000,850000,902500,820000,800000,782500.0,,5.26,35.0,26.0,18.0,0.0,156.0,6.0,1.0,1.0,163.0,51.0,162.0,8.5,39.2,6.0,51.589999999999996,231.0,231.0,84.0
E02007084,Wandsworth 039,Queenstown Road & Patmore,E09000032,Wandsworth,E14001081,Battersea,4134.0,383.0,541.0,91.0,1694.0,1414.0,11.0,9810.0,7775.0,48.0,1803.0,184.0,343.0,990.0,2199.0,498.0,107.0,8060.0,22.35,34.2,40.98,20.74,14.63,8.3,13.7459455072,13.0699180937,3,4520.0,1010.0,500.0,470.0,170.0,4210.0,290.0,93.14,570000,495000,550000,515000,535000,500000.0,,-6.14,82.0,79.0,16.0,35.0,421.0,4.0,0.0,2.0,28.0,178.0,425.0,18.1,94.0,4.0,1.8800000000000001,333.0,334.0,253.0
E02000927,Wandsworth 005,Lavender Hill East,E09000032,Wandsworth,E14001081,Battersea,3232.0,399.0,592.0,16.0,1234.0,988.0,3.0,7023.0,5677.0,38.0,1186.0,122.0,487.0,1000.0,1482.0,227.0,37.0,6034.0,30.66,30.57,38.18,19.17,8.17,15.07,11.7091229585,12.2637546983,3,3460.0,2420.0,60.0,110.0,20.0,1900.0,1540.0,54.91,610000,715000,643750,652500,725000,495000.0,,18.85,61.0,56.0,24.0,18.0,5.0,12.0,0.0,9.0,7.0,27.0,17.0,17.6,4.9,1.0,0.06,5.0,5.0,0.0
E02000956,Wandsworth 034,Tooting West,E09000032,Wandsworth,E14001550,Tooting,3032.0,363.0,573.0,32.0,650.0,1402.0,12.0,7340.0,5749.0,94.0,1384.0,113.0,381.0,850.0,1477.0,259.0,65.0,6253.0,30.87,46.24,21.44,21.68,10.69,12.57,16.7312968541,17.2585990349,4,3350.0,2220.0,40.0,170.0,0.0,2360.0,950.0,70.45,500000,546250,535000,515000,541250,425000.0,,8.25,121.0,98.0,66.0,0.0,28.0,59.0,2.0,20.0,11.0,167.0,87.0,36.1,26.0,2.0,15.18,1176.0,1176.0,1176.0
E02000947,Wandsworth 025,Merton Road,E09000032,Wandsworth,E14001434,Putney,3920.0,775.0,1407.0,67.0,339.0,1330.0,2.0,9152.0,7536.0,37.0,1401.0,178.0,1166.0,1284.0,1293.0,144.0,32.0,7419.0,55.66,33.93,8.65,17.66,4.49,29.74,7.94428265793,8.25353742763,2,4130.0,2900.0,100.0,240.0,10.0,2440.0,1670.0,59.08,665000,770000,725000,710000,765000,596500.0,,15.04,25.0,15.0,18.0,0.0,1.0,7.0,23.0,10.0,9.0,44.0,8.0,6.1,1.9,4.0,0.93,50.0,53.0,22.0
E02000926,Wandsworth 004,St Mary's & Cotton Row,E09000032,Wandsworth,E14001081,Battersea,5551.0,794.0,1210.0,296.0,967.0,2283.0,1.0,11506.0,8854.0,78.0,2279.0,295.0,626.0,1800.0,2757.0,323.0,46.0,9937.0,36.1,41.13,17.42,23.05,6.65,11.28,18.8329556996,10.8974153066,4,7140.0,1110.0,1380.0,2410.0,830.0,6490.0,580.0,90.9,600000,600000,605000,535000,545000,515000.0,,-9.17,915.0,761.0,39.0,304.0,453.0,458.0,10.0,12.0,152.0,1532.0,911.0,128.2,127.6,19.0,5.41,1723.0,1952.0,888.0
E02000935,Wandsworth 013,Roehampton North West,E09000032,Wandsworth,E14001434,Putney,2434.0,291.0,227.0,15.0,1367.0,518.0,16.0,7285.0,5737.0,228.0,1053.0,267.0,321.0,456.0,1223.0,372.0,64.0,5563.0,21.28,21.28,56.16,21.25,17.91,13.19,4.10355912713,4.225629209,1b,2660.0,10.0,60.0,60.0,10.0,2280.0,350.0,85.71,385000,430000,320000,530000,425000,350000.0,,10.39,3.0,2.0,13.0,1.0,0.0,0.0,820.0,0.0,0.0,821.0,0.0,1.1,0.0,1.0,1.57,130.0,130.0,130.0
E02007083,Wandsworth 038,Nine Elms,E09000032,Wandsworth,E14001081,Battersea,4105.0,462.0,518.0,329.0,492.0,2302.0,2.0,7608.0,5305.0,66.0,1931.0,306.0,169.0,1370.0,2334.0,217.0,16.0,6682.0,23.87,56.08,11.99,30.27,5.68,4.12,14.2482249033,12.5771124304,3,10180.0,20.0,1160.0,8560.0,5360.0,10080.0,10.0,99.02,950000,1062475,1159000,1040000,892400,892400.0,1098351.0,-6.06,6592.0,5587.0,27.0,1380.0,23396.0,362.0,204.0,0.0,0.0,12437.0,23758.0,647.5,2333.8,16.0,60.34,12779.0,12839.0,1270.0
E02000945,Wandsworth 023,Roehampton South & Putney Vale,E09000032,Wandsworth,E14001434,Putney,2760.0,367.0,420.0,29.0,1151.0,788.0,5.0,7779.0,6537.0,130.0,923.0,189.0,481.0,588.0,1273.0,345.0,78.0,6074.0,28.51,28.55,41.7,15.97,15.33,17.43,4.92724666608,4.81893148694,1b,2970.0,210.0,120.0,100.0,50.0,2260.0,690.0,76.09,430000,476500,377500,350000,407000,350000.0,,-5.35,105.0,87.0,17.0,154.0,6.0,55.0,3.0,7.0,49.0,132.0,61.0,35.4,20.5,5.0,14.059999999999999,880.0,1133.0,0.0
E02000938,Wandsworth 016,Roehampton North East,E09000032,Wandsworth,E14001434,Putney,4345.0,835.0,1018.0,152.0,1266.0,1059.0,15.0,10648.0,9303.0,53.0,1135.0,157.0,913.0,1324.0,1680.0,363.0,65.0,8380.0,42.65,24.37,29.14,12.63,9.85,21.01,7.88850578427,7.2470072556,2,4620.0,100.0,250.0,530.0,0.0,3180.0,1430.0,68.83,606000,612500,585000,600000,620000,450000.0,,2.31,12.0,10.0,6.0,2.0,22.0,8.0,0.0,1.0,0.0,36.0,30.0,2.6,6.5,7.0,8.68,410.0,410.0,303.0
E02000928,Wandsworth 006,Putney Embankment & Lower Common,E09000032,Wandsworth,E14001434,Putney,3614.0,967.0,1050.0,16.0,364.0,1212.0,5.0,8252.0,6746.0,44.0,1333.0,129.0,1297.0,1040.0,1165.0,104.0,8.0,6806.0,55.81,33.54,10.07,18.25,3.1,35.89,11.4579846819,8.21800285888,3,3870.0,2650.0,80.0,60.0,20.0,2160.0,1660.0,55.81,800000,947500,1044370,828750,1072500,625000.0,,34.06,49.0,47.0,28.0,9.0,28.0,20.0,0.0,8.0,0.0,71.0,48.0,12.7,12.4,2.0,0.15,15.0,18.0,0.0
E02000950,Wandsworth 028,West Hill South,E09000032,Wandsworth,E14001434,Putney,3107.0,665.0,750.0,16.0,523.0,1146.0,7.0,7509.0,6298.0,40.0,1011.0,160.0,700.0,936.0,1194.0,230.0,50.0,6058.0,45.54,36.88,16.83,16.13,9.01,22.53,7.52706289674,8.23008935812,2,3370.0,260.0,110.0,20.0,0.0,2470.0,880.0,73.29,450000,476350,460000,466550,435000,413500.0,,-3.33,1.0,0.0,2.0,0.0,49.0,7.0,0.0,0.0,0.0,7.0,56.0,0.3,16.6,1.0,0.05,6.0,6.0,0.0
E02000944,Wandsworth 022,West Hill North,E09000032,Wandsworth,E14001434,Putney,2889.0,360.0,526.0,43.0,983.0,973.0,4.0,7533.0,6438.0,30.0,899.0,166.0,392.0,807.0,1333.0,296.0,61.0,5924.0,30.67,33.68,34.03,14.54,12.36,13.57,7.78288861593,7.49921689961,2,3110.0,60.0,420.0,170.0,90.0,2530.0,560.0,81.35,517500,411250,445000,420000,430000,385000.0,,-16.91,152.0,40.0,8.0,6.0,13.0,27.0,0.0,8.0,0.0,66.0,40.0,48.9,12.9,3.0,0.39,24.0,24.0,0.0
E02000971,Westminster 012,Bryanston & Dorset Square,E09000033,Westminster,E14001172,Cities of London and Westminster,3720.0,628.0,392.0,28.0,371.0,2299.0,2.0,7383.0,5127.0,140.0,1522.0,594.0,539.0,1122.0,1826.0,184.0,51.0,6665.0,27.42,61.8,9.97,30.56,6.32,14.49,55.2960422646,58.2019798947,6b,5590.0,3030.0,240.0,260.0,120.0,5050.0,420.0,90.34,1180000,1399999,1392500,1223000,1117500,975000.0,,-5.3,142.0,132.0,39.0,9.0,79.0,38.0,15.0,18.0,22.0,119.0,117.0,25.4,20.9,11.0,2.728715,0.0,0.0,0.0
E02000967,Westminster 008,Regent's Park,E09000033,Westminster,E14001172,Cities of London and Westminster,3014.0,716.0,418.0,22.0,197.0,1657.0,4.0,5994.0,4184.0,86.0,998.0,726.0,479.0,992.0,1387.0,140.0,18.0,5331.0,37.62,54.98,6.54,30.2,5.24,15.89,28.0098659051,25.4278510953,6a,4670.0,2110.0,360.0,200.0,10.0,4300.0,300.0,92.08,1250000,1150000,1040000,1010000,995000,912500.0,,-20.4,36.0,32.0,11.0,14.0,8.0,26.0,1.0,7.0,5.0,61.0,34.0,7.7,7.3,2.0,0.131762,0.0,0.0,0.0
E02000982,Westminster 023,Victoria,E09000033,Westminster,E14001172,Cities of London and Westminster,3844.0,467.0,326.0,58.0,1824.0,1155.0,14.0,7577.0,6440.0,66.0,834.0,237.0,361.0,899.0,2173.0,346.0,65.0,6384.0,20.63,30.05,47.45,15.01,10.69,9.39,42.0181177295,43.1159161879,6b,4870.0,1730.0,670.0,510.0,190.0,4220.0,440.0,86.65,950000,1325000,1450000,1229450,851500,640000.0,,-10.37,110.0,106.0,9.0,0.0,1289.0,78.0,1.0,2.0,0.0,665.0,1367.0,22.6,280.7,13.0,11.875174,0.0,0.0,0.0
E02000983,Westminster 024,Pimlico South,E09000033,Westminster,E14001172,Cities of London and Westminster,3760.0,484.0,310.0,19.0,1517.0,1412.0,18.0,7635.0,6394.0,55.0,962.0,224.0,340.0,887.0,2068.0,377.0,85.0,6457.0,21.12,37.55,40.35,16.25,12.29,9.04,19.0243906986,14.6009733694,4,4970.0,1110.0,60.0,340.0,260.0,4730.0,130.0,95.17,752500,837500,600000,612500,631000,613500.0,,-16.15,22.0,7.0,11.0,1.0,15.0,1.0,31.0,4.0,1.0,60.0,16.0,4.4,3.2,6.0,1.2492839999999998,0.0,0.0,0.0
E02000960,Westminster 001,St John's Wood North,E09000033,Westminster,E14001172,Cities of London and Westminster,2782.0,707.0,368.0,12.0,360.0,1331.0,4.0,6101.0,4893.0,42.0,811.0,355.0,606.0,830.0,1189.0,140.0,15.0,5082.0,38.64,47.84,12.94,19.8,5.57,21.78,10.4400327648,8.94190668923,3,3620.0,870.0,20.0,20.0,20.0,3060.0,530.0,84.53,1150000,1303500,1067500,1012500,1250000,635000.0,,8.7,28.0,13.0,14.0,3.0,193.0,6.0,2.0,5.0,0.0,28.0,199.0,7.7,55.0,8.0,3.358801,0.0,0.0,0.0
E02000961,Westminster 002,Abbey Road,E09000033,Westminster,E14001172,Cities of London and Westminster,4068.0,762.0,598.0,11.0,937.0,1748.0,12.0,9717.0,7494.0,43.0,1869.0,311.0,772.0,1077.0,1765.0,347.0,109.0,7749.0,33.43,42.97,23.03,22.88,11.21,18.98,18.8408981742,18.8158740704,4,4530.0,1970.0,20.0,290.0,280.0,3640.0,810.0,80.35,1170000,980199,1025000,840000,895000,675000.0,,-23.5,321.0,209.0,46.0,258.0,9.0,24.0,7.0,1.0,3.0,158.0,33.0,70.9,7.3,12.0,3.973201,0.0,0.0,0.0
E02000973,Westminster 014,Westbourne Grove,E09000033,Westminster,E14001310,Kensington and Bayswater,4797.0,870.0,654.0,29.0,1154.0,2086.0,4.0,9859.0,7867.0,113.0,1526.0,353.0,550.0,1149.0,2671.0,301.0,126.0,8659.0,31.77,43.49,24.06,20.2,8.9,11.47,22.0701025183,18.6478430434,5,5720.0,4330.0,210.0,110.0,50.0,4950.0,650.0,86.54,740000,870000,910000,972488,757500,700000.0,,2.36,64.0,53.0,47.0,33.0,14.0,22.0,1.0,5.0,6.0,44.0,36.0,11.2,6.3,7.0,7.31516,0.0,0.0,0.0
E02000976,Westminster 017,Queensway,E09000033,Westminster,E14001310,Kensington and Bayswater,4214.0,707.0,462.0,11.0,564.0,2455.0,15.0,8361.0,6014.0,127.0,1637.0,583.0,482.0,1067.0,2336.0,271.0,56.0,7403.0,27.74,58.26,13.38,28.07,7.76,11.44,31.8046061096,28.8197983818,6a,5890.0,2700.0,30.0,320.0,190.0,5390.0,400.0,91.51,789500,682500,1250000,1100000,900000,721132.0,,14.0,314.0,128.0,31.0,22.0,40.0,112.0,40.0,11.0,8.0,376.0,152.0,53.3,25.8,22.0,6.878678,0.0,0.0,0.0
E02000968,Westminster 009,Church Street,E09000033,Westminster,E14001435,Queen's Park and Maida Vale,5617.0,472.0,315.0,38.0,3248.0,1471.0,73.0,14340.0,12526.0,79.0,1419.0,316.0,412.0,1002.0,2962.0,889.0,352.0,11621.0,14.01,26.19,57.82,12.65,22.09,7.33,32.5282502833,33.2931871141,6a,7080.0,1370.0,570.0,1120.0,1060.0,6650.0,270.0,93.93,672000,1000000,1095000,625000,551000,542250.0,,-18.01,1095.0,386.0,26.0,287.0,1337.0,24.0,6.0,28.0,31.0,1579.0,1361.0,154.7,192.2,30.0,17.511989,0.0,0.0,0.0
E02000964,Westminster 005,Maida Hill,E09000033,Westminster,E14001435,Queen's Park and Maida Vale,5358.0,423.0,661.0,47.0,2613.0,1599.0,15.0,12018.0,10349.0,61.0,1378.0,230.0,322.0,1182.0,2978.0,693.0,183.0,9991.0,20.23,29.84,48.77,13.89,16.35,6.01,18.5086358172,18.3795094154,4,5910.0,4280.0,210.0,180.0,80.0,5360.0,450.0,90.69,530000,550025,575000,569000,557500,537500.0,,5.19,104.0,83.0,34.0,43.0,13.0,17.0,2.0,6.0,13.0,70.0,30.0,17.6,5.1,4.0,0.74,0.0,0.0,0.0
E02000962,Westminster 003,St John's Wood South,E09000033,Westminster,E14001172,Cities of London and Westminster,3859.0,698.0,398.0,14.0,797.0,1940.0,12.0,7649.0,5985.0,65.0,1068.0,531.0,494.0,1028.0,2026.0,259.0,52.0,6601.0,28.4,50.27,20.65,21.75,8.06,12.8,17.9395837101,17.9480344394,4,5220.0,1150.0,390.0,410.0,360.0,4880.0,330.0,93.49,923371,1282500,650000,698500,735000,735000.0,,-20.4,251.0,203.0,14.0,179.0,11.0,7.0,1.0,0.0,8.0,206.0,18.0,48.1,3.4,7.0,2.05527,0.0,0.0,0.0
E02000980,Westminster 021,Millbank,E09000033,Westminster,E14001172,Cities of London and Westminster,4324.0,665.0,435.0,53.0,1847.0,1308.0,16.0,8670.0,7189.0,83.0,1135.0,263.0,328.0,1094.0,2430.0,383.0,88.0,7527.0,25.44,30.25,42.72,17.08,10.89,7.59,28.6694191502,27.7030686219,6a,5600.0,1180.0,810.0,610.0,0.0,5400.0,120.0,96.43,720000,745000,725000,670000,725000,725000.0,,0.69,15.0,5.0,6.0,4.0,31.0,149.0,4.0,20.0,6.0,185.0,180.0,2.7,32.1,7.0,4.296145,0.0,0.0,0.0
E02000981,Westminster 022,Pimlico North,E09000033,Westminster,E14001172,Cities of London and Westminster,4157.0,694.0,575.0,34.0,1141.0,1711.0,2.0,8211.0,6302.0,76.0,1490.0,343.0,447.0,1167.0,2280.0,227.0,36.0,7412.0,30.53,41.16,27.45,23.25,6.33,10.75,40.4460182568,39.5009306968,6b,5210.0,4450.0,360.0,10.0,0.0,4610.0,480.0,88.48,845000,817750,740000,750000,685025,670750.0,,-18.93,16.0,15.0,17.0,0.0,9.0,9.0,3.0,7.0,1.0,28.0,18.0,3.1,3.5,1.0,0.273115,0.0,0.0,0.0
E02000979,Westminster 020,Central Westminster,E09000033,Westminster,E14001172,Cities of London and Westminster,3927.0,676.0,381.0,27.0,1134.0,1708.0,1.0,8039.0,6289.0,118.0,1228.0,404.0,501.0,1169.0,2012.0,211.0,34.0,6902.0,26.92,43.49,28.88,21.77,6.24,12.76,48.8382330918,47.5731187681,6b,6370.0,2290.0,670.0,1690.0,720.0,5900.0,240.0,92.62,1450000,1680000,1500000,1005000,887000,875000.0,2857642.0,-38.83,732.0,225.0,32.0,51.0,487.0,4.0,9.0,15.0,17.0,171.0,491.0,114.9,77.1,22.0,5.482386,0.0,0.0,0.0
E02000972,Westminster 013,Fitzrovia West & Soho,E09000033,Westminster,E14001172,Cities of London and Westminster,4257.0,507.0,305.0,41.0,1183.0,2207.0,14.0,7837.0,5806.0,161.0,1242.0,628.0,295.0,1037.0,2589.0,276.0,58.0,7172.0,19.07,51.84,27.79,25.92,7.85,6.93,68.6392613165,69.4899063202,6b,6840.0,3250.0,400.0,1470.0,440.0,6550.0,100.0,95.76,1075000,1700000,1650000,1295000,942500,933750.0,,-12.33,498.0,461.0,65.0,27.0,76.0,43.0,16.0,12.0,5.0,171.0,119.0,72.8,17.4,31.0,5.833065,0.0,0.0,0.0
E02000975,Westminster 016,Bayswater East,E09000033,Westminster,E14001310,Kensington and Bayswater,3802.0,641.0,467.0,23.0,351.0,2311.0,9.0,7336.0,5112.0,149.0,1589.0,486.0,342.0,1058.0,2096.0,238.0,68.0,6667.0,29.14,60.78,9.23,30.32,8.05,9.0,43.3694212998,43.9790391705,6b,5060.0,3710.0,330.0,40.0,10.0,4660.0,290.0,92.09,840000,980000,985000,880000,747500,700000.0,,-11.01,69.0,60.0,23.0,0.0,1.0,619.0,48.0,857.0,6.0,705.0,620.0,13.6,122.5,6.0,0.928708,0.0,0.0,0.0
E02000966,Westminster 007,Little Venice,E09000033,Westminster,E14001435,Queen's Park and Maida Vale,4113.0,887.0,755.0,11.0,540.0,1917.0,3.0,9165.0,7442.0,48.0,1345.0,330.0,671.0,1330.0,1819.0,248.0,42.0,7832.0,39.92,46.61,13.13,18.8,7.05,16.31,22.2616607782,18.8399705839,5,4960.0,3720.0,110.0,70.0,50.0,4370.0,490.0,88.1,1043750,1000000,1198000,870000,925000,880000.0,,-11.38,21.0,16.0,24.0,0.0,9.0,1.0,0.0,4.0,0.0,18.0,10.0,4.2,2.0,2.0,0.37010000000000004,0.0,0.0,0.0
E02000963,Westminster 004,Queen's Park Gardens,E09000033,Westminster,E14001435,Queen's Park and Maida Vale,4135.0,397.0,491.0,46.0,2311.0,872.0,18.0,10409.0,9393.0,41.0,845.0,130.0,339.0,1003.0,1950.0,624.0,220.0,8361.0,21.48,21.09,55.89,9.76,20.41,8.2,16.5282489626,16.4939460542,4,4310.0,2860.0,220.0,160.0,80.0,2500.0,1650.0,58.0,717500,900000,740000,795000,750000,515000.0,,4.53,147.0,32.0,16.0,55.0,29.0,3.0,24.0,4.0,0.0,119.0,32.0,34.1,7.4,7.0,0.866563,0.0,0.0,0.0
E02000970,Westminster 011,Marylebone & Park Lane,E09000033,Westminster,E14001172,Cities of London and Westminster,3555.0,731.0,383.0,14.0,386.0,2039.0,2.0,6775.0,5152.0,77.0,1078.0,468.0,646.0,1179.0,1568.0,141.0,21.0,6053.0,31.34,57.36,10.86,23.96,4.56,18.17,55.4133559479,56.1882010761,6b,7030.0,3820.0,370.0,540.0,310.0,6330.0,560.0,90.04,1800000,1900430,2763125,2000000,1685000,1550000.0,4850000.0,-6.39,345.0,327.0,92.0,25.0,75.0,45.0,17.0,6.0,6.0,146.0,120.0,49.1,17.1,12.0,2.71625,0.0,0.0,0.0
E02000965,Westminster 006,Maida Vale,E09000033,Westminster,E14001435,Queen's Park and Maida Vale,3623.0,537.0,689.0,15.0,625.0,1751.0,6.0,7762.0,6027.0,74.0,1422.0,239.0,397.0,1221.0,1709.0,247.0,49.0,6698.0,33.84,48.33,17.25,22.35,8.17,10.96,14.9619693971,14.3837283934,3,4220.0,3770.0,30.0,80.0,60.0,4010.0,150.0,95.02,810000,800000,766111,830000,830000,825000.0,,2.47,64.0,45.0,21.0,0.0,9.0,8.0,4.0,20.0,17.0,35.0,17.0,15.2,4.0,4.0,0.415585,0.0,0.0,0.0
E02000974,Westminster 015,Paddington & St George's Fields,E09000033,Westminster,E14001172,Cities of London and Westminster,3981.0,728.0,414.0,53.0,650.0,2133.0,3.0,8606.0,6017.0,145.0,1661.0,783.0,594.0,999.0,2024.0,255.0,106.0,7551.0,28.69,53.58,16.33,30.08,9.07,14.92,43.9835268842,43.4209747151,6b,6730.0,1800.0,750.0,1170.0,580.0,5920.0,680.0,87.96,1023750,1137500,985000,810000,860890,750000.0,,-15.91,285.0,282.0,24.0,213.0,347.0,20.0,4.0,33.0,9.0,44.0,367.0,42.3,54.5,9.0,3.466895,0.0,0.0,0.0
E02000978,Westminster 019,"Knightsbridge, Belgravia & Hyde Park",E09000033,Westminster,E14001172,Cities of London and Westminster,2764.0,957.0,401.0,14.0,87.0,1303.0,2.0,7071.0,5074.0,120.0,1236.0,641.0,981.0,954.0,737.0,74.0,18.0,6121.0,49.13,47.14,3.15,28.24,3.33,35.49,26.174379558,23.8458105358,6a,6020.0,4050.0,460.0,150.0,20.0,4210.0,1740.0,69.93,2450000,3300000,3175000,3000000,3125000,2735000.0,,27.55,77.0,62.0,47.0,0.0,24.0,23.0,6.0,6.0,0.0,79.0,47.0,12.8,7.8,6.0,4.260185,0.0,0.0,0.0
E02000977,Westminster 018,"Strand, St James & Mayfair",E09000033,Westminster,E14001172,Cities of London and Westminster,3432.0,561.0,254.0,13.0,821.0,1781.0,2.0,6339.0,4452.0,158.0,1223.0,506.0,400.0,964.0,1883.0,167.0,21.0,5836.0,23.75,51.89,23.92,29.77,5.48,11.66,65.1660893258,62.1761993481,6b,7560.0,3970.0,380.0,1370.0,610.0,7060.0,260.0,93.39,1886250,1975000,2300000,1525000,1775000,1600000.0,,-5.9,477.0,416.0,85.0,14.0,297.0,428.0,17.0,9.0,19.0,557.0,725.0,63.1,95.9,36.0,8.200525,0.0,0.0,0.0
E02000969,Westminster 010,Westbourne,E09000033,Westminster,E14001435,Queen's Park and Maida Vale,3720.0,302.0,293.0,66.0,2154.0,872.0,33.0,9526.0,8340.0,43.0,939.0,204.0,244.0,678.0,1995.0,621.0,180.0,7532.0,15.99,23.44,57.9,12.45,21.53,6.56,19.5580590219,17.1645132184,4,4250.0,540.0,380.0,330.0,210.0,4200.0,40.0,98.82,519998,548000,535000,480000,600000,600000.0,,15.39,202.0,202.0,6.0,131.0,2.0,141.0,93.0,0.0,26.0,348.0,143.0,47.5,33.6,14.0,4.133121,0.0,0.0,0.0
